trade_hour,trade_day_of_week,trade_month,trade_quarter,macro_events_1d,macro_events_3d,macro_events_7d,high_impact_events_1d,high_impact_events_3d,high_impact_events_7d,avg_surprise_1d,avg_surprise_3d,avg_surprise_7d,positive_surprises_7d,negative_surprises_7d,cpi_events_7d,fomc_events_7d,employment_events_7d,latest_macro_surprise,days_since_macro_event,strategy_id,symbol,fast_window,slow_window,position,trade_id,entry_time,target_pnl,target_return_pct,target_win
0,3,2,1,0,0,0,0,0,0,0.0,0.0,0.0,0,0,0,0,0,0.0,999.0,SMA_5_20,SPY,5,20,1,64bf99e3-8bee-446f-be59-d4b87f9522fd,2000-02-10 00:00:00+00:00,0.13671062137467516,0.0015443338807349474,1
0,4,2,1,0,0,0,0,0,0,0.0,0.0,0.0,0,0,0,0,0,0.0,999.0,SMA_5_20,SPY,5,20,-1,672d0576-855e-4cdf-936d-99ec4d977041,2000-02-11 00:00:00+00:00,1.1524939414466076,0.012998924307257787,1
0,1,3,1,0,0,0,0,0,0,0.0,0.0,0.0,0,0,0,0,0,0.0,999.0,SMA_5_20,SPY,5,20,1,c693a376-94b6-4e3d-83c3-4f06390aab36,2000-03-07 00:00:00+00:00,4.902720509934298,0.0560258267448326,1
0,4,3,1,0,0,0,0,0,0,0.0,0.0,0.0,0,0,0,0,0,0.0,999.0,SMA_10_30,SPY,10,30,1,25e199ce-dee1-4d49-b286-5b4dab9437e5,2000-03-17 00:00:00+00:00,-0.8224501202914212,-0.009001018190910617,0
0,4,3,1,0,0,0,0,0,0,0.0,0.0,0.0,0,0,0,0,0,0.0,999.0,SMA_20_50,SPY,20,50,1,b239b6bd-1246-486a-9508-5af94d103d71,2000-03-24 00:00:00+00:00,-6.148976242621529,-0.06418639443104805,0
0,3,4,2,0,0,0,0,0,0,0.0,0.0,0.0,0,0,0,0,0,0.0,999.0,SMA_5_20,SPY,5,20,-1,33d3a954-170a-44c5-b5af-f10685c955e8,2000-04-13 00:00:00+00:00,1.233697160943379,0.013350119816762925,1
0,2,4,2,0,0,0,0,0,0,0.0,0.0,0.0,0,0,0,0,0,0.0,999.0,SMA_10_30,SPY,10,30,-1,5f32e4e1-4035-4fa6-a53d-1a23b096c9f9,2000-04-19 00:00:00+00:00,-1.879984446003192,-0.02076170991929302,0
0,1,5,2,0,0,0,0,0,0,0.0,0.0,0.0,0,0,0,0,0,0.0,999.0,SMA_5_20,SPY,5,20,1,d45b47a8-1b94-495a-9ea0-37bd43b7092d,2000-05-02 00:00:00+00:00,-0.9400035595960219,-0.010309628804001379,0
0,2,5,2,0,0,0,0,0,0,0.0,0.0,0.0,0,0,0,0,0,0.0,999.0,SMA_5_20,SPY,5,20,-1,3557eb82-85d1-49ce-9b5b-44810bfd69fb,2000-05-03 00:00:00+00:00,-1.0183188672333898,-0.011284906784840424,0
0,1,5,2,0,0,0,0,0,0,0.0,0.0,0.0,0,0,0,0,0,0.0,999.0,SMA_20_50,SPY,20,50,-1,d43cf340-1560-4ace-b9e6-f96fba1aef85,2000-05-09 00:00:00+00:00,-3.43022475678157,-0.03826250395413227,0
0,3,5,2,0,0,0,0,0,0,0.0,0.0,0.0,0,0,0,0,0,0.0,999.0,SMA_5_20,SPY,5,20,1,547a26f7-3c55-450c-80cb-8047cf4829a3,2000-05-18 00:00:00+00:00,-3.2507440909014207,-0.035622421815744675,0
0,1,5,2,0,0,0,0,0,0,0.0,0.0,0.0,0,0,0,0,0,0.0,999.0,SMA_5_20,SPY,5,20,-1,b877183a-2c7c-497d-832c-e7bac170beeb,2000-05-23 00:00:00+00:00,-4.406126858693028,-0.050066882790345726,0
0,0,6,2,0,0,0,0,0,0,0.0,0.0,0.0,0,0,0,0,0,0.0,999.0,SMA_5_20,SPY,5,20,1,81de7b44-e64c-46b4-a88c-e13a6082b054,2000-06-05 00:00:00+00:00,-0.9405872762653615,-0.01017831045538067,0
0,3,6,2,0,0,0,0,0,0,0.0,0.0,0.0,0,0,0,0,0,0.0,999.0,SMA_10_30,SPY,10,30,1,2fdb02ef-4af0-4079-b2fb-40023d240b27,2000-06-08 00:00:00+00:00,1.3364465691535514,0.014458927908918201,1
0,1,6,2,0,0,0,0,0,0,0.0,0.0,0.0,0,0,0,0,0,0.0,999.0,SMA_20_50,SPY,20,50,1,74e3f20c-19c1-45a7-956c-f9692327b664,2000-06-20 00:00:00+00:00,-0.25520577141368506,-0.00274178964572298,0
0,2,6,2,0,0,0,0,0,0,0.0,0.0,0.0,0,0,0,0,0,0.0,999.0,SMA_5_20,SPY,5,20,-1,1883f0e6-c55a-405c-b0ff-9f01198b0873,2000-06-28 00:00:00+00:00,-1.1581877210866196,-0.012661891394269043,0
0,1,7,3,0,0,0,0,0,0,0.0,0.0,0.0,0,0,0,0,0,0.0,999.0,SMA_5_20,SPY,5,20,1,12a2652c-621c-4123-9c90-b9c1e16fd450,2000-07-11 00:00:00+00:00,-0.961886064045359,-0.010384337474771814,0
0,2,7,3,0,0,0,0,0,0,0.0,0.0,0.0,0,0,0,0,0,0.0,999.0,SMA_10_30,SPY,10,30,-1,e051cb76-7e88-4287-b554-ff2aa9f621e1,2000-07-12 00:00:00+00:00,-0.4416365482789928,-0.004709936264522536,0
0,3,7,3,0,0,0,0,0,0,0.0,0.0,0.0,0,0,0,0,0,0.0,999.0,SMA_10_30,SPY,10,30,1,e3dd8eae-7769-4403-94df-b0f60faffbf3,2000-07-13 00:00:00+00:00,-3.9944570966516437,-0.04240012011676018,0
0,3,7,3,0,0,0,0,0,0,0.0,0.0,0.0,0,0,0,0,0,0.0,999.0,SMA_5_20,SPY,5,20,-1,a5b9185a-5cfd-49c2-b133-37a6eef5ebed,2000-07-27 00:00:00+00:00,-1.0010782667233826,-0.010920854820484322,0
0,1,8,3,0,0,0,0,0,0,0.0,0.0,0.0,0,0,0,0,0,0.0,999.0,SMA_10_30,SPY,10,30,-1,225da055-c9e4-4727-bda2-a4dc4ce5974f,2000-08-01 00:00:00+00:00,-3.5724162092518696,-0.03959928043439598,0
0,3,8,3,0,0,0,0,0,0,0.0,0.0,0.0,0,0,0,0,0,0.0,999.0,SMA_5_20,SPY,5,20,1,5b5d9327-fb69-4092-8fe1-b8f183edb953,2000-08-10 00:00:00+00:00,1.3936698636995288,0.015039429211865607,1
0,0,8,3,0,0,0,0,0,0,0.0,0.0,0.0,0,0,0,0,0,0.0,999.0,SMA_20_50,SPY,20,50,-1,e7930217-e2eb-49c7-a3a8-5a1bfdad47cd,2000-08-14 00:00:00+00:00,-2.119893030685006,-0.02283757396594674,0
0,2,8,3,0,0,0,0,0,0,0.0,0.0,0.0,0,0,0,0,0,0.0,999.0,SMA_10_30,SPY,10,30,1,d6cc8894-9e64-4754-a49e-6074eba5c458,2000-08-16 00:00:00+00:00,-2.401254843527795,-0.02560339325253836,0
0,4,8,3,0,0,0,0,0,0,0.0,0.0,0.0,0,0,0,0,0,0.0,999.0,SMA_20_50,SPY,20,50,1,7e0880c1-1c43-4ec1-9ad2-d3c920686d4f,2000-08-25 00:00:00+00:00,-4.779376428777539,-0.05033853634673982,0
0,1,9,3,0,0,0,0,0,0,0.0,0.0,0.0,0,0,0,0,0,0.0,999.0,SMA_5_20,SPY,5,20,-1,61e1a751-b290-47d0-bc64-6fbd9f3be42d,2000-09-12 00:00:00+00:00,4.486445952970712,0.04769698992598102,1
0,1,9,3,0,0,0,0,0,0,0.0,0.0,0.0,0,0,0,0,0,0.0,999.0,SMA_10_30,SPY,10,30,-1,21e3dabc-e83c-4801-bc4f-41ea2c44b033,2000-09-19 00:00:00+00:00,1.239686882780589,0.013565490948092424,1
0,3,9,3,0,0,0,0,0,0,0.0,0.0,0.0,0,0,0,0,0,0.0,999.0,SMA_20_50,SPY,20,50,-1,7451ea07-c30a-4291-857d-9a913d9b57e1,2000-09-28 00:00:00+00:00,3.3790215863410538,0.03747585047552079,1
0,2,10,4,0,0,0,0,0,0,0.0,0.0,0.0,0,0,0,0,0,0.0,999.0,SMA_50_100,SPY,50,100,-1,e4fc0316-44f2-4440-a50d-0bc446a9451f,2000-10-18 00:00:00+00:00,5.78635056857614,0.06928592682024447,1
0,2,11,4,0,0,0,0,0,0,0.0,0.0,0.0,0,0,0,0,0,0.0,999.0,SMA_5_20,SPY,5,20,1,839b1288-aa68-481e-b5d8-6b29b67268c5,2000-11-01 00:00:00+00:00,-3.010755448233823,-0.03361157441287677,0
0,0,11,4,0,0,0,0,0,0,0.0,0.0,0.0,0,0,0,0,0,0.0,999.0,SMA_10_30,SPY,10,30,1,6ccf6b5a-018f-4306-bcf6-6a51172a3e7e,2000-11-06 00:00:00+00:00,-5.2147366762553276,-0.05784790510362013,0
0,1,11,4,0,0,0,0,0,0,0.0,0.0,0.0,0,0,0,0,0,0.0,999.0,SMA_5_20,SPY,5,20,-1,4fe47aff-535e-4e0c-8531-4209f1ba650b,2000-11-14 00:00:00+00:00,-0.4525970425590202,-0.005228454909527886,0
0,1,11,4,0,0,0,0,0,0,0.0,0.0,0.0,0,0,0,0,0,0.0,999.0,SMA_10_30,SPY,10,30,-1,a8e195ee-0141-4b0b-8d38-188c1388502c,2000-11-21 00:00:00+00:00,-0.003944750252870222,-4.644658068321477e-05,0
0,1,12,4,0,0,0,0,0,0,0.0,0.0,0.0,0,0,0,0,0,0.0,999.0,SMA_5_20,SPY,5,20,1,b83e0afe-24a2-4023-af85-c38d5f8e42b3,2000-12-12 00:00:00+00:00,-5.7730604380262065,-0.0663442036860548,0
0,2,12,4,0,0,0,0,0,0,0.0,0.0,0.0,0,0,0,0,0,0.0,999.0,SMA_5_20,SPY,5,20,-1,8fe280a0-ee77-4594-8380-7922507d56f9,2000-12-20 00:00:00+00:00,-2.131727736349589,-0.026238670137083506,0
0,1,1,1,0,0,0,0,0,0,0.0,0.0,0.0,0,0,0,0,0,0.0,999.0,SMA_5_20,SPY,5,20,1,729014ca-8b08-49ab-9657-ac9da50ed109,2001-01-16 00:00:00+00:00,0.852723551353975,0.010227511259817511,1
0,1,1,1,0,0,0,0,0,0,0.0,0.0,0.0,0,0,0,0,0,0.0,999.0,SMA_10_30,SPY,10,30,1,f0509826-b0a0-4ff3-92eb-4394b072c631,2001-01-23 00:00:00+00:00,-2.191008534401533,-0.025796342413982768,0
0,2,1,1,0,0,0,0,0,0,0.0,0.0,0.0,0,0,0,0,0,0.0,999.0,SMA_20_50,SPY,20,50,1,2f7ced72-5008-49a7-9819-e31f73e74916,2001-01-31 00:00:00+00:00,-6.69528099598638,-0.0771467624920218,0
0,4,2,1,0,0,0,0,0,0,0.0,0.0,0.0,0,0,0,0,0,0.0,999.0,SMA_5_20,SPY,5,20,-1,ab830e43-c878-42c5-add1-6572834ba20e,2001-02-09 00:00:00+00:00,10.571530004519715,0.1255105878805701,1
0,4,2,1,0,0,0,0,0,0,0.0,0.0,0.0,0,0,0,0,0,0.0,999.0,SMA_10_30,SPY,10,30,-1,8113eadc-ae0e-4905-9a15-bc8f6d132c6f,2001-02-16 00:00:00+00:00,3.640541673907734,0.0439977345204018,1
0,1,2,1,0,0,0,0,0,0,0.0,0.0,0.0,0,0,0,0,0,0.0,999.0,SMA_20_50,SPY,20,50,-1,ee53f33a-bd87-417e-a371-b4d7578a5833,2001-02-27 00:00:00+00:00,0.20869521647767897,0.002605726028620108,1
0,3,4,2,0,0,0,0,0,0,0.0,0.0,0.0,0,0,0,0,0,0.0,999.0,SMA_5_20,SPY,5,20,1,b9542b49-6461-4a50-ad26-4034d194e5cb,2001-04-12 00:00:00+00:00,6.269972734443982,0.08512431176825572,1
0,4,4,2,0,0,0,0,0,0,0.0,0.0,0.0,0,0,0,0,0,0.0,999.0,SMA_10_30,SPY,10,30,1,290f6a5f-ec9b-4a03-9b81-f006e9eb05d6,2001-04-20 00:00:00+00:00,1.1463279019018557,0.014491530324234588,1
0,3,5,2,0,0,0,0,0,0,0.0,0.0,0.0,0,0,0,0,0,0.0,999.0,SMA_20_50,SPY,20,50,1,c738a8aa-09df-4b7d-b601-bbd981ef889e,2001-05-03 00:00:00+00:00,-1.5829229760774695,-0.019815688600847266,0
0,4,6,2,0,0,0,0,0,0,0.0,0.0,0.0,0,0,0,0,0,0.0,999.0,SMA_5_20,SPY,5,20,-1,c00abbc0-fe8f-4b91-9b09-7c176abec181,2001-06-01 00:00:00+00:00,2.9801005171431427,0.0372854492672196,1
0,0,6,2,0,0,0,0,0,0,0.0,0.0,0.0,0,0,0,0,0,0.0,999.0,SMA_10_30,SPY,10,30,-1,87ae1e85-21d6-4452-85fc-288008ec2ac0,2001-06-11 00:00:00+00:00,3.9572932564389305,0.04931229282572468,1
0,1,6,2,0,0,0,0,0,0,0.0,0.0,0.0,0,0,0,0,0,0.0,999.0,SMA_50_100,SPY,50,100,1,4f4912f4-dd43-42e2-a20b-838f90788929,2001-06-19 00:00:00+00:00,-1.4226677455386465,-0.01830321972285212,0
0,0,6,2,0,0,0,0,0,0,0.0,0.0,0.0,0,0,0,0,0,0.0,999.0,SMA_20_50,SPY,20,50,-1,95242086-be2f-4922-aba6-d69db5965527,2001-06-25 00:00:00+00:00,7.949332485000511,0.10152483698257407,1
0,4,7,3,0,0,0,0,0,0,0.0,0.0,0.0,0,0,0,0,0,0.0,999.0,SMA_5_20,SPY,5,20,1,62b37348-f18a-48b5-9e92-70a6b7720c1c,2001-07-20 00:00:00+00:00,0.41282643531492624,0.005365107536235914,1
0,0,7,3,0,0,0,0,0,0,0.0,0.0,0.0,0,0,0,0,0,0.0,999.0,SMA_5_20,SPY,5,20,-1,069600e8-8ff7-4e39-bcf8-698a6632ae71,2001-07-23 00:00:00+00:00,-0.9082332606602534,-0.011740444113248257,0
0,3,8,3,0,0,0,0,0,0,0.0,0.0,0.0,0,0,0,0,0,0.0,999.0,SMA_5_20,SPY,5,20,1,236f6c31-bcec-4e54-9864-b7cd4c7d8771,2001-08-02 00:00:00+00:00,-2.813641986498567,-0.03594900282911661,0
0,2,8,3,0,0,0,0,0,0,0.0,0.0,0.0,0,0,0,0,0,0.0,999.0,SMA_10_30,SPY,10,30,1,9c6c73ac-921d-48d3-8af6-e95b222fb887,2001-08-08 00:00:00+00:00,-0.8383839962583295,-0.010989098400139171,0
0,4,8,3,0,0,0,0,0,0,0.0,0.0,0.0,0,0,0,0,0,0.0,999.0,SMA_10_30,SPY,10,30,-1,9311da4c-c637-4692-82d3-323f7ce463a8,2001-08-10 00:00:00+00:00,5.454518147100714,0.07228936251194747,1
0,4,8,3,0,0,0,0,0,0,0.0,0.0,0.0,0,0,0,0,0,0.0,999.0,SMA_5_20,SPY,5,20,-1,47668e01-4cc9-4e5a-b0d8-ee393b6f1736,2001-08-10 00:00:00+00:00,7.080174008991307,0.09383436845941993,1
0,1,8,3,0,0,0,0,0,0,0.0,0.0,0.0,0,0,0,0,0,0.0,999.0,SMA_50_100,SPY,50,100,-1,c17ba7f6-41a7-4b03-bb82-f45c63166210,2001-08-14 00:00:00+00:00,2.7191565873727512,0.03563533609395359,1
0,4,10,4,0,0,0,0,0,0,0.0,0.0,0.0,0,0,0,0,0,0.0,999.0,SMA_5_20,SPY,5,20,1,b851c50c-27b1-44ad-a46b-3e550fe6b3bf,2001-10-05 00:00:00+00:00,-0.4143697334283587,-0.0060603602834304595,0
0,1,10,4,0,0,0,0,0,0,0.0,0.0,0.0,0,0,0,0,0,0.0,999.0,SMA_10_30,SPY,10,30,1,11edc5e7-43d8-49da-8d46-258bee00f617,2001-10-16 00:00:00+00:00,3.586472366082887,0.05123573331324392,1
0,3,11,4,0,0,0,0,0,0,0.0,0.0,0.0,0,0,0,0,0,0.0,999.0,SMA_5_20,SPY,5,20,-1,cef48b5b-58fe-46b2-818f-f6f3603b2ab2,2001-11-01 00:00:00+00:00,-3.2959435180440977,-0.04849870773786935,0
0,1,11,4,0,0,0,0,0,0,0.0,0.0,0.0,0,0,0,0,0,0.0,999.0,SMA_20_50,SPY,20,50,1,7f27d735-e3af-428b-b631-e8dd2ce64eb6,2001-11-06 00:00:00+00:00,0.26755682489363153,0.003803221295817681,1
0,2,11,4,0,0,0,0,0,0,0.0,0.0,0.0,0,0,0,0,0,0.0,999.0,SMA_5_20,SPY,5,20,1,e5839056-b413-422a-8645-8e5f2ec6e8ab,2001-11-07 00:00:00+00:00,0.35701166960527075,0.005010313705398406,1
0,4,12,4,0,0,0,0,0,0,0.0,0.0,0.0,0,0,0,0,0,0.0,999.0,SMA_5_20,SPY,5,20,-1,a990a33f-9d0f-49ed-ab77-bd87190e82af,2001-12-14 00:00:00+00:00,-1.84555721042247,-0.025771488342957113,0
0,4,12,4,0,0,0,0,0,0,0.0,0.0,0.0,0,0,0,0,0,0.0,999.0,SMA_10_30,SPY,10,30,-1,76771876-78d2-48cb-9da7-b087cf2ac0ae,2001-12-21 00:00:00+00:00,-0.7164681647296902,-0.00973648615244137,0
0,4,12,4,0,0,0,0,0,0,0.0,0.0,0.0,0,0,0,0,0,0.0,999.0,SMA_50_100,SPY,50,100,1,5c18e2aa-b2da-4bb0-ab8a-6e653855cf54,2001-12-21 00:00:00+00:00,1.1538579608345572,0.015680420443786883,1
0,0,12,4,0,0,0,0,0,0,0.0,0.0,0.0,0,0,0,0,0,0.0,999.0,SMA_5_20,SPY,5,20,1,64ea6c26-c4ec-4b86-8aa2-dbf7a234965f,2001-12-24 00:00:00+00:00,-0.33901342396666223,-0.004615069651265621,0
0,0,12,4,0,0,0,0,0,0,0.0,0.0,0.0,0,0,0,0,0,0.0,999.0,SMA_10_30,SPY,10,30,1,449fb7e9-a74c-424b-aa53-134ea4f37baa,2001-12-31 00:00:00+00:00,-1.5353067502858266,-0.020662956553377115,0
0,2,1,1,0,0,0,0,0,0,0.0,0.0,0.0,0,0,0,0,0,0.0,999.0,SMA_5_20,SPY,5,20,-1,56b7f5c4-0005-459f-8988-5b89614f6160,2002-01-16 00:00:00+00:00,1.6504551142104873,0.022572206814664167,1
0,1,1,1,0,0,0,0,0,0,0.0,0.0,0.0,0,0,0,0,0,0.0,999.0,SMA_10_30,SPY,10,30,-1,df83dc90-177a-4fd2-ac2f-daf76ca7a8a4,2002-01-22 00:00:00+00:00,-0.863603714219721,-0.011868056976624278,0
0,2,1,1,0,0,0,0,0,0,0.0,0.0,0.0,0,0,0,0,0,0.0,999.0,SMA_20_50,SPY,20,50,-1,7f48330e-e8d5-4f2e-a76c-ba64de953301,2002-01-30 00:00:00+00:00,-3.782137878664372,-0.053557998002880754,0
0,4,3,1,0,0,0,0,0,0,0.0,0.0,0.0,0,0,0,0,0,0.0,999.0,SMA_5_20,SPY,5,20,1,48d1006d-492c-470f-84eb-ad519b18aa31,2002-03-01 00:00:00+00:00,1.686662193148905,0.023600093806942193,1
0,2,3,1,0,0,0,0,0,0,0.0,0.0,0.0,0,0,0,0,0,0.0,999.0,SMA_10_30,SPY,10,30,1,1a886043-b7f3-4401-9e70-dcac2d4a957a,2002-03-06 00:00:00+00:00,-1.014429507764632,-0.01377726806154592,0
0,4,3,1,0,0,0,0,0,0,0.0,0.0,0.0,0,0,0,0,0,0.0,999.0,SMA_20_50,SPY,20,50,1,1e681e75-55f8-4d48-b6cb-fd558a674943,2002-03-15 00:00:00+00:00,-2.3031714598884037,-0.030956710055625374,0
0,2,3,1,0,0,0,0,0,0,0.0,0.0,0.0,0,0,0,0,0,0.0,999.0,SMA_50_100,SPY,50,100,-1,cc24e03a-31bc-4c21-96d7-ca5ad7b9a064,2002-03-20 00:00:00+00:00,16.526152827076416,0.22111593247559894,1
0,2,3,1,0,0,0,0,0,0,0.0,0.0,0.0,0,0,0,0,0,0.0,999.0,SMA_5_20,SPY,5,20,-1,52901a89-e3fd-4f25-9e37-497494818de8,2002-03-27 00:00:00+00:00,2.1619816692143132,0.029553390297732948,1
0,4,4,2,0,0,0,0,0,0,0.0,0.0,0.0,0,0,0,0,0,0.0,999.0,SMA_10_30,SPY,10,30,-1,79a85fc1-3d6e-4df7-ae8e-4d4911e507d7,2002-04-05 00:00:00+00:00,2.6559973647517694,0.03657580271443194,1
0,0,4,2,0,0,0,0,0,0,0.0,0.0,0.0,0,0,0,0,0,0.0,999.0,SMA_20_50,SPY,20,50,-1,bfde86c2-abd7-4844-8bff-47c52d7d7643,2002-04-22 00:00:00+00:00,13.685663731049381,0.18982404139616874,1
0,4,5,2,0,0,0,0,0,0,0.0,0.0,0.0,0,0,0,0,0,0.0,999.0,SMA_5_20,SPY,5,20,1,c275812c-615f-46eb-bc5c-3a8afac428d8,2002-05-17 00:00:00+00:00,-2.0914464556514076,-0.02945984145499429,0
0,1,5,2,0,0,0,0,0,0,0.0,0.0,0.0,0,0,0,0,0,0.0,999.0,SMA_10_30,SPY,10,30,1,12ab8839-d70b-483b-9225-a1d8bd9daa4f,2002-05-28 00:00:00+00:00,-3.1435265652636417,-0.04493304094043738,0
0,4,5,2,0,0,0,0,0,0,0.0,0.0,0.0,0,0,0,0,0,0.0,999.0,SMA_5_20,SPY,5,20,-1,cd4d80a1-c0ef-4264-9ecb-54fb4a668ce0,2002-05-31 00:00:00+00:00,13.22044065148841,0.19187397623134528,1
0,1,6,2,0,0,0,0,0,0,0.0,0.0,0.0,0,0,0,0,0,0.0,999.0,SMA_10_30,SPY,10,30,-1,39ffa0bd-30dd-4b56-a3ac-dec7b07bd5c2,2002-06-04 00:00:00+00:00,6.648291558433762,0.09950041975349827,1
0,0,8,3,0,0,0,0,0,0,0.0,0.0,0.0,0,0,0,0,0,0.0,999.0,SMA_5_20,SPY,5,20,1,fa925d3c-5f6e-438b-a9b4-9b7472dad7f7,2002-08-05 00:00:00+00:00,-0.8111881063238471,-0.014568425811041577,0
0,1,8,3,0,0,0,0,0,0,0.0,0.0,0.0,0,0,0,0,0,0.0,999.0,SMA_5_20,SPY,5,20,-1,0f52a634-fe11-4663-b17b-aa868f6d79c7,2002-08-06 00:00:00+00:00,-3.0644437427435207,-0.055849106809258794,0
0,0,8,3,0,0,0,0,0,0,0.0,0.0,0.0,0,0,0,0,0,0.0,999.0,SMA_5_20,SPY,5,20,1,e36b690b-a4a0-4b05-8843-2c4f4e8be551,2002-08-12 00:00:00+00:00,-0.8884382655855632,-0.01533521883033374,0
0,0,8,3,0,0,0,0,0,0,0.0,0.0,0.0,0,0,0,0,0,0.0,999.0,SMA_10_30,SPY,10,30,1,bf23d011-630f-4497-8854-fbc5ae4e94e1,2002-08-19 00:00:00+00:00,-0.6373140152137466,-0.010592166778484437,0
0,1,9,3,0,0,0,0,0,0,0.0,0.0,0.0,0,0,0,0,0,0.0,999.0,SMA_20_50,SPY,20,50,1,2ddc7f4a-e504-4f0b-a8e8-461d89505214,2002-09-03 00:00:00+00:00,-4.497673944871593,-0.07700057483927528,0
0,2,9,3,0,0,0,0,0,0,0.0,0.0,0.0,0,0,0,0,0,0.0,999.0,SMA_5_20,SPY,5,20,-1,3655019f-c36d-46ca-948a-f8be84b12f29,2002-09-04 00:00:00+00:00,0.5202655640798497,0.009120095765877051,1
0,2,9,3,0,0,0,0,0,0,0.0,0.0,0.0,0,0,0,0,0,0.0,999.0,SMA_10_30,SPY,10,30,-1,b98656d5-68da-4afb-9142-459dcd4c8249,2002-09-11 00:00:00+00:00,2.1258141713636505,0.035709296522129876,1
0,2,9,3,0,0,0,0,0,0,0.0,0.0,0.0,0,0,0,0,0,0.0,999.0,SMA_20_50,SPY,20,50,-1,06216ede-54fb-49a5-9e0b-181f593a03ed,2002-09-25 00:00:00+00:00,-4.830624930203747,-0.08959997464294474,0
0,2,10,4,0,0,0,0,0,0,0.0,0.0,0.0,0,0,0,0,0,0.0,999.0,SMA_5_20,SPY,5,20,1,50526a0a-9c26-43e2-a2d0-eaa03d263295,2002-10-16 00:00:00+00:00,1.7201809788488305,0.030431785757019127,1
0,2,10,4,0,0,0,0,0,0,0.0,0.0,0.0,0,0,0,0,0,0.0,999.0,SMA_10_30,SPY,10,30,1,66c90054-5c7f-42f9-ab7c-5f48e3d309ee,2002-10-23 00:00:00+00:00,0.6790122522551556,0.01182838979100286,1
0,1,11,4,0,0,0,0,0,0,0.0,0.0,0.0,0,0,0,0,0,0.0,999.0,SMA_20_50,SPY,20,50,1,ec07e08c-0b31-4ae0-b339-b276d03bb55d,2002-11-05 00:00:00+00:00,-1.5633424003590832,-0.026612862538260205,0
0,3,11,4,0,0,0,0,0,0,0.0,0.0,0.0,0,0,0,0,0,0.0,999.0,SMA_5_20,SPY,5,20,-1,5757be6a-9f29-4c54-bff7-dfc702addc93,2002-11-14 00:00:00+00:00,0.03234879802679558,0.0005553825090453184,1
0,1,11,4,0,0,0,0,0,0,0.0,0.0,0.0,0,0,0,0,0,0.0,999.0,SMA_5_20,SPY,5,20,1,2079d5df-a8d4-4d9d-9092-e795f9024108,2002-11-19 00:00:00+00:00,-1.8169105779008987e-05,-3.1211085235143267e-07,0
0,1,12,4,0,0,0,0,0,0,0.0,0.0,0.0,0,0,0,0,0,0.0,999.0,SMA_5_20,SPY,5,20,-1,967f351a-0191-4b4f-86a5-8967ccadb5dc,2002-12-10 00:00:00+00:00,-2.157649476699646,-0.037064346238213815,0
0,1,12,4,0,0,0,0,0,0,0.0,0.0,0.0,0,0,0,0,0,0.0,999.0,SMA_50_100,SPY,50,100,1,e92dcc5a-9897-4c26-9bc4-fe3256ea9975,2002-12-10 00:00:00+00:00,-3.0216738072018288,-0.051906653707431964,0
0,0,12,4,0,0,0,0,0,0,0.0,0.0,0.0,0,0,0,0,0,0.0,999.0,SMA_10_30,SPY,10,30,-1,e56a0e94-b444-4dad-bc09-dc586bbed9d9,2002-12-16 00:00:00+00:00,-2.7028259469863443,-0.04653280533475512,0
0,1,12,4,0,0,0,0,0,0,0.0,0.0,0.0,0,0,0,0,0,0.0,999.0,SMA_20_50,SPY,20,50,-1,3e292f50-a3ee-47a1-95b3-86f957667360,2002-12-31 00:00:00+00:00,-0.5068618260495086,-0.008864239155025318,0
0,1,1,1,0,0,0,0,0,0,0.0,0.0,0.0,0,0,0,0,0,0.0,999.0,SMA_5_20,SPY,5,20,1,349a3211-fde1-4e44-bddb-1cbeaaeb7283,2003-01-07 00:00:00+00:00,-2.696894305807376,-0.04467182286579355,0
0,0,1,1,0,0,0,0,0,0,0.0,0.0,0.0,0,0,0,0,0,0.0,999.0,SMA_10_30,SPY,10,30,1,016c0f12-d08d-43f1-be04-6dee6debed89,2003-01-13 00:00:00+00:00,-5.140331321914722,-0.08456281314622915,0
0,2,1,1,0,0,0,0,0,0,0.0,0.0,0.0,0,0,0,0,0,0.0,999.0,SMA_20_50,SPY,20,50,1,5d56a028-9506-404c-93de-76d29ccf6b7c,2003-01-22 00:00:00+00:00,-0.11698776302024072,-0.0020279609567750686,0
0,3,1,1,0,0,0,0,0,0,0.0,0.0,0.0,0,0,0,0,0,0.0,999.0,SMA_5_20,SPY,5,20,-1,aec34631-ef2d-4690-9c3c-2d795aef5bcf,2003-01-23 00:00:00+00:00,2.4824289780940987,0.043042153614894565,1
0,4,1,1,0,0,0,0,0,0,0.0,0.0,0.0,0,0,0,0,0,0.0,999.0,SMA_20_50,SPY,20,50,-1,c34dfb93-eea0-4c39-b2b8-be9bb77943cd,2003-01-24 00:00:00+00:00,1.947117465553795,0.03382150520619531,1
0,1,1,1,0,0,0,0,0,0,0.0,0.0,0.0,0,0,0,0,0,0.0,999.0,SMA_10_30,SPY,10,30,-1,dfb724f3-5710-4717-a7cd-44f7af8ce441,2003-01-28 00:00:00+00:00,-2.292722026444409,-0.04120132308838957,0
0,0,2,1,0,0,0,0,0,0,0.0,0.0,0.0,0,0,0,0,0,0.0,999.0,SMA_5_20,SPY,5,20,1,4c929f85-062c-4aec-8c99-0096f254826d,2003-02-24 00:00:00+00:00,-0.7992992914740782,-0.01448217466894241,0
0,0,2,1,0,0,0,0,0,0,0.0,0.0,0.0,0,0,0,0,0,0.0,999.0,SMA_50_100,SPY,50,100,-1,4cb28747-70fd-4593-9c16-93eb08ff003a,2003-02-24 00:00:00+00:00,-5.377100514927214,-0.09742546965858476,0
0,3,2,1,0,0,0,0,0,0,0.0,0.0,0.0,0,0,0,0,0,0.0,999.0,SMA_5_20,SPY,5,20,-1,00f46e72-418d-4252-9ab5-847175b24d92,2003-02-27 00:00:00+00:00,-2.326456759040056,-0.04277153672613441,0
0,2,3,1,0,0,0,0,0,0,0.0,0.0,0.0,0,0,0,0,0,0.0,999.0,SMA_5_20,SPY,5,20,1,0c3a7307-96e3-40a3-89c3-e3c28b3399d2,2003-03-19 00:00:00+00:00,4.156578076096096,0.07328357436458126,1
0,4,3,1,0,0,0,0,0,0,0.0,0.0,0.0,0,0,0,0,0,0.0,999.0,SMA_10_30,SPY,10,30,1,f72c1834-20ca-4acb-868b-9c4479c3af4d,2003-03-21 00:00:00+00:00,6.665920198704235,0.11504961195971276,1
0,1,4,2,0,0,0,0,0,0,0.0,0.0,0.0,0,0,0,0,0,0.0,999.0,SMA_20_50,SPY,20,50,1,3705267e-638a-4ab7-9d4b-c65407f99ea7,2003-04-01 00:00:00+00:00,8.7202606051802,0.15677358030204355,1
0,4,5,2,0,0,0,0,0,0,0.0,0.0,0.0,0,0,0,0,0,0.0,999.0,SMA_50_100,SPY,50,100,1,3abf5b7d-2ba5-44b0-90b3-bcdc075e5460,2003-05-09 00:00:00+00:00,12.05006178381791,0.1989475482857941,1
0,1,5,2,0,0,0,0,0,0,0.0,0.0,0.0,0,0,0,0,0,0.0,999.0,SMA_5_20,SPY,5,20,-1,f4d9c534-1eef-42dc-a384-8489fef00db5,2003-05-27 00:00:00+00:00,-1.6638180258896043,-0.027331410389789604,0
0,2,5,2,0,0,0,0,0,0,0.0,0.0,0.0,0,0,0,0,0,0.0,999.0,SMA_5_20,SPY,5,20,1,1a4fe59c-e7c6-4475-b6e7-c3906ac01309,2003-05-28 00:00:00+00:00,1.4897228840064471,0.023820514659265615,1
0,3,6,2,0,0,0,0,0,0,0.0,0.0,0.0,0,0,0,0,0,0.0,999.0,SMA_5_20,SPY,5,20,-1,881dc0c7-f0cf-42fb-9dec-0af2ae2950e6,2003-06-26 00:00:00+00:00,-2.0561720054132593,-0.03211302858833992,0
0,2,7,3,0,0,0,0,0,0,0.0,0.0,0.0,0,0,0,0,0,0.0,999.0,SMA_5_20,SPY,5,20,1,1f5c60ec-44f9-472d-8e8b-1fde9b60aa2b,2003-07-09 00:00:00+00:00,-1.119763250330223,-0.016944188487538887,0
0,2,7,3,0,0,0,0,0,0,0.0,0.0,0.0,0,0,0,0,0,0.0,999.0,SMA_5_20,SPY,5,20,-1,44bf6cca-05ad-42df-837f-913a2fbb07d8,2003-07-23 00:00:00+00:00,-0.09820453966935361,-0.001511638529623976,0
0,4,7,3,0,0,0,0,0,0,0.0,0.0,0.0,0,0,0,0,0,0.0,999.0,SMA_10_30,SPY,10,30,-1,aa67562e-b376-4c45-9523-16aaaefd4fdc,2003-07-25 00:00:00+00:00,-1.5650757474876116,-0.02422513571603893,0
0,0,8,3,0,0,0,0,0,0,0.0,0.0,0.0,0,0,0,0,0,0.0,999.0,SMA_20_50,SPY,20,50,-1,035c8cd4-15de-4ac9-a541-e70dbad3721f,2003-08-11 00:00:00+00:00,-1.538846434330864,-0.02391609853173841,0
0,4,8,3,0,0,0,0,0,0,0.0,0.0,0.0,0,0,0,0,0,0.0,999.0,SMA_5_20,SPY,5,20,1,8c72d354-ccf1-42f8-9c49-610a88e44976,2003-08-15 00:00:00+00:00,0.9596971942510777,0.014750088064748238,1
0,3,8,3,0,0,0,0,0,0,0.0,0.0,0.0,0,0,0,0,0,0.0,999.0,SMA_10_30,SPY,10,30,1,a6d906e8-6e8e-4228-8b00-4dafa89f24b3,2003-08-21 00:00:00+00:00,1.9762619309732656,0.029866197469264548,1
0,4,8,3,0,0,0,0,0,0,0.0,0.0,0.0,0,0,0,0,0,0.0,999.0,SMA_20_50,SPY,20,50,1,548b1d08-e045-4e2b-80a3-6b79e11e1672,2003-08-29 00:00:00+00:00,8.618947614457781,0.1308232461774713,1
0,4,9,3,0,0,0,0,0,0,0.0,0.0,0.0,0,0,0,0,0,0.0,999.0,SMA_5_20,SPY,5,20,-1,5de56cb0-630a-4ad5-93c8-bd9d5c430875,2003-09-26 00:00:00+00:00,-1.8537459656474056,-0.028077052194466465,0
0,4,10,4,0,0,0,0,0,0,0.0,0.0,0.0,0,0,0,0,0,0.0,999.0,SMA_10_30,SPY,10,30,-1,a1078e84-8ebc-42cb-8601-0bf1f5d3f01f,2003-10-03 00:00:00+00:00,-0.39439731893591556,-0.005787467664176571,0
0,1,10,4,0,0,0,0,0,0,0.0,0.0,0.0,0,0,0,0,0,0.0,999.0,SMA_5_20,SPY,5,20,1,982733aa-385f-419b-b5f7-ada05e6bbf8d,2003-10-07 00:00:00+00:00,0.4732339812647268,0.006971906390845569,1
0,4,10,4,0,0,0,0,0,0,0.0,0.0,0.0,0,0,0,0,0,0.0,999.0,SMA_10_30,SPY,10,30,1,c3840dc3-8f55-44b9-a192-9acd8ada7031,2003-10-10 00:00:00+00:00,5.60740678771414,0.08181076743616553,1
0,1,10,4,0,0,0,0,0,0,0.0,0.0,0.0,0,0,0,0,0,0.0,999.0,SMA_5_20,SPY,5,20,-1,917660d8-dfdc-4778-8386-4ef5512b8f96,2003-10-28 00:00:00+00:00,-0.933451634700873,-0.01365683591448139,0
0,4,10,4,0,0,0,0,0,0,0.0,0.0,0.0,0,0,0,0,0,0.0,999.0,SMA_5_20,SPY,5,20,1,ac53a89e-2ce5-4bee-ab73-62c6950566f9,2003-10-31 00:00:00+00:00,-0.9202701440858618,-0.013282586411496995,0
0,3,11,4,0,0,0,0,0,0,0.0,0.0,0.0,0,0,0,0,0,0.0,999.0,SMA_5_20,SPY,5,20,-1,27833201-3fbf-4c0b-9728-33055705a067,2003-11-20 00:00:00+00:00,-1.8734313122711654,-0.027403895283193272,0
0,0,12,4,0,0,0,0,0,0,0.0,0.0,0.0,0,0,0,0,0,0.0,999.0,SMA_5_20,SPY,5,20,1,137db813-42d2-4736-8874-5a1ecc17ca95,2003-12-01 00:00:00+00:00,4.5190992070256755,0.0643406126718519,1
0,2,2,1,0,0,0,0,0,0,0.0,0.0,0.0,0,0,0,0,0,0.0,999.0,SMA_5_20,SPY,5,20,-1,c11e437b-eebf-487d-aef0-c6f350acfe63,2004-02-04 00:00:00+00:00,-1.836069572066691,-0.024560760825942895,0
0,3,2,1,0,0,0,0,0,0,0.0,0.0,0.0,0,0,0,0,0,0.0,999.0,SMA_5_20,SPY,5,20,1,d368a860-2ab5-44d9-8259-cc2410afd517,2004-02-12 00:00:00+00:00,-2.3578137336325113,-0.03078395790934793,0
0,3,3,1,0,0,0,0,0,0,0.0,0.0,0.0,0,0,0,0,0,0.0,999.0,SMA_5_20,SPY,5,20,-1,75d88923-4143-4c49-a3cf-62fc18906938,2004-03-11 00:00:00+00:00,-1.85751236933217,-0.025022234173916937,0
0,0,3,1,0,0,0,0,0,0,0.0,0.0,0.0,0,0,0,0,0,0.0,999.0,SMA_10_30,SPY,10,30,-1,c92d7473-d357-4b9a-94c8-c8bca162c3e4,2004-03-15 00:00:00+00:00,-2.341047319153276,-0.03157237816299025,0
0,4,3,1,0,0,0,0,0,0,0.0,0.0,0.0,0,0,0,0,0,0.0,999.0,SMA_20_50,SPY,20,50,-1,a8bbc214-403b-4a57-8bd2-6e1716a03e50,2004-03-19 00:00:00+00:00,-1.3851654182818152,-0.01859249156185108,0
0,4,4,2,0,0,0,0,0,0,0.0,0.0,0.0,0,0,0,0,0,0.0,999.0,SMA_5_20,SPY,5,20,1,88badf6b-85bd-490e-9caf-20c71f034317,2004-04-02 00:00:00+00:00,-1.5442433955789028,-0.020294428990657497,0
0,3,4,2,0,0,0,0,0,0,0.0,0.0,0.0,0,0,0,0,0,0.0,999.0,SMA_10_30,SPY,10,30,1,25f18d8c-e47a-4fa1-9950-60215f2dd25c,2004-04-08 00:00:00+00:00,-2.0943392975174504,-0.027380693318626862,0
0,3,4,2,0,0,0,0,0,0,0.0,0.0,0.0,0,0,0,0,0,0.0,999.0,SMA_5_20,SPY,5,20,-1,c111e151-2959-46f5-a15e-be3a103c0c05,2004-04-22 00:00:00+00:00,-0.9344868581920878,-0.012535414653398717,0
0,0,4,2,0,0,0,0,0,0,0.0,0.0,0.0,0,0,0,0,0,0.0,999.0,SMA_20_50,SPY,20,50,1,eb8d57d2-8739-45a2-a65d-bbb80ead00c0,2004-04-26 00:00:00+00:00,-3.3535656080228335,-0.044191860827780115,0
0,2,4,2,0,0,0,0,0,0,0.0,0.0,0.0,0,0,0,0,0,0.0,999.0,SMA_5_20,SPY,5,20,1,cbf452f0-7013-48e8-a69f-02c72a421146,2004-04-28 00:00:00+00:00,-1.1399711361243732,-0.01510251025265098,0
0,4,4,2,0,0,0,0,0,0,0.0,0.0,0.0,0,0,0,0,0,0.0,999.0,SMA_5_20,SPY,5,20,-1,6b9e5c0f-dc90-41c1-9cc9-2461f48d4ad1,2004-04-30 00:00:00+00:00,-0.24524214997970262,-0.0032988256921095954,0
0,1,5,2,0,0,0,0,0,0,0.0,0.0,0.0,0,0,0,0,0,0.0,999.0,SMA_10_30,SPY,10,30,-1,c1a085a1-8f0b-4c16-852c-9b67753a5d0a,2004-05-04 00:00:00+00:00,-0.4838067376614674,-0.006503189737394221,0
0,0,5,2,0,0,0,0,0,0,0.0,0.0,0.0,0,0,0,0,0,0.0,999.0,SMA_20_50,SPY,20,50,-1,67723d7c-3020-4e79-b99b-0deea540913d,2004-05-10 00:00:00+00:00,-2.8124387591649906,-0.038774645155104516,0
0,2,5,2,0,0,0,0,0,0,0.0,0.0,0.0,0,0,0,0,0,0.0,999.0,SMA_50_100,SPY,50,100,-1,e7fd13fe-b035-4ef0-8839-8f5eaf9ef574,2004-05-12 00:00:00+00:00,-0.7639793827425194,-0.01052036414576763,0
0,3,5,2,0,0,0,0,0,0,0.0,0.0,0.0,0,0,0,0,0,0.0,999.0,SMA_5_20,SPY,5,20,1,bc2f96e7-2f55-4443-90e4-04e861b47f03,2004-05-27 00:00:00+00:00,0.15918913703779936,0.0021342602605478817,1
0,4,6,2,0,0,0,0,0,0,0.0,0.0,0.0,0,0,0,0,0,0.0,999.0,SMA_10_30,SPY,10,30,1,3a8cc546-f0ba-4120-8b58-3928f4a07d77,2004-06-04 00:00:00+00:00,-0.6978057849630375,-0.009319098947000061,0
0,4,6,2,0,0,0,0,0,0,0.0,0.0,0.0,0,0,0,0,0,0.0,999.0,SMA_20_50,SPY,20,50,1,78cd8b0b-8b0a-46eb-878d-28ae1d87d8f5,2004-06-18 00:00:00+00:00,-2.7139446348099483,-0.03602005740812909,0
0,1,7,3,0,0,0,0,0,0,0.0,0.0,0.0,0,0,0,0,0,0.0,999.0,SMA_5_20,SPY,5,20,-1,0a29077f-8ee6-4a8f-b749-0d786f9baa5b,2004-07-06 00:00:00+00:00,1.2106328107714006,0.016196474062663006,1
0,0,7,3,0,0,0,0,0,0,0.0,0.0,0.0,0,0,0,0,0,0.0,999.0,SMA_10_30,SPY,10,30,-1,7848699a-90a4-4dc9-9596-f9a822df5bb1,2004-07-12 00:00:00+00:00,0.21292057601129954,0.00287027295789563,1
0,0,7,3,0,0,0,0,0,0,0.0,0.0,0.0,0,0,0,0,0,0.0,999.0,SMA_20_50,SPY,20,50,-1,5ea2bd4f-0856-47cc-b8d9-332cf5db378d,2004-07-26 00:00:00+00:00,-2.2150153706855917,-0.030496651967729875,0
0,4,7,3,0,0,0,0,0,0,0.0,0.0,0.0,0,0,0,0,0,0.0,999.0,SMA_50_100,SPY,50,100,1,5e2c6d55-5038-491d-b74a-3609dd33cc9a,2004-07-30 00:00:00+00:00,-2.141908550612527,-0.0291880437527308,0
0,4,8,3,0,0,0,0,0,0,0.0,0.0,0.0,0,0,0,0,0,0.0,999.0,SMA_50_100,SPY,50,100,-1,99f5e08a-b71a-41e7-8b57-73a70e0e6ae2,2004-08-13 00:00:00+00:00,-2.761268669951235,-0.03875945064670606,0
0,0,8,3,0,0,0,0,0,0,0.0,0.0,0.0,0,0,0,0,0,0.0,999.0,SMA_5_20,SPY,5,20,1,b782e039-b31f-455b-8734-7e77b7a8a41f,2004-08-23 00:00:00+00:00,0.6734875810622043,0.009158603484252527,1
0,4,8,3,0,0,0,0,0,0,0.0,0.0,0.0,0,0,0,0,0,0.0,999.0,SMA_10_30,SPY,10,30,1,fef1f456-e068-4032-8e17-f5130d8ae4a5,2004-08-27 00:00:00+00:00,-0.23978578452592103,-0.003241733700106868,0
0,4,9,3,0,0,0,0,0,0,0.0,0.0,0.0,0,0,0,0,0,0.0,999.0,SMA_20_50,SPY,20,50,1,305a01b7-d751-4e24-86f0-88f820728fa1,2004-09-10 00:00:00+00:00,4.033755646496914,0.05389375211684413,1
0,0,9,3,0,0,0,0,0,0,0.0,0.0,0.0,0,0,0,0,0,0.0,999.0,SMA_5_20,SPY,5,20,-1,6a85e0f1-a9d6-47f3-9f45-b27e1def6f70,2004-09-27 00:00:00+00:00,-1.8368294546054784,-0.024751930271803887,0
0,1,10,4,0,0,0,0,0,0,0.0,0.0,0.0,0,0,0,0,0,0.0,999.0,SMA_5_20,SPY,5,20,1,0d92b19d-a4c4-4127-835d-20e2290e8fde,2004-10-05 00:00:00+00:00,-1.890309785398557,-0.024857329857140346,0
0,4,10,4,0,0,0,0,0,0,0.0,0.0,0.0,0,0,0,0,0,0.0,999.0,SMA_5_20,SPY,5,20,-1,94e2871c-da6f-46be-8333-3b95b04a6ae3,2004-10-15 00:00:00+00:00,-1.69661358772224,-0.022878959689308625,0
0,2,10,4,0,0,0,0,0,0,0.0,0.0,0.0,0,0,0,0,0,0.0,999.0,SMA_10_30,SPY,10,30,-1,4dbd54f2-d3ae-4882-81fc-303dcb466dfb,2004-10-20 00:00:00+00:00,-2.938982456347617,-0.03986218043689101,0
0,3,10,4,0,0,0,0,0,0,0.0,0.0,0.0,0,0,0,0,0,0.0,999.0,SMA_50_100,SPY,50,100,1,8433ec8a-9c2a-468e-82e0-774539851426,2004-10-21 00:00:00+00:00,3.6131078254899336,0.04882417144922213,1
0,0,11,4,0,0,0,0,0,0,0.0,0.0,0.0,0,0,0,0,0,0.0,999.0,SMA_5_20,SPY,5,20,1,d37394c5-e47a-4cee-a65f-c356f0ad0c7b,2004-11-01 00:00:00+00:00,3.868888616333521,0.051005300860248626,1
0,3,11,4,0,0,0,0,0,0,0.0,0.0,0.0,0,0,0,0,0,0.0,999.0,SMA_10_30,SPY,10,30,1,444e4262-340b-4ce0-95d0-b5277d508bfe,2004-11-04 00:00:00+00:00,3.18860567933136,0.04159001615019436,1
0,3,1,1,0,0,0,0,0,0,0.0,0.0,0.0,0,0,0,0,0,0.0,999.0,SMA_5_20,SPY,5,20,-1,3a1f446a-bd0b-4521-b348-e94400b6f8d0,2005-01-06 00:00:00+00:00,-0.4173219069335232,-0.005234742985852997,0
0,3,1,1,0,0,0,0,0,0,0.0,0.0,0.0,0,0,0,0,0,0.0,999.0,SMA_10_30,SPY,10,30,-1,98ddc575-123c-4ba0-b4c9-bbec81534001,2005-01-13 00:00:00+00:00,-1.1981242098183031,-0.015003525096612742,0
0,3,1,1,0,0,0,0,0,0,0.0,0.0,0.0,0,0,0,0,0,0.0,999.0,SMA_20_50,SPY,20,50,-1,edfc6191-bf39-44c5-b30b-3e41830ad3cc,2005-01-27 00:00:00+00:00,-1.1712138156220817,-0.014848007935401423,0
0,3,2,1,0,0,0,0,0,0,0.0,0.0,0.0,0,0,0,0,0,0.0,999.0,SMA_5_20,SPY,5,20,1,a9a9dfd6-49b6-49f7-a696-e8e7017e258b,2005-02-03 00:00:00+00:00,0.4307647180509804,0.005375227069507739,1
0,2,2,1,0,0,0,0,0,0,0.0,0.0,0.0,0,0,0,0,0,0.0,999.0,SMA_10_30,SPY,10,30,1,779de9a9-c3af-472a-a2a8-90d857fc7113,2005-02-09 00:00:00+00:00,-1.066916588449459,-0.013162984876551834,0
0,2,2,1,0,0,0,0,0,0,0.0,0.0,0.0,0,0,0,0,0,0.0,999.0,SMA_20_50,SPY,20,50,1,6485f7e6-fdd4-4600-9e5f-f59b8ab1b99d,2005-02-23 00:00:00+00:00,-0.4627077136047859,-0.005780131784138762,0
0,2,3,1,0,0,0,0,0,0,0.0,0.0,0.0,0,0,0,0,0,0.0,999.0,SMA_5_20,SPY,5,20,-1,6ac7cab6-02e4-4814-a58c-71d8d453e88a,2005-03-16 00:00:00+00:00,0.6362680442206994,0.007897117906843661,1
0,1,3,1,0,0,0,0,0,0,0.0,0.0,0.0,0,0,0,0,0,0.0,999.0,SMA_10_30,SPY,10,30,-1,3493b764-2349-43b6-8341-49ce1d7c620b,2005-03-22 00:00:00+00:00,1.3987717360102323,0.017487403539936604,1
0,1,4,2,0,0,0,0,0,0,0.0,0.0,0.0,0,0,0,0,0,0.0,999.0,SMA_20_50,SPY,20,50,-1,4b2bccd0-5739-4e5b-9a20-422a92b76b2f,2005-04-05 00:00:00+00:00,-1.0609328459766942,-0.01333019363958571,0
0,0,4,2,0,0,0,0,0,0,0.0,0.0,0.0,0,0,0,0,0,0.0,999.0,SMA_5_20,SPY,5,20,1,4ece5a6c-4abf-4848-b6e3-fc1fb91f602a,2005-04-11 00:00:00+00:00,-1.7231867567509909,-0.02155778554844913,0
0,4,4,2,0,0,0,0,0,0,0.0,0.0,0.0,0,0,0,0,0,0.0,999.0,SMA_5_20,SPY,5,20,-1,1f7d2cd5-7114-4ddb-8ce6-8e4131a7bd8c,2005-04-15 00:00:00+00:00,-1.4798712562998588,-0.018921717409207783,0
0,2,4,2,0,0,0,0,0,0,0.0,0.0,0.0,0,0,0,0,0,0.0,999.0,SMA_50_100,SPY,50,100,-1,cb0a1cad-5b2a-41d9-95d3-b086bb7b1230,2005-04-27 00:00:00+00:00,-3.427440502264915,-0.04415919995045995,0
0,4,5,2,0,0,0,0,0,0,0.0,0.0,0.0,0,0,0,0,0,0.0,999.0,SMA_5_20,SPY,5,20,1,bdcc172e-84d3-4c52-985a-5afdc529af80,2005-05-06 00:00:00+00:00,1.977108607696394,0.024809974914721394,1
0,4,5,2,0,0,0,0,0,0,0.0,0.0,0.0,0,0,0,0,0,0.0,999.0,SMA_10_30,SPY,10,30,1,945b1a9d-e348-4997-a55e-c52bf6171f1c,2005-05-13 00:00:00+00:00,1.6673394422526258,0.021216042688181596,1
0,2,5,2,0,0,0,0,0,0,0.0,0.0,0.0,0,0,0,0,0,0.0,999.0,SMA_20_50,SPY,20,50,1,0f77fd34-03dc-4451-8278-2ceab099594e,2005-05-25 00:00:00+00:00,3.365061283454267,0.041724443944660586,1
0,2,6,2,0,0,0,0,0,0,0.0,0.0,0.0,0,0,0,0,0,0.0,999.0,SMA_5_20,SPY,5,20,-1,ea105faf-915e-4903-8fc5-0f28acef5947,2005-06-29 00:00:00+00:00,-1.0991115367401818,-0.01345842444576061,0
0,4,7,3,0,0,0,0,0,0,0.0,0.0,0.0,0,0,0,0,0,0.0,999.0,SMA_50_100,SPY,50,100,1,f029c5a8-ae44-4c86-9cc5-3fdd6b0f5b8c,2005-07-01 00:00:00+00:00,0.528956713790393,0.006526865849016231,1
0,3,7,3,0,0,0,0,0,0,0.0,0.0,0.0,0,0,0,0,0,0.0,999.0,SMA_10_30,SPY,10,30,-1,d98ed4f8-690c-4ebb-8d68-8b79ae8565cb,2005-07-07 00:00:00+00:00,-2.7003136823587823,-0.03364627149473021,0
0,1,7,3,0,0,0,0,0,0,0.0,0.0,0.0,0,0,0,0,0,0.0,999.0,SMA_5_20,SPY,5,20,1,a938f5a6-d8c4-495d-a49b-5cc4fdb5b09a,2005-07-12 00:00:00+00:00,0.8684556607430807,0.010492866986025327,1
0,2,7,3,0,0,0,0,0,0,0.0,0.0,0.0,0,0,0,0,0,0.0,999.0,SMA_10_30,SPY,10,30,1,b22ef310-bd05-412a-b35d-28af392c09d2,2005-07-13 00:00:00+00:00,0.24424727983327443,0.002944289575321711,1
0,3,8,3,0,0,0,0,0,0,0.0,0.0,0.0,0,0,0,0,0,0.0,999.0,SMA_5_20,SPY,5,20,-1,ffe43004-7191-441c-81eb-c91e9fc31f1b,2005-08-11 00:00:00+00:00,-0.26458421688386125,-0.0031635681815777414,0
0,4,8,3,0,0,0,0,0,0,0.0,0.0,0.0,0,0,0,0,0,0.0,999.0,SMA_10_30,SPY,10,30,-1,b62e3aaf-e0f6-4f3e-9500-c209e5c1aa68,2005-08-19 00:00:00+00:00,-1.0176734441710522,-0.012231575982450515,0
0,3,9,3,0,0,0,0,0,0,0.0,0.0,0.0,0,0,0,0,0,0.0,999.0,SMA_5_20,SPY,5,20,1,5be945b0-b22b-4e27-8d62-1a840c6e93ca,2005-09-08 00:00:00+00:00,-1.2917447699487354,-0.01539636595666353,0
0,4,9,3,0,0,0,0,0,0,0.0,0.0,0.0,0,0,0,0,0,0.0,999.0,SMA_20_50,SPY,20,50,-1,27a5522f-a63c-4d5d-aa59-8568c39a9265,2005-09-09 00:00:00+00:00,1.1959155938653936,0.014234599536410663,1
0,1,9,3,0,0,0,0,0,0,0.0,0.0,0.0,0,0,0,0,0,0.0,999.0,SMA_10_30,SPY,10,30,1,3f7972b6-f737-432f-99a3-06719e025400,2005-09-13 00:00:00+00:00,-1.3994070426894751,-0.016616446364690205,0
0,4,9,3,0,0,0,0,0,0,0.0,0.0,0.0,0,0,0,0,0,0.0,999.0,SMA_5_20,SPY,5,20,-1,48c7b374-cf97-41c7-9266-58cd383c2710,2005-09-23 00:00:00+00:00,0.647253837777825,0.007835283470190935,1
0,3,9,3,0,0,0,0,0,0,0.0,0.0,0.0,0,0,0,0,0,0.0,999.0,SMA_10_30,SPY,10,30,-1,6c1f67fa-9554-42af-a831-f7f944014510,2005-09-29 00:00:00+00:00,-0.5791966260613464,-0.006993541839333794,0
0,3,9,3,0,0,0,0,0,0,0.0,0.0,0.0,0,0,0,0,0,0.0,999.0,SMA_20_50,SPY,20,50,1,e53d69f8-c348-4945-82a5-7ef674ddd1e8,2005-09-29 00:00:00+00:00,-1.2059747782202805,-0.014561609458981073,0
0,3,10,4,0,0,0,0,0,0,0.0,0.0,0.0,0,0,0,0,0,0.0,999.0,SMA_20_50,SPY,20,50,-1,b24c5cfe-7a7b-4b8b-b103-e66a8c8ac448,2005-10-06 00:00:00+00:00,-2.6572469606947067,-0.03255919026637693,0
0,1,10,4,0,0,0,0,0,0,0.0,0.0,0.0,0,0,0,0,0,0.0,999.0,SMA_50_100,SPY,50,100,-1,876ebe11-6433-459e-85c5-77c8228dde2b,2005-10-25 00:00:00+00:00,-5.089723872736883,-0.06239551920522336,0
0,0,10,4,0,0,0,0,0,0,0.0,0.0,0.0,0,0,0,0,0,0.0,999.0,SMA_5_20,SPY,5,20,1,75073c58-903f-4f17-8643-e8990eaaa0b0,2005-10-31 00:00:00+00:00,3.5236580780991176,0.04299223867452934,1
0,4,11,4,0,0,0,0,0,0,0.0,0.0,0.0,0,0,0,0,0,0.0,999.0,SMA_10_30,SPY,10,30,1,6da4e862-04ab-4a98-a6b8-51be52c6c8e7,2005-11-04 00:00:00+00:00,2.805175389168298,0.03363601122951916,1
0,3,11,4,0,0,0,0,0,0,0.0,0.0,0.0,0,0,0,0,0,0.0,999.0,SMA_20_50,SPY,20,50,1,170cb27f-f19c-4ff0-b1cc-4cc2bec6eed5,2005-11-17 00:00:00+00:00,2.159021736371983,0.025620271923644477,1
0,2,12,4,0,0,0,0,0,0,0.0,0.0,0.0,0,0,0,0,0,0.0,999.0,SMA_50_100,SPY,50,100,1,fd86e42f-a72b-412c-a893-50382fc754ce,2005-12-14 00:00:00+00:00,-1.0110194050673158,-0.011666281252100012,0
0,4,12,4,0,0,0,0,0,0,0.0,0.0,0.0,0,0,0,0,0,0.0,999.0,SMA_5_20,SPY,5,20,-1,44bc4214-7557-44c1-95f8-10615326c0b9,2005-12-30 00:00:00+00:00,-2.2055985068432165,-0.025801305613974927,0
0,4,1,1,0,0,0,0,0,0,0.0,0.0,0.0,0,0,0,0,0,0.0,999.0,SMA_5_20,SPY,5,20,1,5239b1dd-23b6-471d-b9ec-018bc14c7ecd,2006-01-06 00:00:00+00:00,-0.6712594753675063,-0.007654950831970438,0
0,2,1,1,0,0,0,0,0,0,0.0,0.0,0.0,0,0,0,0,0,0.0,999.0,SMA_5_20,SPY,5,20,-1,2e1e7c35-4b6c-4f8e-bcca-80387158c3a7,2006-01-25 00:00:00+00:00,-0.726076987900143,-0.008343954777012996,0
0,3,2,1,0,0,0,0,0,0,0.0,0.0,0.0,0,0,0,0,0,0.0,999.0,SMA_5_20,SPY,5,20,1,a6aae299-74b4-4757-aa53-f6dd66665c3f,2006-02-02 00:00:00+00:00,-1.1370927247144493,-0.012959148036036088,0
0,0,2,1,0,0,0,0,0,0,0.0,0.0,0.0,0,0,0,0,0,0.0,999.0,SMA_5_20,SPY,5,20,-1,44b6beb0-9f19-45df-b4cd-b17bacc28ed3,2006-02-06 00:00:00+00:00,-1.3014611129352716,-0.015027150585755206,0
0,2,2,1,0,0,0,0,0,0,0.0,0.0,0.0,0,0,0,0,0,0.0,999.0,SMA_10_30,SPY,10,30,-1,594ca9e7-1d77-4177-b438-ac8b8fcbaacd,2006-02-08 00:00:00+00:00,-2.3426014609487567,-0.027175356313797926,0
0,3,2,1,0,0,0,0,0,0,0.0,0.0,0.0,0,0,0,0,0,0.0,999.0,SMA_5_20,SPY,5,20,1,e5aca373-fd80-4b18-9477-bf628397e555,2006-02-16 00:00:00+00:00,-0.4315330324120197,-0.004908873360352015,0
0,3,2,1,0,0,0,0,0,0,0.0,0.0,0.0,0,0,0,0,0,0.0,999.0,SMA_10_30,SPY,10,30,1,e578c622-6fd2-4475-b0ec-6b79cd5ee105,2006-02-23 00:00:00+00:00,1.4661898891252179,0.01655855619261607,1
0,4,3,1,0,0,0,0,0,0,0.0,0.0,0.0,0,0,0,0,0,0.0,999.0,SMA_5_20,SPY,5,20,-1,d876f20d-d6cd-47c9-b05a-96e3fbc92120,2006-03-10 00:00:00+00:00,-2.260362687636885,-0.025839437737370803,0
0,3,3,1,0,0,0,0,0,0,0.0,0.0,0.0,0,0,0,0,0,0.0,999.0,SMA_5_20,SPY,5,20,1,146a9bb2-64ef-4f44-addc-c015afe9810b,2006-03-16 00:00:00+00:00,-1.1835872534665839,-0.013189423636245298,0
0,2,4,2,0,0,0,0,0,0,0.0,0.0,0.0,0,0,0,0,0,0.0,999.0,SMA_5_20,SPY,5,20,-1,bc13a885-2692-412c-9b4d-af17879bd9a1,2006-04-12 00:00:00+00:00,-2.0081096936174134,-0.02267666453607255,0
0,4,4,2,0,0,0,0,0,0,0.0,0.0,0.0,0,0,0,0,0,0.0,999.0,SMA_5_20,SPY,5,20,1,fa3d1bbf-c1af-408a-884b-7f0d1db7cf81,2006-04-21 00:00:00+00:00,-1.3272811959671884,-0.01465602975939886,0
0,0,4,2,0,0,0,0,0,0,0.0,0.0,0.0,0,0,0,0,0,0.0,999.0,SMA_10_30,SPY,10,30,-1,0fb98e24-ba82-44d1-851e-181ef12361ec,2006-04-24 00:00:00+00:00,0.6808260726045177,0.007563730125384722,1
0,3,4,2,0,0,0,0,0,0,0.0,0.0,0.0,0,0,0,0,0,0.0,999.0,SMA_10_30,SPY,10,30,1,2241cfcb-5002-494d-b01f-5da5bc71a017,2006-04-27 00:00:00+00:00,-2.083669985988138,-0.023325241777592032,0
0,1,5,2,0,0,0,0,0,0,0.0,0.0,0.0,0,0,0,0,0,0.0,999.0,SMA_5_20,SPY,5,20,-1,eda88677-a12d-4961-baa2-d734911fc62c,2006-05-16 00:00:00+00:00,1.1389846071916594,0.012763899855072616,1
0,4,5,2,0,0,0,0,0,0,0.0,0.0,0.0,0,0,0,0,0,0.0,999.0,SMA_10_30,SPY,10,30,-1,55f78e1d-0f60-43a0-ae71-2b724d469d7b,2006-05-19 00:00:00+00:00,-0.6135264574979828,-0.007032027334456904,0
0,2,5,2,0,0,0,0,0,0,0.0,0.0,0.0,0,0,0,0,0,0.0,999.0,SMA_20_50,SPY,20,50,-1,01570f0a-89ef-4ba9-8775-a23c1e48a3bd,2006-05-24 00:00:00+00:00,-1.0105969676037176,-0.011692789049393892,0
0,2,6,2,0,0,0,0,0,0,0.0,0.0,0.0,0,0,0,0,0,0.0,999.0,SMA_50_100,SPY,50,100,-1,9f0f10d9-1beb-4ae4-853c-07c0b208b753,2006-06-21 00:00:00+00:00,-4.18590417340927,-0.048871832147433625,0
0,4,6,2,0,0,0,0,0,0,0.0,0.0,0.0,0,0,0,0,0,0.0,999.0,SMA_5_20,SPY,5,20,1,154a77c3-2dce-41c2-8bc8-cd585b88e70a,2006-06-30 00:00:00+00:00,-2.6454914898554875,-0.030029691751016073,0
0,3,7,3,0,0,0,0,0,0,0.0,0.0,0.0,0,0,0,0,0,0.0,999.0,SMA_10_30,SPY,10,30,1,279cd38e-7767-4e9b-a95e-819a4a9658c1,2006-07-06 00:00:00+00:00,-1.906376397368021,-0.0216976462265799,0
0,1,7,3,0,0,0,0,0,0,0.0,0.0,0.0,0,0,0,0,0,0.0,999.0,SMA_5_20,SPY,5,20,-1,a29f8f28-491b-47f4-988f-53cce9b2cfeb,2006-07-18 00:00:00+00:00,-2.300146491678589,-0.02691792392600077,0
0,0,7,3,0,0,0,0,0,0,0.0,0.0,0.0,0,0,0,0,0,0.0,999.0,SMA_10_30,SPY,10,30,-1,95e22799-17b8-4e97-bdcd-d5dc1c3c3974,2006-07-24 00:00:00+00:00,-2.224138675532501,-0.02587573740542347,0
0,2,7,3,0,0,0,0,0,0,0.0,0.0,0.0,0,0,0,0,0,0.0,999.0,SMA_20_50,SPY,20,50,1,077df4ce-4dac-48cf-a60a-6c984a9a7b1b,2006-07-26 00:00:00+00:00,10.522150895863462,0.12033611737781236,1
0,4,7,3,0,0,0,0,0,0,0.0,0.0,0.0,0,0,0,0,0,0.0,999.0,SMA_5_20,SPY,5,20,1,9a7e2a66-895a-437d-a108-716d9c31100c,2006-07-28 00:00:00+00:00,10.490395684161214,0.11954796852536452,1
0,0,7,3,0,0,0,0,0,0,0.0,0.0,0.0,0,0,0,0,0,0.0,999.0,SMA_10_30,SPY,10,30,1,4c7ced9c-3989-4efb-b142-850e641301ce,2006-07-31 00:00:00+00:00,8.045978164502287,0.0912462371870889,1
0,3,9,3,0,0,0,0,0,0,0.0,0.0,0.0,0,0,0,0,0,0.0,999.0,SMA_50_100,SPY,50,100,1,f4054a29-6253-4046-b8ab-118093ba5802,2006-09-07 00:00:00+00:00,12.97539799851046,0.14443338980751927,1
0,0,1,1,0,0,0,0,0,0,0.0,0.0,0.0,0,0,0,0,0,0.0,999.0,SMA_5_20,SPY,5,20,-1,5314570b-f1ee-4377-9f86-0e21a608cb26,2007-01-08 00:00:00+00:00,-1.5696714986309246,-0.01597777854348608,0
0,1,1,1,0,0,0,0,0,0,0.0,0.0,0.0,0,0,0,0,0,0.0,999.0,SMA_5_20,SPY,5,20,1,91d50182-1238-4d21-8e19-0ab1a730441d,2007-01-16 00:00:00+00:00,-1.8696949705592516,-0.018732432460092492,0
0,2,2,1,0,0,0,0,0,0,0.0,0.0,0.0,0,0,0,0,0,0.0,999.0,SMA_5_20,SPY,5,20,-1,19950bf3-ef2d-4bc2-9be4-725c6368a570,2007-02-28 00:00:00+00:00,-2.5527370998303667,-0.02606405964763823,0
0,0,3,1,0,0,0,0,0,0,0.0,0.0,0.0,0,0,0,0,0,0.0,999.0,SMA_10_30,SPY,10,30,-1,9477bc4f-83f6-4a11-b470-163586197722,2007-03-05 00:00:00+00:00,-3.610556405200313,-0.037522130476536485,0
0,0,3,1,0,0,0,0,0,0,0.0,0.0,0.0,0,0,0,0,0,0.0,999.0,SMA_20_50,SPY,20,50,-1,a726ab78-91cc-4fc7-bdb0-93eb78174533,2007-03-12 00:00:00+00:00,-3.5263379197880766,-0.035997062294205386,0
0,3,3,1,0,0,0,0,0,0,0.0,0.0,0.0,0,0,0,0,0,0.0,999.0,SMA_5_20,SPY,5,20,1,48fff0ce-16ca-4b3a-bf3b-7514263ca378,2007-03-22 00:00:00+00:00,5.217969780754274,0.05192339184789665,1
0,3,3,1,0,0,0,0,0,0,0.0,0.0,0.0,0,0,0,0,0,0.0,999.0,SMA_10_30,SPY,10,30,1,fbda1743-525c-4476-94e3-a9b47c3527a1,2007-03-29 00:00:00+00:00,7.471464665024527,0.0748379242383286,1
0,4,4,2,0,0,0,0,0,0,0.0,0.0,0.0,0,0,0,0,0,0.0,999.0,SMA_20_50,SPY,20,50,1,f94385eb-445d-4a72-9263-fd1a46b10819,2007-04-13 00:00:00+00:00,-0.04793456499379545,-0.0004723168059985838,0
0,0,6,2,0,0,0,0,0,0,0.0,0.0,0.0,0,0,0,0,0,0.0,999.0,SMA_5_20,SPY,5,20,-1,9ba61d39-df36-4f11-a792-f45bc8e2b7bb,2007-06-11 00:00:00+00:00,-1.5951454933492357,-0.01508959847147535,0
0,1,6,2,0,0,0,0,0,0,0.0,0.0,0.0,0,0,0,0,0,0.0,999.0,SMA_5_20,SPY,5,20,1,9c98f0bd-456d-4223-9858-2f207d71ee5f,2007-06-19 00:00:00+00:00,-1.6460048130846303,-0.015339249286451811,0
0,1,6,2,0,0,0,0,0,0,0.0,0.0,0.0,0,0,0,0,0,0.0,999.0,SMA_10_30,SPY,10,30,-1,87430ab4-1ca8-4708-b808-921d43e22729,2007-06-19 00:00:00+00:00,0.724464096859478,0.0067513383268827274,1
0,4,6,2,0,0,0,0,0,0,0.0,0.0,0.0,0,0,0,0,0,0.0,999.0,SMA_10_30,SPY,10,30,1,e1a3eb2e-86b1-4feb-8065-844cd29773a4,2007-06-22 00:00:00+00:00,-0.8019476327007737,-0.0075242120384814756,0
0,1,6,2,0,0,0,0,0,0,0.0,0.0,0.0,0,0,0,0,0,0.0,999.0,SMA_5_20,SPY,5,20,-1,bc9559a9-505b-401b-9279-d0de5175faa5,2007-06-26 00:00:00+00:00,-1.5405207319096945,-0.014579879176427975,0
0,3,6,2,0,0,0,0,0,0,0.0,0.0,0.0,0,0,0,0,0,0.0,999.0,SMA_10_30,SPY,10,30,-1,3df3b327-3cd7-440c-bcfa-f59a27e23487,2007-06-28 00:00:00+00:00,-1.3998351740310824,-0.01323341698598895,0
0,3,7,3,0,0,0,0,0,0,0.0,0.0,0.0,0,0,0,0,0,0.0,999.0,SMA_5_20,SPY,5,20,1,6c33faf4-8241-436a-bb54-8f3082009f44,2007-07-05 00:00:00+00:00,-2.947321030391592,-0.027493344591608706,0
0,3,7,3,0,0,0,0,0,0,0.0,0.0,0.0,0,0,0,0,0,0.0,999.0,SMA_10_30,SPY,10,30,1,87120baa-856c-4ab3-bc1c-7f4e88164dca,2007-07-12 00:00:00+00:00,-2.841815880138114,-0.02651438313444242,0
0,4,7,3,0,0,0,0,0,0,0.0,0.0,0.0,0,0,0,0,0,0.0,999.0,SMA_5_20,SPY,5,20,-1,e0e21ff5-3470-42cc-9eb6-166204b16caa,2007-07-27 00:00:00+00:00,1.216939698269286,0.011672842048895404,1
0,1,7,3,0,0,0,0,0,0,0.0,0.0,0.0,0,0,0,0,0,0.0,999.0,SMA_10_30,SPY,10,30,-1,b8d369e6-68e9-4720-8524-c6ccfebf2187,2007-07-31 00:00:00+00:00,0.09142980255801092,0.000876281884301911,1
0,0,8,3,0,0,0,0,0,0,0.0,0.0,0.0,0,0,0,0,0,0.0,999.0,SMA_20_50,SPY,20,50,-1,272ad894-7ae9-4a27-9cc5-0a20c4b970b1,2007-08-06 00:00:00+00:00,-6.283724479189942,-0.06194509393628623,0
0,4,8,3,0,0,0,0,0,0,0.0,0.0,0.0,0,0,0,0,0,0.0,999.0,SMA_5_20,SPY,5,20,1,d6bb8a85-34ae-4864-a204-1a0a7bf8085c,2007-08-24 00:00:00+00:00,2.170922548198945,0.021069350617824438,1
0,1,8,3,0,0,0,0,0,0,0.0,0.0,0.0,0,0,0,0,0,0.0,999.0,SMA_50_100,SPY,50,100,-1,3e00fa20-4f56-413c-a986-d13ce5935e6b,2007-08-28 00:00:00+00:00,-4.367796056209244,-0.04248334924552942,0
0,2,9,3,0,0,0,0,0,0,0.0,0.0,0.0,0,0,0,0,0,0.0,999.0,SMA_10_30,SPY,10,30,1,3963b7c2-b2c4-4103-b334-358fc2bf0a0b,2007-09-05 00:00:00+00:00,3.929368511550919,0.03769289922148873,1
0,0,9,3,0,0,0,0,0,0,0.0,0.0,0.0,0,0,0,0,0,0.0,999.0,SMA_20_50,SPY,20,50,1,27c97ae3-5d09-43d2-947f-e28059f2d38a,2007-09-24 00:00:00+00:00,-4.982653618121233,-0.04625390624303109,0
0,0,10,4,0,0,0,0,0,0,0.0,0.0,0.0,0,0,0,0,0,0.0,999.0,SMA_5_20,SPY,5,20,-1,4bc257a8-b36a-4e7b-9aca-017dcfee0599,2007-10-22 00:00:00+00:00,1.554908001125682,0.014779382157199641,1
0,3,10,4,0,0,0,0,0,0,0.0,0.0,0.0,0,0,0,0,0,0.0,999.0,SMA_50_100,SPY,50,100,1,a0e42020-6afe-48c7-8c39-60e978bc17de,2007-10-25 00:00:00+00:00,-1.299842415104436,-0.012127686813410166,0
0,4,10,4,0,0,0,0,0,0,0.0,0.0,0.0,0,0,0,0,0,0.0,999.0,SMA_10_30,SPY,10,30,-1,01d61198-33a2-4f6b-a563-cfdbbbb82993,2007-10-26 00:00:00+00:00,0.6502283141933702,0.006010821273055824,1
0,1,11,4,0,0,0,0,0,0,0.0,0.0,0.0,0,0,0,0,0,0.0,999.0,SMA_20_50,SPY,20,50,-1,ec24c2cc-aeaa-4b65-bfaf-5d4301c91bc9,2007-11-13 00:00:00+00:00,-1.7744985357012268,-0.017271521266488576,0
0,1,12,4,0,0,0,0,0,0,0.0,0.0,0.0,0,0,0,0,0,0.0,999.0,SMA_5_20,SPY,5,20,1,e051c188-df7f-46bd-9680-f300df7ede29,2007-12-04 00:00:00+00:00,0.12723325065334734,0.0012274921174767245,1
0,1,12,4,0,0,0,0,0,0,0.0,0.0,0.0,0,0,0,0,0,0.0,999.0,SMA_10_30,SPY,10,30,1,7f148ff4-a737-4620-971e-6ca74e2cbadb,2007-12-11 00:00:00+00:00,-6.577014475036563,-0.06116670402659126,0
0,3,12,4,0,0,0,0,0,0,0.0,0.0,0.0,0,0,0,0,0,0.0,999.0,SMA_5_20,SPY,5,20,-1,32c69018-b920-4727-8d1c-1613750e0ce3,2007-12-20 00:00:00+00:00,-2.0996639104110386,-0.02023182716512284,0
0,3,12,4,0,0,0,0,0,0,0.0,0.0,0.0,0,0,0,0,0,0.0,999.0,SMA_5_20,SPY,5,20,1,018da4ac-35c2-4bbc-836a-542dc483d936,2007-12-27 00:00:00+00:00,-2.9201377729859956,-0.027579716472096713,0
0,3,12,4,0,0,0,0,0,0,0.0,0.0,0.0,0,0,0,0,0,0.0,999.0,SMA_50_100,SPY,50,100,-1,2ced3bbc-f8b8-44c5-9be0-b8a1a4f00d82,2007-12-27 00:00:00+00:00,4.6239223492003845,0.043671387206342456,1
0,0,12,4,0,0,0,0,0,0,0.0,0.0,0.0,0,0,0,0,0,0.0,999.0,SMA_20_50,SPY,20,50,1,261abad0-f807-4c9f-a992-f4e20cd34313,2007-12-31 00:00:00+00:00,-3.758582201987636,-0.03596185725066717,0
0,3,1,1,0,0,0,0,0,0,0.0,0.0,0.0,0,0,0,0,0,0.0,999.0,SMA_5_20,SPY,5,20,-1,655912d4-d3c2-41ad-bcb8-079f7403884c,2008-01-03 00:00:00+00:00,6.373250215081413,0.061900394276012766,1
0,0,1,1,0,0,0,0,0,0,0.0,0.0,0.0,0,0,0,0,0,0.0,999.0,SMA_20_50,SPY,20,50,-1,fd8118ad-fb71-4fa9-bc4e-87455a5e8226,2008-01-07 00:00:00+00:00,5.377593252114281,0.05337179296408228,1
0,1,1,1,0,0,0,0,0,0,0.0,0.0,0.0,0,0,0,0,0,0.0,999.0,SMA_10_30,SPY,10,30,-1,198c6876-610f-4dd8-9d41-f49202591d07,2008-01-08 00:00:00+00:00,3.21149072415686,0.03181298860019038,1
0,1,2,1,0,0,0,0,0,0,0.0,0.0,0.0,0,0,0,0,0,0.0,999.0,SMA_5_20,SPY,5,20,1,89772be1-614c-477d-b5b4-0c0f95127379,2008-02-05 00:00:00+00:00,-2.0249823610525652,-0.020965476484932757,0
0,4,2,1,0,0,0,0,0,0,0.0,0.0,0.0,0,0,0,0,0,0.0,999.0,SMA_5_20,SPY,5,20,-1,fc4e7c34-90ff-41a1-97d8-9e7d407c2ba2,2008-02-08 00:00:00+00:00,-1.0018293032482575,-0.010594469537277412,0
0,4,2,1,0,0,0,0,0,0,0.0,0.0,0.0,0,0,0,0,0,0.0,999.0,SMA_5_20,SPY,5,20,1,f9657da9-4adc-43bd-beb0-5a7cca291cd7,2008-02-15 00:00:00+00:00,-0.7673113471147985,-0.008029346305769462,0
0,2,2,1,0,0,0,0,0,0,0.0,0.0,0.0,0,0,0,0,0,0.0,999.0,SMA_10_30,SPY,10,30,1,56a6f5df-15e4-4f7e-81bb-90c9af351229,2008-02-27 00:00:00+00:00,-5.534896023646226,-0.05663018919720957,0
0,2,3,1,0,0,0,0,0,0,0.0,0.0,0.0,0,0,0,0,0,0.0,999.0,SMA_5_20,SPY,5,20,-1,24267c10-e590-4dce-9287-7ca5df6e9d0c,2008-03-05 00:00:00+00:00,-1.2118723608682984,-0.012783995973644512,0
0,4,3,1,0,0,0,0,0,0,0.0,0.0,0.0,0,0,0,0,0,0.0,999.0,SMA_10_30,SPY,10,30,-1,3d7aabd6-636c-4e23-add7-9623cc0034ee,2008-03-07 00:00:00+00:00,-5.654565468876243,-0.061327577279840756,0
0,2,3,1,0,0,0,0,0,0,0.0,0.0,0.0,0,0,0,0,0,0.0,999.0,SMA_5_20,SPY,5,20,1,d43b161c-94da-4f32-ae89-37590b14aa4a,2008-03-26 00:00:00+00:00,0.057090129268431156,0.0005946397550762709,1
0,2,4,2,0,0,0,0,0,0,0.0,0.0,0.0,0,0,0,0,0,0.0,999.0,SMA_10_30,SPY,10,30,1,8a30bbef-ae4a-4ec4-8459-7ae7543f8626,2008-04-02 00:00:00+00:00,1.6065936497551547,0.0164177322529938,1
0,1,4,2,0,0,0,0,0,0,0.0,0.0,0.0,0,0,0,0,0,0.0,999.0,SMA_20_50,SPY,20,50,1,d40be30f-7594-4efb-9073-128763d2c957,2008-04-15 00:00:00+00:00,2.491869181376046,0.026125802548954094,1
0,2,4,2,0,0,0,0,0,0,0.0,0.0,0.0,0,0,0,0,0,0.0,999.0,SMA_5_20,SPY,5,20,-1,6d2ff051-e43a-4b73-9e76-1b8eedd658fa,2008-04-16 00:00:00+00:00,-2.6347746214625687,-0.02742699416511329,0
0,0,4,2,0,0,0,0,0,0,0.0,0.0,0.0,0,0,0,0,0,0.0,999.0,SMA_5_20,SPY,5,20,1,5983e6e9-ca61-4293-b98f-f8caf47fde11,2008-04-21 00:00:00+00:00,-0.3070093925502988,-0.003110537438429363,0
0,2,5,2,0,0,0,0,0,0,0.0,0.0,0.0,0,0,0,0,0,0.0,999.0,SMA_50_100,SPY,50,100,1,cf62997e-2dbd-4a6f-93b7-fe37946e39ab,2008-05-21 00:00:00+00:00,-11.455874663097276,-0.11313775551715434,0
0,1,5,2,0,0,0,0,0,0,0.0,0.0,0.0,0,0,0,0,0,0.0,999.0,SMA_5_20,SPY,5,20,-1,e4bedfb5-86c5-42b9-8520-26311b378726,2008-05-27 00:00:00+00:00,6.296348984982629,0.06399198126091264,1
0,1,6,2,0,0,0,0,0,0,0.0,0.0,0.0,0,0,0,0,0,0.0,999.0,SMA_10_30,SPY,10,30,-1,4bc9511c-a461-49f4-b2cf-29ce9fde9644,2008-06-03 00:00:00+00:00,7.597013679216019,0.07637967358204183,1
0,1,6,2,0,0,0,0,0,0,0.0,0.0,0.0,0,0,0,0,0,0.0,999.0,SMA_20_50,SPY,20,50,-1,9192911c-1974-4a63-9681-7067b0257004,2008-06-17 00:00:00+00:00,6.722263076328815,0.06868458801838627,1
0,3,7,3,0,0,0,0,0,0,0.0,0.0,0.0,0,0,0,0,0,0.0,999.0,SMA_50_100,SPY,50,100,-1,23f724d6-56b2-4422-bc7b-5235ae90c751,2008-07-17 00:00:00+00:00,24.17625481507784,0.26922300239941016,1
0,3,7,3,0,0,0,0,0,0,0.0,0.0,0.0,0,0,0,0,0,0.0,999.0,SMA_5_20,SPY,5,20,1,60d39740-7856-4cbc-a0f5-092ae361a002,2008-07-24 00:00:00+00:00,-0.9472033316591251,-0.010284908036291713,0
0,2,8,3,0,0,0,0,0,0,0.0,0.0,0.0,0,0,0,0,0,0.0,999.0,SMA_10_30,SPY,10,30,1,6bf65574-11d1-4d4d-863e-5ea3c86ddb06,2008-08-06 00:00:00+00:00,0.014320265280787225,0.00015588074433969422,1
0,1,8,3,0,0,0,0,0,0,0.0,0.0,0.0,0,0,0,0,0,0.0,999.0,SMA_5_20,SPY,5,20,-1,aa7d2219-4a52-4ca9-ba7f-4b12505bfe70,2008-08-26 00:00:00+00:00,-1.944679760988393,-0.021335120366964794,0
0,1,8,3,0,0,0,0,0,0,0.0,0.0,0.0,0,0,0,0,0,0.0,999.0,SMA_20_50,SPY,20,50,1,43a4d664-164b-4aef-9466-cc0af0748386,2008-08-26 00:00:00+00:00,-5.295901394206467,-0.05810143961160196,0
0,4,8,3,0,0,0,0,0,0,0.0,0.0,0.0,0,0,0,0,0,0.0,999.0,SMA_5_20,SPY,5,20,1,ac06533b-6e26-4603-a15d-fd3dcaf412d2,2008-08-29 00:00:00+00:00,0.21525901917564738,0.0023122782493689713,1
0,1,9,3,0,0,0,0,0,0,0.0,0.0,0.0,0,0,0,0,0,0.0,999.0,SMA_5_20,SPY,5,20,-1,23002c34-69ab-4d5d-ae26-0156e8cf66f1,2008-09-02 00:00:00+00:00,2.19585159393327,0.023533074599176262,1
0,3,9,3,0,0,0,0,0,0,0.0,0.0,0.0,0,0,0,0,0,0.0,999.0,SMA_5_20,SPY,5,20,1,8d154702-5211-438a-849b-ff8802b61ecb,2008-09-04 00:00:00+00:00,-2.640736191011001,-0.028982988619016447,0
0,4,9,3,0,0,0,0,0,0,0.0,0.0,0.0,0,0,0,0,0,0.0,999.0,SMA_5_20,SPY,5,20,-1,52369dbb-4fbb-42f1-9b0a-569cf4e2fc25,2008-09-05 00:00:00+00:00,16.97593173865168,0.19187788848523377,1
0,0,9,3,0,0,0,0,0,0,0.0,0.0,0.0,0,0,0,0,0,0.0,999.0,SMA_10_30,SPY,10,30,-1,63cbad8a-d7ee-4362-a53a-1f20aec888e6,2008-09-08 00:00:00+00:00,26.31727323667907,0.2864274286849776,1
0,2,9,3,0,0,0,0,0,0,0.0,0.0,0.0,0,0,0,0,0,0.0,999.0,SMA_20_50,SPY,20,50,-1,ce2935c5-4ffe-46e9-9c57-9686d57e7ee8,2008-09-17 00:00:00+00:00,18.454808439603994,0.21495740544853886,1
0,1,11,4,0,0,0,0,0,0,0.0,0.0,0.0,0,0,0,0,0,0.0,999.0,SMA_5_20,SPY,5,20,1,3576e5ba-ad49-4842-b68a-dee419c330e5,2008-11-04 00:00:00+00:00,-7.816578717949888,-0.1093279050885129,0
0,2,11,4,0,0,0,0,0,0,0.0,0.0,0.0,0,0,0,0,0,0.0,999.0,SMA_5_20,SPY,5,20,-1,6f95c329-c998-4e1b-a07c-1366ce813573,2008-11-12 00:00:00+00:00,-1.5445048680533162,-0.024254133072445963,0
0,1,12,4,0,0,0,0,0,0,0.0,0.0,0.0,0,0,0,0,0,0.0,999.0,SMA_5_20,SPY,5,20,1,299a1d7f-24cf-4583-9126-674e849e4115,2008-12-09 00:00:00+00:00,-1.7478932144054724,-0.026798077936513096,0
0,2,12,4,0,0,0,0,0,0,0.0,0.0,0.0,0,0,0,0,0,0.0,999.0,SMA_10_30,SPY,10,30,1,436cc9e5-a8a4-42d7-b6e2-0bf84ca0bf3c,2008-12-17 00:00:00+00:00,-5.943492130281918,-0.0906519725700873,0
0,4,12,4,0,0,0,0,0,0,0.0,0.0,0.0,0,0,0,0,0,0.0,999.0,SMA_5_20,SPY,5,20,-1,7ba05278-02a1-41ee-a5ae-ef7f99dd4b65,2008-12-26 00:00:00+00:00,-3.9218379739234948,-0.06178391705984974,0
0,0,1,1,0,0,0,0,0,0,0.0,0.0,0.0,0,0,0,0,0,0.0,999.0,SMA_5_20,SPY,5,20,1,e3c19e1d-c235-4f0a-96e9-8806d2cc571c,2009-01-05 00:00:00+00:00,-5.158765754593716,-0.07654123351928738,0
0,0,1,1,0,0,0,0,0,0,0.0,0.0,0.0,0,0,0,0,0,0.0,999.0,SMA_20_50,SPY,20,50,1,0951837a-a475-4076-bc1c-3f988461edde,2009-01-05 00:00:00+00:00,-6.934112131556702,-0.10288226315331205,0
0,2,1,1,0,0,0,0,0,0,0.0,0.0,0.0,0,0,0,0,0,0.0,999.0,SMA_5_20,SPY,5,20,-1,5cfe693b-9c73-44e7-b497-c1bb95f4497a,2009-01-14 00:00:00+00:00,-0.5311521717423417,-0.008533969803235125,0
0,2,1,1,0,0,0,0,0,0,0.0,0.0,0.0,0,0,0,0,0,0.0,999.0,SMA_10_30,SPY,10,30,-1,984fdbbf-aea1-4aa3-9304-fe383b8f4df5,2009-01-21 00:00:00+00:00,0.08623963842330085,0.0014464797716760623,1
0,1,2,1,0,0,0,0,0,0,0.0,0.0,0.0,0,0,0,0,0,0.0,999.0,SMA_20_50,SPY,20,50,-1,b8025151-8733-4c15-a452-94671ba94417,2009-02-03 00:00:00+00:00,0.19013744900308893,0.003144617800149282,1
0,1,2,1,0,0,0,0,0,0,0.0,0.0,0.0,0,0,0,0,0,0.0,999.0,SMA_5_20,SPY,5,20,1,d11d88d8-3439-436d-bd38-0ead7d2b2c53,2009-02-10 00:00:00+00:00,-4.7149024838708655,-0.07511286445643016,0
0,2,2,1,0,0,0,0,0,0,0.0,0.0,0.0,0,0,0,0,0,0.0,999.0,SMA_5_20,SPY,5,20,-1,e8516a86-d039-428a-baed-f80aff9221ba,2009-02-18 00:00:00+00:00,2.7067193108193592,0.046622557367586644,1
0,1,3,1,0,0,0,0,0,0,0.0,0.0,0.0,0,0,0,0,0,0.0,999.0,SMA_5_20,SPY,5,20,1,319768b6-793b-47ba-bc2a-e3c3978f9aa7,2009-03-17 00:00:00+00:00,10.941405984745195,0.19767927132012578,1
0,1,3,1,0,0,0,0,0,0,0.0,0.0,0.0,0,0,0,0,0,0.0,999.0,SMA_10_30,SPY,10,30,1,7458aa6d-e9e5-4743-97ea-c860c1499395,2009-03-24 00:00:00+00:00,8.09644900291076,0.13599679554769556,1
0,1,4,2,0,0,0,0,0,0,0.0,0.0,0.0,0,0,0,0,0,0.0,999.0,SMA_20_50,SPY,20,50,1,e48594bd-1693-4ac9-9580-9dce9206801e,2009-04-07 00:00:00+00:00,4.806418205281602,0.07974245527564512,1
0,0,5,2,0,0,0,0,0,0,0.0,0.0,0.0,0,0,0,0,0,0.0,999.0,SMA_50_100,SPY,50,100,1,a7f6feda-7a59-41c4-94b4-c1091277e9ac,2009-05-18 00:00:00+00:00,15.297072755462636,0.23310232340980366,1
0,3,5,2,0,0,0,0,0,0,0.0,0.0,0.0,0,0,0,0,0,0.0,999.0,SMA_5_20,SPY,5,20,-1,73fe7c6b-9cac-4da2-bc31-7d5bcd73a9d2,2009-05-28 00:00:00+00:00,-2.3523547169772456,-0.03548544665097921,0
0,0,6,2,0,0,0,0,0,0,0.0,0.0,0.0,0,0,0,0,0,0.0,999.0,SMA_5_20,SPY,5,20,1,3a7f80ea-68f5-47d2-ad8e-9aaf2594c68e,2009-06-01 00:00:00+00:00,-0.41556534742832696,-0.006054005233282025,0
0,4,6,2,0,0,0,0,0,0,0.0,0.0,0.0,0,0,0,0,0,0.0,999.0,SMA_5_20,SPY,5,20,-1,a5b4985f-c7c9-4c72-be8d-0a9912d522bf,2009-06-19 00:00:00+00:00,-1.0907237135792798,-0.015986575139298933,0
0,4,6,2,0,0,0,0,0,0,0.0,0.0,0.0,0,0,0,0,0,0.0,999.0,SMA_10_30,SPY,10,30,-1,06989ac5-62dc-4e7e-ab0a-55bbf807584d,2009-06-26 00:00:00+00:00,-2.8299152504917657,-0.0418437321944209,0
0,0,7,3,0,0,0,0,0,0,0.0,0.0,0.0,0,0,0,0,0,0.0,999.0,SMA_20_50,SPY,20,50,-1,2d9ba8f6-8d30-4842-907c-7657455a5a34,2009-07-13 00:00:00+00:00,-5.37979299037309,-0.08266343236256274,0
0,4,7,3,0,0,0,0,0,0,0.0,0.0,0.0,0,0,0,0,0,0.0,999.0,SMA_5_20,SPY,5,20,1,25871c78-22e7-4130-8891-58606c12fd75,2009-07-17 00:00:00+00:00,6.588401913931293,0.09504576996810461,1
0,3,7,3,0,0,0,0,0,0,0.0,0.0,0.0,0,0,0,0,0,0.0,999.0,SMA_10_30,SPY,10,30,1,60080ddf-6a04-4463-aa65-114ddf26bd47,2009-07-23 00:00:00+00:00,7.666240688273234,0.1088019931142354,1
0,3,7,3,0,0,0,0,0,0,0.0,0.0,0.0,0,0,0,0,0,0.0,999.0,SMA_20_50,SPY,20,50,1,9cd70f99-7668-4cb1-8876-ade2676e448f,2009-07-23 00:00:00+00:00,9.292904693467719,0.13188818269383876,1
0,1,9,3,0,0,0,0,0,0,0.0,0.0,0.0,0,0,0,0,0,0.0,999.0,SMA_5_20,SPY,5,20,-1,d1177ad7-f312-4e62-9296-f0e918691cee,2009-09-08 00:00:00+00:00,-0.589570960082014,-0.007767057503092942,0
0,3,9,3,0,0,0,0,0,0,0.0,0.0,0.0,0,0,0,0,0,0.0,999.0,SMA_5_20,SPY,5,20,1,95109526-50e2-4b46-967f-c636bfa16501,2009-09-10 00:00:00+00:00,-0.30208799902288774,-0.003949060174437786,0
0,0,10,4,0,0,0,0,0,0,0.0,0.0,0.0,0,0,0,0,0,0.0,999.0,SMA_5_20,SPY,5,20,-1,a51005f1-24c3-4457-a97c-10e3805211e9,2009-10-05 00:00:00+00:00,-3.59869494183431,-0.04723063263188334,0
0,0,10,4,0,0,0,0,0,0,0.0,0.0,0.0,0,0,0,0,0,0.0,999.0,SMA_5_20,SPY,5,20,1,99d77621-a2d6-4cfb-9823-701078ecab13,2009-10-12 00:00:00+00:00,-1.0810971661818911,-0.013548809015041699,0
0,4,10,4,0,0,0,0,0,0,0.0,0.0,0.0,0,0,0,0,0,0.0,999.0,SMA_5_20,SPY,5,20,-1,9b56daca-97a6-4ec1-8671-94262d5e2a02,2009-10-30 00:00:00+00:00,-2.9693098015148394,-0.03772387545735446,0
0,2,11,4,0,0,0,0,0,0,0.0,0.0,0.0,0,0,0,0,0,0.0,999.0,SMA_10_30,SPY,10,30,-1,b42e6db1-d6fc-4652-bdf7-9acdc19f0926,2009-11-04 00:00:00+00:00,-3.6061167583110176,-0.04615727774642128,0
0,2,11,4,0,0,0,0,0,0,0.0,0.0,0.0,0,0,0,0,0,0.0,999.0,SMA_5_20,SPY,5,20,1,b7a38cdc-b64d-43ba-b2b9-716a2c01097d,2009-11-11 00:00:00+00:00,0.2887702062442372,0.0035353414461883575,1
0,0,11,4,0,0,0,0,0,0,0.0,0.0,0.0,0,0,0,0,0,0.0,999.0,SMA_10_30,SPY,10,30,1,fd1b1a7d-9060-4538-a42b-3ad1e2b7bcbb,2009-11-16 00:00:00+00:00,0.2985428651480646,0.0036526673185278864,1
0,3,12,4,0,0,0,0,0,0,0.0,0.0,0.0,0,0,0,0,0,0.0,999.0,SMA_5_20,SPY,5,20,-1,bb042c13-5b26-4d31-af4c-850694a2ffcd,2009-12-10 00:00:00+00:00,-0.8145131172323801,-0.009936750669925864,0
0,2,12,4,0,0,0,0,0,0,0.0,0.0,0.0,0,0,0,0,0,0.0,999.0,SMA_5_20,SPY,5,20,1,90b511f2-30e1-4126-b2d0-72dcc665f40a,2009-12-16 00:00:00+00:00,-0.7380046870800356,-0.008914792807341233,0
0,0,1,1,0,0,0,0,0,0,0.0,0.0,0.0,0,0,0,0,0,0.0,999.0,SMA_5_20,SPY,5,20,-1,e88b8eae-ac89-4d6d-b1cb-4a46ba66396d,2010-01-25 00:00:00+00:00,-0.30522993758108896,-0.0037202169560790386,0
0,3,1,1,0,0,0,0,0,0,0.0,0.0,0.0,0,0,0,0,0,0.0,999.0,SMA_10_30,SPY,10,30,-1,e7bf0515-f0b6-413f-a7a5-e95479c982d0,2010-01-28 00:00:00+00:00,-0.43178618300370886,-0.005263670804814829,0
0,1,2,1,0,0,0,0,0,0,0.0,0.0,0.0,0,0,0,0,0,0.0,999.0,SMA_20_50,SPY,20,50,-1,9a357c80-21ad-406d-a4de-dad65a3cffc2,2010-02-09 00:00:00+00:00,-6.566077409481778,-0.08232976460074004,0
0,4,2,1,0,0,0,0,0,0,0.0,0.0,0.0,0,0,0,0,0,0.0,999.0,SMA_5_20,SPY,5,20,1,d4c17b4a-04f3-4068-bd49-33e5a71cbabc,2010-02-19 00:00:00+00:00,6.887383349510188,0.08363397228019297,1
0,4,2,1,0,0,0,0,0,0,0.0,0.0,0.0,0,0,0,0,0,0.0,999.0,SMA_10_30,SPY,10,30,1,e25358ce-17aa-4ba0-b366-e9794b95fa7c,2010-02-26 00:00:00+00:00,1.7374528842827033,0.021069441698882887,1
0,4,3,1,0,0,0,0,0,0,0.0,0.0,0.0,0,0,0,0,0,0.0,999.0,SMA_20_50,SPY,20,50,1,2362865f-2396-4409-a2ca-936645319a38,2010-03-12 00:00:00+00:00,-2.7691674806875994,-0.03208045329320219,0
0,0,5,2,0,0,0,0,0,0,0.0,0.0,0.0,0,0,0,0,0,0.0,999.0,SMA_5_20,SPY,5,20,-1,ba5c6f52-28c0-4552-a9c4-dad51a6d70f5,2010-05-03 00:00:00+00:00,5.950233931607997,0.06667759035098353,1
0,4,5,2,0,0,0,0,0,0,0.0,0.0,0.0,0,0,0,0,0,0.0,999.0,SMA_10_30,SPY,10,30,-1,32aa536a-7ecc-43a1-8f9d-31d14c90da0e,2010-05-07 00:00:00+00:00,1.8526194049884879,0.022002443840564552,1
0,2,5,2,0,0,0,0,0,0,0.0,0.0,0.0,0,0,0,0,0,0.0,999.0,SMA_20_50,SPY,20,50,-1,4add9483-3528-4ca3-a76d-7b4fcc09a15c,2010-05-19 00:00:00+00:00,-0.5627185072299881,-0.006735087027647793,0
0,2,6,2,0,0,0,0,0,0,0.0,0.0,0.0,0,0,0,0,0,0.0,999.0,SMA_5_20,SPY,5,20,1,b266d368-20a2-4d5f-af88-9f87ee61bb1d,2010-06-16 00:00:00+00:00,-3.6595455548822144,-0.043938104804025546,0
0,2,6,2,0,0,0,0,0,0,0.0,0.0,0.0,0,0,0,0,0,0.0,999.0,SMA_10_30,SPY,10,30,1,1feed986-8eb3-47b2-90f3-60396b4c74e6,2010-06-23 00:00:00+00:00,-4.904546646930868,-0.059558782640542346,0
0,4,6,2,0,0,0,0,0,0,0.0,0.0,0.0,0,0,0,0,0,0.0,999.0,SMA_50_100,SPY,50,100,-1,94fcbb9a-3c66-4f66-88fc-f294af2a50db,2010-06-25 00:00:00+00:00,-5.009126370022884,-0.061901495607095874,0
0,1,6,2,0,0,0,0,0,0,0.0,0.0,0.0,0,0,0,0,0,0.0,999.0,SMA_5_20,SPY,5,20,-1,1fcbc705-1f9d-4c9e-8069-8976155c8051,2010-06-29 00:00:00+00:00,-2.471000358763945,-0.03103137087477311,0
0,4,7,3,0,0,0,0,0,0,0.0,0.0,0.0,0,0,0,0,0,0.0,999.0,SMA_10_30,SPY,10,30,-1,d31447a4-6cd0-4fe7-9252-b6b0562b0dbb,2010-07-02 00:00:00+00:00,-4.45389197961525,-0.05751153613650306,0
0,2,7,3,0,0,0,0,0,0,0.0,0.0,0.0,0,0,0,0,0,0.0,999.0,SMA_5_20,SPY,5,20,1,a7e3942f-5459-4885-bd1c-d2e0a817d142,2010-07-14 00:00:00+00:00,-1.3068437998696538,-0.015917686813222347,0
0,2,7,3,0,0,0,0,0,0,0.0,0.0,0.0,0,0,0,0,0,0.0,999.0,SMA_10_30,SPY,10,30,1,326dbee1-b582-4615-8356-7aca93c2594b,2010-07-21 00:00:00+00:00,-1.111607722022768,-0.013573183774221514,0
0,0,8,3,0,0,0,0,0,0,0.0,0.0,0.0,0,0,0,0,0,0.0,999.0,SMA_20_50,SPY,20,50,1,cd89b93b-dc19-4a22-a947-8caf8ccb0d93,2010-08-02 00:00:00+00:00,-1.0890693944470229,-0.01294769204594206,0
0,0,8,3,0,0,0,0,0,0,0.0,0.0,0.0,0,0,0,0,0,0.0,999.0,SMA_5_20,SPY,5,20,-1,4303c77b-d0cb-4944-9c28-24d2fcbea515,2010-08-16 00:00:00+00:00,-1.7199649650144977,-0.021288469909930368,0
0,4,8,3,0,0,0,0,0,0,0.0,0.0,0.0,0,0,0,0,0,0.0,999.0,SMA_10_30,SPY,10,30,-1,df61f407-7208-48b4-8a1f-baad46621331,2010-08-20 00:00:00+00:00,-3.7103184710749275,-0.04592788987239187,0
0,4,9,3,0,0,0,0,0,0,0.0,0.0,0.0,0,0,0,0,0,0.0,999.0,SMA_20_50,SPY,20,50,-1,2c1170fd-ed00-4b20-9688-b4c4de942141,2010-09-03 00:00:00+00:00,-2.9061087723599854,-0.035003260896271225,0
0,2,9,3,0,0,0,0,0,0,0.0,0.0,0.0,0,0,0,0,0,0.0,999.0,SMA_5_20,SPY,5,20,1,ef5bf2a9-7584-4c50-8a25-27bdfa5510cd,2010-09-08 00:00:00+00:00,7.615165538109153,0.09229023822555432,1
0,1,9,3,0,0,0,0,0,0,0.0,0.0,0.0,0,0,0,0,0,0.0,999.0,SMA_10_30,SPY,10,30,1,8d1362eb-bc2b-4f90-b80d-17c2b9765fce,2010-09-14 00:00:00+00:00,4.982948057973289,0.058972551798676345,1
0,2,9,3,0,0,0,0,0,0,0.0,0.0,0.0,0,0,0,0,0,0.0,999.0,SMA_20_50,SPY,20,50,1,4d910861-ac49-423b-85f4-e9313df6e2f6,2010-09-22 00:00:00+00:00,13.482465416296705,0.15690046708692276,1
0,2,9,3,0,0,0,0,0,0,0.0,0.0,0.0,0,0,0,0,0,0.0,999.0,SMA_50_100,SPY,50,100,1,f700df50-1c70-4a4a-87bc-d6b4fa09d05e,2010-09-22 00:00:00+00:00,14.496282518260713,0.16869863395977022,1
0,3,11,4,0,0,0,0,0,0,0.0,0.0,0.0,0,0,0,0,0,0.0,999.0,SMA_5_20,SPY,5,20,-1,92a62abc-ee34-4bf5-b60e-d7d86cfb6910,2010-11-18 00:00:00+00:00,-2.469141022075277,-0.02739581728460324,0
0,0,11,4,0,0,0,0,0,0,0.0,0.0,0.0,0,0,0,0,0,0.0,999.0,SMA_10_30,SPY,10,30,-1,18ce20c5-5960-47dc-8a63-080bbb66735e,2010-11-29 00:00:00+00:00,-2.748564646673273,-0.030717425454766564,0
0,4,12,4,0,0,0,0,0,0,0.0,0.0,0.0,0,0,0,0,0,0.0,999.0,SMA_10_30,SPY,10,30,1,f43208b7-eec2-4d7b-93d6-a594fd712d21,2010-12-03 00:00:00+00:00,6.44372375479044,0.06986765262387457,1
0,0,12,4,0,0,0,0,0,0,0.0,0.0,0.0,0,0,0,0,0,0.0,999.0,SMA_5_20,SPY,5,20,1,4f733685-c353-447a-8917-cce1c0a145a9,2010-12-06 00:00:00+00:00,8.791235395013132,0.09494027422600178,1
0,1,3,1,0,0,0,0,0,0,0.0,0.0,0.0,0,0,0,0,0,0.0,999.0,SMA_5_20,SPY,5,20,-1,62bd6261-aed9-4491-b6cb-a705e34f6147,2011-03-01 00:00:00+00:00,1.0766635871147798,0.010619160086711713,1
0,0,3,1,0,0,0,0,0,0,0.0,0.0,0.0,0,0,0,0,0,0.0,999.0,SMA_10_30,SPY,10,30,-1,730ddca7-01ac-464b-a2bf-2802d04a3293,2011-03-14 00:00:00+00:00,-3.051134811037997,-0.03092221379862366,0
0,3,3,1,0,0,0,0,0,0,0.0,0.0,0.0,0,0,0,0,0,0.0,999.0,SMA_20_50,SPY,20,50,-1,84608afd-287f-478a-947c-2d9822d05ecb,2011-03-24 00:00:00+00:00,-0.22868365297414073,-0.0023003506716061197,0
0,0,3,1,0,0,0,0,0,0,0.0,0.0,0.0,0,0,0,0,0,0.0,999.0,SMA_5_20,SPY,5,20,1,5ecc9946-ca26-4b1d-bc12-604096637507,2011-03-28 00:00:00+00:00,-0.7547598408915661,-0.0075241151100745975,0
0,0,4,2,0,0,0,0,0,0,0.0,0.0,0.0,0,0,0,0,0,0.0,999.0,SMA_10_30,SPY,10,30,1,cf5effc4-2cc0-4e08-9584-09cd361613e6,2011-04-04 00:00:00+00:00,-1.532312163618272,-0.015063660983627275,0
0,3,4,2,0,0,0,0,0,0,0.0,0.0,0.0,0,0,0,0,0,0.0,999.0,SMA_20_50,SPY,20,50,1,393e51f9-3781-4a1d-a137-1eecd7e43af0,2011-04-14 00:00:00+00:00,-0.7623459876648155,-0.007650911205390739,0
0,0,4,2,0,0,0,0,0,0,0.0,0.0,0.0,0,0,0,0,0,0.0,999.0,SMA_5_20,SPY,5,20,-1,67e15f87-d383-4791-b5de-649647c1a48f,2011-04-18 00:00:00+00:00,-2.637779252319447,-0.026495073688251276,0
0,1,4,2,0,0,0,0,0,0,0.0,0.0,0.0,0,0,0,0,0,0.0,999.0,SMA_5_20,SPY,5,20,1,ab1e86c3-b627-42dc-bf70-8a2bab232057,2011-04-26 00:00:00+00:00,-0.6174846217859908,-0.006042212018856847,0
0,2,5,2,0,0,0,0,0,0,0.0,0.0,0.0,0,0,0,0,0,0.0,999.0,SMA_5_20,SPY,5,20,-1,0bdc0f46-7e69-45ae-87c9-9fc29592537c,2011-05-18 00:00:00+00:00,1.1053286981542954,0.010881614077603668,1
0,2,5,2,0,0,0,0,0,0,0.0,0.0,0.0,0,0,0,0,0,0.0,999.0,SMA_10_30,SPY,10,30,-1,3a0f96b1-16d8-47ff-9c05-98781b69c4c2,2011-05-25 00:00:00+00:00,-2.082633374625857,-0.02078681480506178,0
0,1,6,2,0,0,0,0,0,0,0.0,0.0,0.0,0,0,0,0,0,0.0,999.0,SMA_20_50,SPY,20,50,-1,734a3f06-2949-4bba-8fb1-8581ed82f28a,2011-06-07 00:00:00+00:00,-3.0720857932895456,-0.031069188319935968,0
0,3,6,2,0,0,0,0,0,0,0.0,0.0,0.0,0,0,0,0,0,0.0,999.0,SMA_5_20,SPY,5,20,1,d11b921d-d4bc-4134-a925-38e87d37fe9e,2011-06-30 00:00:00+00:00,-1.708475910350458,-0.01700444486417487,0
0,2,7,3,0,0,0,0,0,0,0.0,0.0,0.0,0,0,0,0,0,0.0,999.0,SMA_10_30,SPY,10,30,1,4dd177b3-e95a-42bb-9163-87c74f992756,2011-07-06 00:00:00+00:00,-6.948968370891322,-0.06794545421423097,0
0,0,7,3,0,0,0,0,0,0,0.0,0.0,0.0,0,0,0,0,0,0.0,999.0,SMA_50_100,SPY,50,100,-1,48838e2c-74b8-412f-ae3f-921b54cfacc3,2011-07-18 00:00:00+00:00,3.230849569108088,0.03217133792504729,1
0,2,7,3,0,0,0,0,0,0,0.0,0.0,0.0,0,0,0,0,0,0.0,999.0,SMA_20_50,SPY,20,50,1,0ae5170d-5c7d-4d23-9aed-5b1fb852511a,2011-07-20 00:00:00+00:00,-14.556747897016152,-0.142781887663461,0
0,4,7,3,0,0,0,0,0,0,0.0,0.0,0.0,0,0,0,0,0,0.0,999.0,SMA_5_20,SPY,5,20,-1,ed76d264-c1e6-4867-8e7f-d8f23c64c611,2011-07-29 00:00:00+00:00,6.190480907252251,0.06267963129550252,1
0,3,8,3,0,0,0,0,0,0,0.0,0.0,0.0,0,0,0,0,0,0.0,999.0,SMA_10_30,SPY,10,30,-1,6fd00fc9-648d-4a9e-bb5e-5dd1f09f972a,2011-08-04 00:00:00+00:00,7.623143262775912,0.07997105474135988,1
0,1,8,3,0,0,0,0,0,0,0.0,0.0,0.0,0,0,0,0,0,0.0,999.0,SMA_20_50,SPY,20,50,-1,692fa69a-360c-4163-a2d3-64ff3a4e7b91,2011-08-09 00:00:00+00:00,-8.230268765173562,-0.0941740911185581,0
0,1,8,3,0,0,0,0,0,0,0.0,0.0,0.0,0,0,0,0,0,0.0,999.0,SMA_5_20,SPY,5,20,1,424481f0-82d4-4580-bcb0-31d553a93cd6,2011-08-30 00:00:00+00:00,-4.872719226686542,-0.05263630289095246,0
0,0,9,3,0,0,0,0,0,0,0.0,0.0,0.0,0,0,0,0,0,0.0,999.0,SMA_10_30,SPY,10,30,1,6a92260a-ec5e-4612-a394-095bf31a88a9,2011-09-12 00:00:00+00:00,0.43835678042053416,0.004998330623228595,1
0,0,9,3,0,0,0,0,0,0,0.0,0.0,0.0,0,0,0,0,0,0.0,999.0,SMA_5_20,SPY,5,20,-1,46a3f8d8-cd20-484d-8b74-93265b62eb20,2011-09-12 00:00:00+00:00,-2.965016286859594,-0.03380837793991523,0
0,2,9,3,0,0,0,0,0,0,0.0,0.0,0.0,0,0,0,0,0,0.0,999.0,SMA_5_20,SPY,5,20,1,3645bf17-640d-4b7e-b035-9ba839b0e88c,2011-09-14 00:00:00+00:00,1.7698120960848343,0.019520204495261484,1
0,3,9,3,0,0,0,0,0,0,0.0,0.0,0.0,0,0,0,0,0,0.0,999.0,SMA_5_20,SPY,5,20,-1,ec45ea9f-593d-4205-8a7c-be451a09be65,2011-09-15 00:00:00+00:00,-0.9710308831529346,-0.010504960162124804,0
0,4,9,3,0,0,0,0,0,0,0.0,0.0,0.0,0,0,0,0,0,0.0,999.0,SMA_5_20,SPY,5,20,1,3c12bd28-958a-4e59-93f7-32d3279f686d,2011-09-16 00:00:00+00:00,-7.06955848467463,-0.07568594000159803,0
0,4,9,3,0,0,0,0,0,0,0.0,0.0,0.0,0,0,0,0,0,0.0,999.0,SMA_5_20,SPY,5,20,-1,efc5fd58-87e7-4252-a3bb-b73f056da273,2011-09-23 00:00:00+00:00,-6.538236628994682,-0.07572930873481891,0
0,4,9,3,0,0,0,0,0,0,0.0,0.0,0.0,0,0,0,0,0,0.0,999.0,SMA_10_30,SPY,10,30,-1,6febe682-30a8-47bd-8eb3-b43c0fd76556,2011-09-30 00:00:00+00:00,-5.806611399601309,-0.06588016426838193,0
0,2,10,4,0,0,0,0,0,0,0.0,0.0,0.0,0,0,0,0,0,0.0,999.0,SMA_5_20,SPY,5,20,1,2b540d11-55c4-4a49-bb17-899a97300914,2011-10-12 00:00:00+00:00,1.4631992260898272,0.01575447080204613,1
0,0,10,4,0,0,0,0,0,0,0.0,0.0,0.0,0,0,0,0,0,0.0,999.0,SMA_10_30,SPY,10,30,1,ad0497ab-307f-4ced-9f1f-3df614f2b952,2011-10-17 00:00:00+00:00,-3.018838384597089,-0.03213389677459613,0
0,0,10,4,0,0,0,0,0,0,0.0,0.0,0.0,0,0,0,0,0,0.0,999.0,SMA_20_50,SPY,20,50,1,f62af697-f413-4c8b-b6f4-9c18afe93709,2011-10-24 00:00:00+00:00,-0.8779367195387948,-0.00918108919489078,0
0,4,11,4,0,0,0,0,0,0,0.0,0.0,0.0,0,0,0,0,0,0.0,999.0,SMA_5_20,SPY,5,20,-1,0ef29bf8-271d-4bbc-87e8-585a2da32f76,2011-11-18 00:00:00+00:00,-2.8571119164680994,-0.030285787228717324,0
0,2,11,4,0,0,0,0,0,0,0.0,0.0,0.0,0,0,0,0,0,0.0,999.0,SMA_10_30,SPY,10,30,-1,ce9bcd94-341a-4d22-8579-a43dfb72b8dd,2011-11-23 00:00:00+00:00,-5.298355002164982,-0.05827057509310871,0
0,1,12,4,0,0,0,0,0,0,0.0,0.0,0.0,0,0,0,0,0,0.0,999.0,SMA_5_20,SPY,5,20,1,be716940-ed82-4d47-bf3e-26f786f0a262,2011-12-06 00:00:00+00:00,-2.5067946245365675,-0.02579126598327558,0
0,1,12,4,0,0,0,0,0,0,0.0,0.0,0.0,0,0,0,0,0,0.0,999.0,SMA_50_100,SPY,50,100,1,2b968dd5-1cee-466b-844f-5349b52abc87,2011-12-06 00:00:00+00:00,5.3884769641665,0.055439580597179565,1
0,0,12,4,0,0,0,0,0,0,0.0,0.0,0.0,0,0,0,0,0,0.0,999.0,SMA_10_30,SPY,10,30,1,557f8985-d2f3-47f5-98b3-5e4300699307,2011-12-12 00:00:00+00:00,11.068070861548662,0.11502267428462606,1
0,3,12,4,0,0,0,0,0,0,0.0,0.0,0.0,0,0,0,0,0,0.0,999.0,SMA_20_50,SPY,20,50,-1,72fa8295-2389-4c60-b024-0782ddf83984,2011-12-15 00:00:00+00:00,-3.0343919562410093,-0.03202641923650635,0
0,1,12,4,0,0,0,0,0,0,0.0,0.0,0.0,0,0,0,0,0,0.0,999.0,SMA_5_20,SPY,5,20,-1,12137672-795e-429b-ba37-8f75ed33f6de,2011-12-20 00:00:00+00:00,-1.8987258167289411,-0.02005229763760316,0
0,3,12,4,0,0,0,0,0,0,0.0,0.0,0.0,0,0,0,0,0,0.0,999.0,SMA_5_20,SPY,5,20,1,18ec532e-a8aa-47e4-931c-09d8938e6dca,2011-12-22 00:00:00+00:00,10.277707560338328,0.10640834892451352,1
0,1,12,4,0,0,0,0,0,0,0.0,0.0,0.0,0,0,0,0,0,0.0,999.0,SMA_20_50,SPY,20,50,1,3682a093-b1f8-4911-a09c-6ae0b9378917,2011-12-27 00:00:00+00:00,10.041634674310643,0.1026952385545028,1
0,2,4,2,0,0,0,0,0,0,0.0,0.0,0.0,0,0,0,0,0,0.0,999.0,SMA_5_20,SPY,5,20,-1,e2a977f4-6889-4dc4-8dba-31ad7187c29e,2012-04-11 00:00:00+00:00,-2.1950453639748417,-0.020540334134661616,0
0,1,4,2,0,0,0,0,0,0,0.0,0.0,0.0,0,0,0,0,0,0.0,999.0,SMA_10_30,SPY,10,30,-1,6b587704-d5ff-4408-8592-6346913f9c01,2012-04-17 00:00:00+00:00,1.2142759206529092,0.011317362161442489,1
0,0,4,2,0,0,0,0,0,0,0.0,0.0,0.0,0,0,0,0,0,0.0,999.0,SMA_5_20,SPY,5,20,1,70f7c309-28bd-46af-8095-5499ff217172,2012-04-30 00:00:00+00:00,-3.899723622295923,-0.035757542173277194,0
0,4,5,2,0,0,0,0,0,0,0.0,0.0,0.0,0,0,0,0,0,0.0,999.0,SMA_20_50,SPY,20,50,-1,94a7ea64-4cb8-41d2-ac56-d500b38c9e67,2012-05-04 00:00:00+00:00,1.898198098182874,0.017604833641210366,1
0,1,5,2,0,0,0,0,0,0,0.0,0.0,0.0,0,0,0,0,0,0.0,999.0,SMA_10_30,SPY,10,30,1,ec655ef5-e4b3-46ed-8625-44a083285eed,2012-05-08 00:00:00+00:00,0.31139059953495973,0.0029354617168373585,1
0,2,5,2,0,0,0,0,0,0,0.0,0.0,0.0,0,0,0,0,0,0.0,999.0,SMA_5_20,SPY,5,20,-1,3877fb45-527e-4012-a8e2-be36e498554f,2012-05-09 00:00:00+00:00,2.000483281521454,0.01902315322509384,1
0,3,5,2,0,0,0,0,0,0,0.0,0.0,0.0,0,0,0,0,0,0.0,999.0,SMA_10_30,SPY,10,30,-1,f0a600ab-f182-4a1c-895b-2d24501eba73,2012-05-10 00:00:00+00:00,0.20771717398170608,0.0019524069330752363,1
0,1,6,2,0,0,0,0,0,0,0.0,0.0,0.0,0,0,0,0,0,0.0,999.0,SMA_50_100,SPY,50,100,-1,df2278cf-fde3-4379-950b-5728d61e79fb,2012-06-12 00:00:00+00:00,-7.854977069307338,-0.07657119947310517,0
0,2,6,2,0,0,0,0,0,0,0.0,0.0,0.0,0,0,0,0,0,0.0,999.0,SMA_5_20,SPY,5,20,1,8c549a0d-9a2b-43ed-91bc-ba021aa755ec,2012-06-13 00:00:00+00:00,3.945868751065646,0.038250001637767574,1
0,2,6,2,0,0,0,0,0,0,0.0,0.0,0.0,0,0,0,0,0,0.0,999.0,SMA_10_30,SPY,10,30,1,4ccc6501-4980-4538-a699-75cbaaec50c8,2012-06-20 00:00:00+00:00,8.306964222035447,0.07823282702241163,1
0,0,7,3,0,0,0,0,0,0,0.0,0.0,0.0,0,0,0,0,0,0.0,999.0,SMA_20_50,SPY,20,50,1,cf287c77-c2c0-4579-b990-a5be79751d93,2012-07-09 00:00:00+00:00,5.992991905587942,0.05657803574797797,1
0,4,7,3,0,0,0,0,0,0,0.0,0.0,0.0,0,0,0,0,0,0.0,999.0,SMA_5_20,SPY,5,20,-1,b3dc537a-648a-4746-a4e7-ab1ebf25eab6,2012-07-27 00:00:00+00:00,-1.25187825407464,-0.011688236153096313,0
0,1,7,3,0,0,0,0,0,0,0.0,0.0,0.0,0,0,0,0,0,0.0,999.0,SMA_5_20,SPY,5,20,1,34b8c42c-9d19-40a8-81e8-7f5483724b05,2012-07-31 00:00:00+00:00,2.0343182497936,0.018774097855991122,1
0,3,8,3,0,0,0,0,0,0,0.0,0.0,0.0,0,0,0,0,0,0.0,999.0,SMA_50_100,SPY,50,100,1,8a1e16c6-17f9-43e6-a623-b2346825bb78,2012-08-16 00:00:00+00:00,3.1303284527452604,0.028344426882208746,1
0,2,9,3,0,0,0,0,0,0,0.0,0.0,0.0,0,0,0,0,0,0.0,999.0,SMA_5_20,SPY,5,20,-1,7481050d-55e0-4c97-95e3-43d7c6859690,2012-09-05 00:00:00+00:00,-2.2846918849648716,-0.020696167309429345,0
0,4,9,3,0,0,0,0,0,0,0.0,0.0,0.0,0,0,0,0,0,0.0,999.0,SMA_5_20,SPY,5,20,1,e221895c-88ad-4e4a-9a25-506f862cd197,2012-09-07 00:00:00+00:00,1.3173161607161035,0.011691112058341297,1
0,1,10,4,0,0,0,0,0,0,0.0,0.0,0.0,0,0,0,0,0,0.0,999.0,SMA_5_20,SPY,5,20,-1,0a701055-48ea-4c1a-8cc6-ad6999c1e1a4,2012-10-02 00:00:00+00:00,-0.5348688353773952,-0.004692077349470198,0
0,0,10,4,0,0,0,0,0,0,0.0,0.0,0.0,0,0,0,0,0,0.0,999.0,SMA_5_20,SPY,5,20,1,2731ba23-1e2e-42f3-8d8f-33f17f495da7,2012-10-08 00:00:00+00:00,-1.038335895009638,-0.009066147051712404,0
0,3,10,4,0,0,0,0,0,0,0.0,0.0,0.0,0,0,0,0,0,0.0,999.0,SMA_5_20,SPY,5,20,-1,36309ce6-cc45-45cb-a9eb-5d30f4242464,2012-10-11 00:00:00+00:00,-0.9989853794280634,-0.008802364696167424,0
0,4,10,4,0,0,0,0,0,0,0.0,0.0,0.0,0,0,0,0,0,0.0,999.0,SMA_10_30,SPY,10,30,-1,9b2ae79a-54bf-4e52-aaf3-9f1d99ecac63,2012-10-19 00:00:00+00:00,3.23292863356545,0.02823776060821008,1
0,4,10,4,0,0,0,0,0,0,0.0,0.0,0.0,0,0,0,0,0,0.0,999.0,SMA_5_20,SPY,5,20,1,3cbf3777-5ad8-4f11-883c-c47591417311,2012-10-19 00:00:00+00:00,-2.8475116028535155,-0.02487136589891269,0
0,2,10,4,0,0,0,0,0,0,0.0,0.0,0.0,0,0,0,0,0,0.0,999.0,SMA_5_20,SPY,5,20,-1,bcd20bb5-2eb8-4407-ac09-f521e88ae839,2012-10-24 00:00:00+00:00,0.8023453383961794,0.007186766895383228,1
0,1,11,4,0,0,0,0,0,0,0.0,0.0,0.0,0,0,0,0,0,0.0,999.0,SMA_20_50,SPY,20,50,-1,9d3fbbc5-8149-4943-a109-7c8593b8e66d,2012-11-06 00:00:00+00:00,-2.5564697442219284,-0.02284248001156193,0
0,1,11,4,0,0,0,0,0,0,0.0,0.0,0.0,0,0,0,0,0,0.0,999.0,SMA_5_20,SPY,5,20,1,16556aae-8638-4eb1-b914-d57eaed8520e,2012-11-27 00:00:00+00:00,-0.20406307612955743,-0.001841064893979944,0
0,1,12,4,0,0,0,0,0,0,0.0,0.0,0.0,0,0,0,0,0,0.0,999.0,SMA_10_30,SPY,10,30,1,bc3a75db-e8c7-4b34-af41-0a514cc7ec56,2012-12-04 00:00:00+00:00,17.376517922985514,0.15618411739184984,1
0,2,12,4,0,0,0,0,0,0,0.0,0.0,0.0,0,0,0,0,0,0.0,999.0,SMA_20_50,SPY,20,50,1,860c9d08-6714-4627-b082-8272458f41a8,2012-12-19 00:00:00+00:00,14.519994701802858,0.12684118702728658,1
0,3,12,4,0,0,0,0,0,0,0.0,0.0,0.0,0,0,0,0,0,0.0,999.0,SMA_50_100,SPY,50,100,-1,def8139b-e561-443e-a8e6-8e8b0f8d3d57,2012-12-20 00:00:00+00:00,-5.162394767581603,-0.04545591293483613,0
0,0,12,4,0,0,0,0,0,0,0.0,0.0,0.0,0,0,0,0,0,0.0,999.0,SMA_5_20,SPY,5,20,-1,24d399ef-1cf6-4c58-925b-ede05f862200,2012-12-31 00:00:00+00:00,-5.014484771439726,-0.045324318810626006,0
0,3,1,1,0,0,0,0,0,0,0.0,0.0,0.0,0,0,0,0,0,0.0,999.0,SMA_5_20,SPY,5,20,1,33795f58-19ff-4ed2-a308-f52bd022a198,2013-01-03 00:00:00+00:00,3.0894602010109367,0.026713852260269896,1
0,4,1,1,0,0,0,0,0,0,0.0,0.0,0.0,0,0,0,0,0,0.0,999.0,SMA_50_100,SPY,50,100,1,1da0c4dc-c27b-4b47-8105-fc11d07ff2de,2013-01-25 00:00:00+00:00,37.19830674991323,0.3132972773962319,1
0,2,2,1,0,0,0,0,0,0,0.0,0.0,0.0,0,0,0,0,0,0.0,999.0,SMA_5_20,SPY,5,20,-1,2b5e9b09-3161-4717-9c67-174013a9ec0d,2013-02-27 00:00:00+00:00,-2.986553172427236,-0.0251521285896277,0
0,1,3,1,0,0,0,0,0,0,0.0,0.0,0.0,0,0,0,0,0,0.0,999.0,SMA_5_20,SPY,5,20,1,e20f7ec5-6474-46aa-944b-9b012d0b303a,2013-03-05 00:00:00+00:00,1.2097282193081043,0.009938114295460274,1
0,4,4,2,0,0,0,0,0,0,0.0,0.0,0.0,0,0,0,0,0,0.0,999.0,SMA_5_20,SPY,5,20,-1,37771d9c-20fa-4a56-8bc8-019264bc00f0,2013-04-19 00:00:00+00:00,-3.0476374899045595,-0.02479046770922235,0
0,4,4,2,0,0,0,0,0,0,0.0,0.0,0.0,0,0,0,0,0,0.0,999.0,SMA_5_20,SPY,5,20,1,90cddff2-d4c5-4a55-9e4e-2aa2787ad955,2013-04-26 00:00:00+00:00,3.787456453427538,0.030063115422919427,1
0,2,6,2,0,0,0,0,0,0,0.0,0.0,0.0,0,0,0,0,0,0.0,999.0,SMA_5_20,SPY,5,20,-1,cc03d3d1-e63b-43dc-942b-995cc146b8a0,2013-06-05 00:00:00+00:00,-2.198543814344106,-0.01694172488001854,0
0,3,6,2,0,0,0,0,0,0,0.0,0.0,0.0,0,0,0,0,0,0.0,999.0,SMA_10_30,SPY,10,30,-1,b1f0e3ba-2a1b-4dc2-9e4a-c4709ba9c93d,2013-06-13 00:00:00+00:00,-5.040185302350864,-0.03918263327672852,0
0,0,7,3,0,0,0,0,0,0,0.0,0.0,0.0,0,0,0,0,0,0.0,999.0,SMA_20_50,SPY,20,50,-1,582fcd5b-5262-4923-8ba2-4555b85c24c0,2013-07-01 00:00:00+00:00,-6.519298431662406,-0.050539621997836584,0
0,1,7,3,0,0,0,0,0,0,0.0,0.0,0.0,0,0,0,0,0,0.0,999.0,SMA_5_20,SPY,5,20,1,97af1835-81ad-4272-836e-16303ad11245,2013-07-09 00:00:00+00:00,1.9437805062610778,0.014729013340638098,1
0,3,7,3,0,0,0,0,0,0,0.0,0.0,0.0,0,0,0,0,0,0.0,999.0,SMA_10_30,SPY,10,30,1,e8636d88-e7c5-448b-9a83-6a4c86d29028,2013-07-11 00:00:00+00:00,-1.6558256736984163,-0.01238710582216357,0
0,0,7,3,0,0,0,0,0,0,0.0,0.0,0.0,0,0,0,0,0,0.0,999.0,SMA_20_50,SPY,20,50,1,b7ca264b-f430-4be6-9c8e-b51a160b00fe,2013-07-22 00:00:00+00:00,-2.847697207864485,-0.02101418251415601,0
0,3,8,3,0,0,0,0,0,0,0.0,0.0,0.0,0,0,0,0,0,0.0,999.0,SMA_5_20,SPY,5,20,-1,d8bd5619-9c4c-4d84-b1bf-afb54987589f,2013-08-15 00:00:00+00:00,-0.983890721016536,-0.007347222972746422,0
0,1,8,3,0,0,0,0,0,0,0.0,0.0,0.0,0,0,0,0,0,0.0,999.0,SMA_10_30,SPY,10,30,-1,6617006f-87e1-4c61-87ef-c55eed300340,2013-08-20 00:00:00+00:00,-4.335522547004501,-0.03284051306124145,0
0,3,9,3,0,0,0,0,0,0,0.0,0.0,0.0,0,0,0,0,0,0.0,999.0,SMA_20_50,SPY,20,50,-1,14b35f0d-5451-4940-b92a-3152e69fae69,2013-09-05 00:00:00+00:00,-3.435894065424492,-0.02589894393876172,0
0,1,9,3,0,0,0,0,0,0,0.0,0.0,0.0,0,0,0,0,0,0.0,999.0,SMA_5_20,SPY,5,20,1,6c521d85-8568-4244-aace-b8fe84ba555f,2013-09-10 00:00:00+00:00,-0.057868224239911115,-0.00042898026911903595,0
0,1,9,3,0,0,0,0,0,0,0.0,0.0,0.0,0,0,0,0,0,0.0,999.0,SMA_10_30,SPY,10,30,1,3b26e8d0-c6a7-4a15-ad93-36421f684219,2013-09-17 00:00:00+00:00,-0.34017310886639507,-0.0024947969165354314,0
0,3,9,3,0,0,0,0,0,0,0.0,0.0,0.0,0,0,0,0,0,0.0,999.0,SMA_20_50,SPY,20,50,1,69dcc061-ec30-4484-872d-473655a22f2c,2013-09-26 00:00:00+00:00,8.004358474677076,0.05881176832116147,1
0,4,10,4,0,0,0,0,0,0,0.0,0.0,0.0,0,0,0,0,0,0.0,999.0,SMA_5_20,SPY,5,20,-1,36b92889-f882-45d7-82e0-743061e79555,2013-10-04 00:00:00+00:00,-2.9098484597834045,-0.021580121106990733,0
0,0,10,4,0,0,0,0,0,0,0.0,0.0,0.0,0,0,0,0,0,0.0,999.0,SMA_10_30,SPY,10,30,-1,090b3bf6-32cf-4fd5-80a2-a992d199265f,2013-10-14 00:00:00+00:00,-3.7377334516399685,-0.027480737090167157,0
0,3,10,4,0,0,0,0,0,0,0.0,0.0,0.0,0,0,0,0,0,0.0,999.0,SMA_5_20,SPY,5,20,1,5149bafa-3fb5-424a-b60f-7cb5f7b81d3a,2013-10-17 00:00:00+00:00,6.0928993972820535,0.04423184747076683,1
0,4,10,4,0,0,0,0,0,0,0.0,0.0,0.0,0,0,0,0,0,0.0,999.0,SMA_10_30,SPY,10,30,1,834a04ab-06ea-4f40-84ad-02a7d78424f0,2013-10-18 00:00:00+00:00,4.775406869850741,0.034170925462680364,1
0,0,12,4,0,0,0,0,0,0,0.0,0.0,0.0,0,0,0,0,0,0.0,999.0,SMA_5_20,SPY,5,20,-1,ac4cc835-14e1-4e21-bb2a-32d1d9940c7f,2013-12-16 00:00:00+00:00,-3.6094540716850076,-0.025093177438922164,0
0,0,12,4,0,0,0,0,0,0,0.0,0.0,0.0,0,0,0,0,0,0.0,999.0,SMA_5_20,SPY,5,20,1,f32cd163-c45f-4e65-8903-260342b1620e,2013-12-23 00:00:00+00:00,-2.739697198412813,-0.01858032730593534,0
0,0,1,1,0,0,0,0,0,0,0.0,0.0,0.0,0,0,0,0,0,0.0,999.0,SMA_5_20,SPY,5,20,-1,aba79628-227d-4caf-8128-af1b88169fec,2014-01-27 00:00:00+00:00,-1.4385840519897783,-0.009941027535233047,0
0,3,1,1,0,0,0,0,0,0,0.0,0.0,0.0,0,0,0,0,0,0.0,999.0,SMA_10_30,SPY,10,30,-1,6524c164-afd7-41bf-bc14-404d8ab5e520,2014-01-30 00:00:00+00:00,-4.541847582614082,-0.03142581816000189,0
0,4,2,1,0,0,0,0,0,0,0.0,0.0,0.0,0,0,0,0,0,0.0,999.0,SMA_20_50,SPY,20,50,-1,bc39ddf1-7e97-40c2-987a-ded082c284f4,2014-02-07 00:00:00+00:00,-7.6210910137309895,-0.052885436830769766,0
0,3,2,1,0,0,0,0,0,0,0.0,0.0,0.0,0,0,0,0,0,0.0,999.0,SMA_5_20,SPY,5,20,1,4851909a-b55b-46b1-a927-7bd25b5d24c8,2014-02-13 00:00:00+00:00,4.372180009978933,0.0299156231931791,1
0,4,2,1,0,0,0,0,0,0,0.0,0.0,0.0,0,0,0,0,0,0.0,999.0,SMA_10_30,SPY,10,30,1,b72b396a-00f4-4c1c-bc2e-4b860165b118,2014-02-21 00:00:00+00:00,-0.25930760550477316,-0.0017395274801903855,0
0,2,3,1,0,0,0,0,0,0,0.0,0.0,0.0,0,0,0,0,0,0.0,999.0,SMA_20_50,SPY,20,50,1,1687edf1-fd6a-45c0-80fc-aac7b5bad909,2014-03-05 00:00:00+00:00,7.45185722581536,0.049113666231773524,1
0,3,3,1,0,0,0,0,0,0,0.0,0.0,0.0,0,0,0,0,0,0.0,999.0,SMA_5_20,SPY,5,20,-1,77de1374-f6fe-4280-9bcb-ee84219874b5,2014-03-20 00:00:00+00:00,-1.8494840884831376,-0.012287088128629636,0
0,4,3,1,0,0,0,0,0,0,0.0,0.0,0.0,0,0,0,0,0,0.0,999.0,SMA_5_20,SPY,5,20,1,a2d034bd-4487-4d94-b8aa-fde90fd4b67a,2014-03-21 00:00:00+00:00,-2.4027305501074068,-0.015768840010488137,0
0,3,3,1,0,0,0,0,0,0,0.0,0.0,0.0,0,0,0,0,0,0.0,999.0,SMA_5_20,SPY,5,20,-1,72daede3-14e2-4ce5-8aae-465f5b98bb1a,2014-03-27 00:00:00+00:00,-3.587907722070298,-0.02392427748968852,0
0,3,4,2,0,0,0,0,0,0,0.0,0.0,0.0,0,0,0,0,0,0.0,999.0,SMA_5_20,SPY,5,20,1,20795828-2d60-494a-b673-66cf93cace38,2014-04-03 00:00:00+00:00,-5.706566448674778,-0.037162472812654966,0
0,4,4,2,0,0,0,0,0,0,0.0,0.0,0.0,0,0,0,0,0,0.0,999.0,SMA_5_20,SPY,5,20,-1,e89ee7ae-9fd2-4441-9345-4d60dc44fb7d,2014-04-11 00:00:00+00:00,-4.6106983930025365,-0.031184833594074937,0
0,1,4,2,0,0,0,0,0,0,0.0,0.0,0.0,0,0,0,0,0,0.0,999.0,SMA_10_30,SPY,10,30,-1,370e77af-a588-468b-b36d-6dc709793ae1,2014-04-15 00:00:00+00:00,-3.3768187923683683,-0.022692373344524702,0
0,2,4,2,0,0,0,0,0,0,0.0,0.0,0.0,0,0,0,0,0,0.0,999.0,SMA_5_20,SPY,5,20,1,b3e7b75a-8825-4488-a960-70924484aeda,2014-04-23 00:00:00+00:00,4.596681753954613,0.030149813983846772,1
0,1,4,2,0,0,0,0,0,0,0.0,0.0,0.0,0,0,0,0,0,0.0,999.0,SMA_10_30,SPY,10,30,1,453bd619-4056-462b-9138-8b1774e067e9,2014-04-29 00:00:00+00:00,5.313132035614274,0.03491224329961077,1
0,4,8,3,0,0,0,0,0,0,0.0,0.0,0.0,0,0,0,0,0,0.0,999.0,SMA_5_20,SPY,5,20,-1,c72b56fb-a58d-4bae-87fe-d62adc17b3b4,2014-08-01 00:00:00+00:00,-4.306495622584208,-0.02741977089642868,0
0,1,8,3,0,0,0,0,0,0,0.0,0.0,0.0,0,0,0,0,0,0.0,999.0,SMA_10_30,SPY,10,30,-1,93ef5fe8-8c3f-4178-bebb-30593a7724c1,2014-08-05 00:00:00+00:00,-5.089477646792062,-0.03231445482157383,0
0,3,8,3,0,0,0,0,0,0,0.0,0.0,0.0,0,0,0,0,0,0.0,999.0,SMA_20_50,SPY,20,50,-1,326467f1-58f8-4054-b684-1e90b0ef1aeb,2014-08-14 00:00:00+00:00,-5.073281013243303,-0.03187162476052379,0
0,1,8,3,0,0,0,0,0,0,0.0,0.0,0.0,0,0,0,0,0,0.0,999.0,SMA_5_20,SPY,5,20,1,bc3426a4-74b5-495b-9800-c68e63e48dbd,2014-08-19 00:00:00+00:00,0.6280540994888781,0.0038921444294375508,1
0,4,8,3,0,0,0,0,0,0,0.0,0.0,0.0,0,0,0,0,0,0.0,999.0,SMA_10_30,SPY,10,30,1,c21c597c-3c28-4b84-b91a-c50ee1531e59,2014-08-22 00:00:00+00:00,-1.4032724171967175,-0.008630850665004026,0
0,2,9,3,0,0,0,0,0,0,0.0,0.0,0.0,0,0,0,0,0,0.0,999.0,SMA_20_50,SPY,20,50,1,a42e6ce0-2cd7-4e48-a6c0-6482b72efb43,2014-09-03 00:00:00+00:00,-9.852231049817505,-0.059982450297997814,0
0,1,9,3,0,0,0,0,0,0,0.0,0.0,0.0,0,0,0,0,0,0.0,999.0,SMA_5_20,SPY,5,20,-1,a3a77ca7-d976-4548-b7bc-17e929db8fbb,2014-09-16 00:00:00+00:00,-3.14181855362051,-0.01939482820840166,0
0,4,9,3,0,0,0,0,0,0,0.0,0.0,0.0,0,0,0,0,0,0.0,999.0,SMA_5_20,SPY,5,20,1,d0b94fe0-8a20-46a5-ba2f-27bcdfd87171,2014-09-19 00:00:00+00:00,-3.949790438555226,-0.023918639067396538,0
0,4,9,3,0,0,0,0,0,0,0.0,0.0,0.0,0,0,0,0,0,0.0,999.0,SMA_5_20,SPY,5,20,-1,e12f523f-23d9-4031-b067-3996844ed7b5,2014-09-26 00:00:00+00:00,0.7947880521959974,0.004930917330601554,1
0,2,10,4,0,0,0,0,0,0,0.0,0.0,0.0,0,0,0,0,0,0.0,999.0,SMA_10_30,SPY,10,30,-1,d286d4ad-5458-4c04-bb0f-a223d27a01e8,2014-10-01 00:00:00+00:00,-4.162816097439617,-0.02582637418262916,0
0,1,10,4,0,0,0,0,0,0,0.0,0.0,0.0,0,0,0,0,0,0.0,999.0,SMA_20_50,SPY,20,50,-1,96977b63-75e2-4a08-9e66-513e777fe0a6,2014-10-14 00:00:00+00:00,-12.234341188418597,-0.0792381341963096,0
0,0,10,4,0,0,0,0,0,0,0.0,0.0,0.0,0,0,0,0,0,0.0,999.0,SMA_5_20,SPY,5,20,1,3e820bcc-0183-4edc-942a-c3dcddd542b3,2014-10-27 00:00:00+00:00,5.662340993275393,0.03530361501021424,1
0,4,10,4,0,0,0,0,0,0,0.0,0.0,0.0,0,0,0,0,0,0.0,999.0,SMA_10_30,SPY,10,30,1,1bd69bf7-735a-4e60-a3d3-277a32489399,2014-10-31 00:00:00+00:00,-2.7370142877394983,-0.016553103004237277,0
0,2,11,4,0,0,0,0,0,0,0.0,0.0,0.0,0,0,0,0,0,0.0,999.0,SMA_20_50,SPY,20,50,1,49881a4d-8277-4763-a8ab-f0f667bc24c0,2014-11-12 00:00:00+00:00,2.040280496224426,0.012244082536006218,1
0,4,12,4,0,0,0,0,0,0,0.0,0.0,0.0,0,0,0,0,0,0.0,999.0,SMA_5_20,SPY,5,20,-1,4ebf5018-f92f-4e8e-b5b1-d45b7b227605,2014-12-12 00:00:00+00:00,-5.34941794902133,-0.03221528360433247,0
0,2,12,4,0,0,0,0,0,0,0.0,0.0,0.0,0,0,0,0,0,0.0,999.0,SMA_10_30,SPY,10,30,-1,0bc9ed9e-e88c-493e-9470-0bc296dddae6,2014-12-17 00:00:00+00:00,-8.947640648317446,-0.05502499001905748,0
0,2,12,4,0,0,0,0,0,0,0.0,0.0,0.0,0,0,0,0,0,0.0,999.0,SMA_5_20,SPY,5,20,1,20748957-0af5-452e-9e4c-c3d7e9891ee6,2014-12-24 00:00:00+00:00,-5.438177372508903,-0.03172769424859218,0
0,1,12,4,0,0,0,0,0,0,0.0,0.0,0.0,0,0,0,0,0,0.0,999.0,SMA_10_30,SPY,10,30,1,30b9a196-423b-4179-986f-b43088387c80,2014-12-30 00:00:00+00:00,-3.370027524653011,-0.01964364784594459,0
0,2,1,1,0,0,0,0,0,0,0.0,0.0,0.0,0,0,0,0,0,0.0,999.0,SMA_5_20,SPY,5,20,-1,28e2b06a-32d9-4283-b2a0-a63cd8f917b6,2015-01-07 00:00:00+00:00,-1.2771938407185246,-0.007695634770696254,0
0,1,1,1,0,0,0,0,0,0,0.0,0.0,0.0,0,0,0,0,0,0.0,999.0,SMA_10_30,SPY,10,30,-1,f99371e5-796b-40e3-9f84-547760621b3c,2015-01-13 00:00:00+00:00,-3.106384070158839,-0.01846970143926412,0
0,0,1,1,0,0,0,0,0,0,0.0,0.0,0.0,0,0,0,0,0,0.0,999.0,SMA_20_50,SPY,20,50,-1,8c1d0279-8ecd-42e7-953f-7ae73645b238,2015-01-26 00:00:00+00:00,-3.8643661713053064,-0.02291022716767636,0
0,1,1,1,0,0,0,0,0,0,0.0,0.0,0.0,0,0,0,0,0,0.0,999.0,SMA_5_20,SPY,5,20,1,b880b5d9-dc6c-414b-a35f-d48ac07ccbc3,2015-01-27 00:00:00+00:00,-2.406012855791886,-0.014386534748234842,0
0,0,2,1,0,0,0,0,0,0,0.0,0.0,0.0,0,0,0,0,0,0.0,999.0,SMA_5_20,SPY,5,20,-1,2c02fe21-b923-435c-8e8e-581bb00456a2,2015-02-02 00:00:00+00:00,-5.363998312664705,-0.032541701717317705,0
0,4,2,1,0,0,0,0,0,0,0.0,0.0,0.0,0,0,0,0,0,0.0,999.0,SMA_5_20,SPY,5,20,1,2186d610-443e-4403-b0f6-db5bae271399,2015-02-06 00:00:00+00:00,0.12363499139377154,0.0007264160472185717,1
0,3,2,1,0,0,0,0,0,0,0.0,0.0,0.0,0,0,0,0,0,0.0,999.0,SMA_10_30,SPY,10,30,1,5cb261e5-aa9b-4813-adf0-a7b551810ade,2015-02-12 00:00:00+00:00,-0.16475953526185094,-0.0009618496013990536,0
0,1,2,1,0,0,0,0,0,0,0.0,0.0,0.0,0,0,0,0,0,0.0,999.0,SMA_20_50,SPY,20,50,1,5a7ddd9a-d490-4f12-a5fe-c6ee1533017a,2015-02-17 00:00:00+00:00,1.821303492077874,0.010555915945816613,1
0,1,3,1,0,0,0,0,0,0,0.0,0.0,0.0,0,0,0,0,0,0.0,999.0,SMA_5_20,SPY,5,20,-1,90eef20a-c739-4b12-b808-7a6a5e0aa13d,2015-03-10 00:00:00+00:00,-3.830798192499742,-0.022491474946043245,0
0,1,3,1,0,0,0,0,0,0,0.0,0.0,0.0,0,0,0,0,0,0.0,999.0,SMA_10_30,SPY,10,30,-1,e9d9a30b-9672-4013-9ad2-b0fc877db8e5,2015-03-17 00:00:00+00:00,-1.7239103460770195,-0.010073704661657051,0
0,0,3,1,0,0,0,0,0,0,0.0,0.0,0.0,0,0,0,0,0,0.0,999.0,SMA_5_20,SPY,5,20,1,3440d34e-5cb4-4bfb-950d-153cf61186be,2015-03-23 00:00:00+00:00,-2.8470558417560596,-0.0163480121711249,0
0,0,3,1,0,0,0,0,0,0,0.0,0.0,0.0,0,0,0,0,0,0.0,999.0,SMA_5_20,SPY,5,20,-1,9e3006a2-9cdf-46c2-b9e3-bb3d4214962e,2015-03-30 00:00:00+00:00,-1.8373545933152684,-0.010725572242462192,0
0,4,4,2,0,0,0,0,0,0,0.0,0.0,0.0,0,0,0,0,0,0.0,999.0,SMA_5_20,SPY,5,20,1,c75af0c1-6d5c-4d00-b2ce-5e934de57abe,2015-04-10 00:00:00+00:00,-1.0593946786168544,-0.00611859949134294,0
0,1,4,2,0,0,0,0,0,0,0.0,0.0,0.0,0,0,0,0,0,0.0,999.0,SMA_10_30,SPY,10,30,1,e39f9d36-0d4d-428f-ba3b-4b56eb551225,2015-04-14 00:00:00+00:00,-0.3310102940327795,-0.0019149744014530386,0
0,1,4,2,0,0,0,0,0,0,0.0,0.0,0.0,0,0,0,0,0,0.0,999.0,SMA_20_50,SPY,20,50,-1,6262e96a-4efc-4fc3-a9b3-33ab3485c7b7,2015-04-21 00:00:00+00:00,-1.3738731614241146,-0.007879522390158964,0
0,0,4,2,0,0,0,0,0,0,0.0,0.0,0.0,0,0,0,0,0,0.0,999.0,SMA_20_50,SPY,20,50,1,512cd00e-be0e-49a6-b5c1-40fd00ed2c46,2015-04-27 00:00:00+00:00,-0.8418245007258918,-0.004790338401910086,0
0,3,5,2,0,0,0,0,0,0,0.0,0.0,0.0,0,0,0,0,0,0.0,999.0,SMA_5_20,SPY,5,20,-1,72332daa-4441-4460-9ba6-7f02f5f2e222,2015-05-07 00:00:00+00:00,-2.7477868288549985,-0.01596771282394002,0
0,3,5,2,0,0,0,0,0,0,0.0,0.0,0.0,0,0,0,0,0,0.0,999.0,SMA_5_20,SPY,5,20,1,357b16e1-2e51-470c-9679-a7f765c9bd7f,2015-05-14 00:00:00+00:00,-1.0676530624118925,-0.006106746884991863,0
0,4,6,2,0,0,0,0,0,0,0.0,0.0,0.0,0,0,0,0,0,0.0,999.0,SMA_5_20,SPY,5,20,-1,722e005b-c677-4bba-9569-84e4372bc898,2015-06-05 00:00:00+00:00,-2.666578216088766,-0.01534597031948221,0
0,1,6,2,0,0,0,0,0,0,0.0,0.0,0.0,0,0,0,0,0,0.0,999.0,SMA_10_30,SPY,10,30,-1,fb61e844-540f-4724-8f73-5f5d7fda78f8,2015-06-09 00:00:00+00:00,-4.149193995738898,-0.02405014359553614,0
0,1,6,2,0,0,0,0,0,0,0.0,0.0,0.0,0,0,0,0,0,0.0,999.0,SMA_5_20,SPY,5,20,1,beb407e0-e509-4cb2-a487-c7800c208bbf,2015-06-23 00:00:00+00:00,-4.058643608976837,-0.02300418729430924,0
0,4,6,2,0,0,0,0,0,0,0.0,0.0,0.0,0,0,0,0,0,0.0,999.0,SMA_20_50,SPY,20,50,-1,69dacef2-5401-42ea-b726-6cff5d0f5fe9,2015-06-26 00:00:00+00:00,0.4906817903474803,0.0028056273752146642,1
0,1,6,2,0,0,0,0,0,0,0.0,0.0,0.0,0,0,0,0,0,0.0,999.0,SMA_5_20,SPY,5,20,-1,81590e02-e4d5-4614-9961-ec45870e4ad4,2015-06-30 00:00:00+00:00,-4.183433982816297,-0.024269799861540833,0
0,4,7,3,0,0,0,0,0,0,0.0,0.0,0.0,0,0,0,0,0,0.0,999.0,SMA_5_20,SPY,5,20,1,f58ccd28-7699-451f-b244-af13e6dac2a3,2015-07-17 00:00:00+00:00,-1.7715318923659709,-0.01003385642354994,0
0,1,7,3,0,0,0,0,0,0,0.0,0.0,0.0,0,0,0,0,0,0.0,999.0,SMA_10_30,SPY,10,30,1,3e175fc6-63fa-47bd-a948-9a77ec319a81,2015-07-21 00:00:00+00:00,-3.326678658307088,-0.018829707001162016,0
0,3,7,3,0,0,0,0,0,0,0.0,0.0,0.0,0,0,0,0,0,0.0,999.0,SMA_5_20,SPY,5,20,-1,76187cad-a6bb-4a19-84c4-f8a80ff8b0a0,2015-07-30 00:00:00+00:00,-0.24949244553661742,-0.001427433763271932,0
0,0,8,3,0,0,0,0,0,0,0.0,0.0,0.0,0,0,0,0,0,0.0,999.0,SMA_5_20,SPY,5,20,1,b79ae680-ee48-4a0f-b189-6e67e1674c18,2015-08-03 00:00:00+00:00,-1.9127711204971831,-0.01092803523047398,0
0,1,8,3,0,0,0,0,0,0,0.0,0.0,0.0,0,0,0,0,0,0.0,999.0,SMA_20_50,SPY,20,50,1,514a1f5c-843a-4e89-b205-221dfa6622e0,2015-08-04 00:00:00+00:00,-2.652972380991571,-0.015211882386436419,0
0,4,8,3,0,0,0,0,0,0,0.0,0.0,0.0,0,0,0,0,0,0.0,999.0,SMA_5_20,SPY,5,20,-1,57a5ec68-0391-4a0d-92c5-79a1c41547cd,2015-08-07 00:00:00+00:00,-0.7733990463142106,-0.004467399801904864,0
0,4,8,3,0,0,0,0,0,0,0.0,0.0,0.0,0,0,0,0,0,0.0,999.0,SMA_10_30,SPY,10,30,-1,71e133af-63bc-4313-a8cd-2bd4cad48086,2015-08-14 00:00:00+00:00,4.95912892539306,0.02860840983185516,1
0,2,8,3,0,0,0,0,0,0,0.0,0.0,0.0,0,0,0,0,0,0.0,999.0,SMA_5_20,SPY,5,20,1,15b72c90-7c40-487e-8a0c-6e127456d239,2015-08-19 00:00:00+00:00,-6.12111005894198,-0.03520023237544686,0
0,3,8,3,0,0,0,0,0,0,0.0,0.0,0.0,0,0,0,0,0,0.0,999.0,SMA_20_50,SPY,20,50,-1,51cf5798-b76c-4752-9325-99322c6aab8b,2015-08-20 00:00:00+00:00,-1.5115161635283982,-0.008800760979053789,0
0,4,8,3,0,0,0,0,0,0,0.0,0.0,0.0,0,0,0,0,0,0.0,999.0,SMA_5_20,SPY,5,20,-1,c25e1a61-ee3c-43e1-b2c5-3acf6c563ad5,2015-08-21 00:00:00+00:00,1.4221185773209584,0.008476449163364246,1
0,0,8,3,0,0,0,0,0,0,0.0,0.0,0.0,0,0,0,0,0,0.0,999.0,SMA_50_100,SPY,50,100,-1,6ab9d681-4356-4a4a-8e2d-330f467639f8,2015-08-24 00:00:00+00:00,-19.16072457313237,-0.12288031997492699,0
0,3,9,3,0,0,0,0,0,0,0.0,0.0,0.0,0,0,0,0,0,0.0,999.0,SMA_5_20,SPY,5,20,1,82bae027-ced7-41a2-96d5-bdfb1d2a3256,2015-09-17 00:00:00+00:00,-3.6328440372747366,-0.021838453047104425,0
0,4,9,3,0,0,0,0,0,0,0.0,0.0,0.0,0,0,0,0,0,0.0,999.0,SMA_5_20,SPY,5,20,-1,f1bd381f-1bea-4b65-9d60-74543bdce2d3,2015-09-25 00:00:00+00:00,-3.5613715798322687,-0.021886777380230798,0
0,2,10,4,0,0,0,0,0,0,0.0,0.0,0.0,0,0,0,0,0,0.0,999.0,SMA_5_20,SPY,5,20,1,3fcb7cc1-4e61-4d28-91de-b0d79ec230f3,2015-10-07 00:00:00+00:00,2.8591065669544093,0.017194600713572115,1
0,0,10,4,0,0,0,0,0,0,0.0,0.0,0.0,0,0,0,0,0,0.0,999.0,SMA_10_30,SPY,10,30,1,5839229c-6b7c-4417-a4b8-0cb11b78acac,2015-10-12 00:00:00+00:00,3.3439909635722813,0.019859077724926052,1
0,4,10,4,0,0,0,0,0,0,0.0,0.0,0.0,0,0,0,0,0,0.0,999.0,SMA_20_50,SPY,20,50,1,d4de1b22-28e8-4d83-b2a4-017d25ec77be,2015-10-23 00:00:00+00:00,-1.121718676146429,-0.006474198040313086,0
0,0,11,4,0,0,0,0,0,0,0.0,0.0,0.0,0,0,0,0,0,0.0,999.0,SMA_5_20,SPY,5,20,-1,00ebaa72-32a6-46f6-bb86-8a58b694a2d2,2015-11-16 00:00:00+00:00,-4.639746456431851,-0.02743165149778051,0
0,1,11,4,0,0,0,0,0,0,0.0,0.0,0.0,0,0,0,0,0,0.0,999.0,SMA_5_20,SPY,5,20,1,43dff2cd-2d4a-4fc2-a2f1-585ec870e7e1,2015-11-24 00:00:00+00:00,-1.404489808774116,-0.008082083955659068,0
0,1,12,4,0,0,0,0,0,0,0.0,0.0,0.0,0,0,0,0,0,0.0,999.0,SMA_50_100,SPY,50,100,1,db93c35b-844a-4727-9b5b-af00f5033e9c,2015-12-01 00:00:00+00:00,-14.120684675687016,-0.08064783072866874,0
0,2,12,4,0,0,0,0,0,0,0.0,0.0,0.0,0,0,0,0,0,0.0,999.0,SMA_5_20,SPY,5,20,-1,31f8d431-3ce6-44cf-b2be-df6ca07a9cc6,2015-12-09 00:00:00+00:00,-1.7996343690522565,-0.010440307960788917,0
0,3,12,4,0,0,0,0,0,0,0.0,0.0,0.0,0,0,0,0,0,0.0,999.0,SMA_10_30,SPY,10,30,-1,fada5bd0-c0c6-4c96-8c36-4f5b60e842ed,2015-12-10 00:00:00+00:00,8.808922216401527,0.051295183721154894,1
0,2,12,4,0,0,0,0,0,0,0.0,0.0,0.0,0,0,0,0,0,0.0,999.0,SMA_20_50,SPY,20,50,-1,f68e35c9-ad9e-47fd-8463-1ec2999db09a,2015-12-23 00:00:00+00:00,3.977844283033363,0.02310844154069324,1
0,2,12,4,0,0,0,0,0,0,0.0,0.0,0.0,0,0,0,0,0,0.0,999.0,SMA_5_20,SPY,5,20,1,3f42b9f2-5e60-4c40-b4b0-635186e060a0,2015-12-30 00:00:00+00:00,-7.375365767950285,-0.0423449799352637,0
0,2,1,1,0,0,0,0,0,0,0.0,0.0,0.0,0,0,0,0,0,0.0,999.0,SMA_5_20,SPY,5,20,-1,24bb30a1-6af3-475b-814a-929db0e074a9,2016-01-06 00:00:00+00:00,6.416595721705079,0.038469270959907764,1
0,2,2,1,0,0,0,0,0,0,0.0,0.0,0.0,0,0,0,0,0,0.0,999.0,SMA_50_100,SPY,50,100,-1,007361d8-cc66-4e56-a30d-1a4edd74777c,2016-02-03 00:00:00+00:00,-14.66796720467255,-0.09112236024176455,0
0,3,2,1,0,0,0,0,0,0,0.0,0.0,0.0,0,0,0,0,0,0.0,999.0,SMA_5_20,SPY,5,20,1,e52179ea-bf61-4f87-8da7-cead84ca098f,2016-02-04 00:00:00+00:00,-6.181135198187292,-0.03854023454321099,0
0,1,2,1,0,0,0,0,0,0,0.0,0.0,0.0,0,0,0,0,0,0.0,999.0,SMA_5_20,SPY,5,20,-1,4bef176c-349c-4d99-938a-eaf70a71a8f9,2016-02-09 00:00:00+00:00,-8.838567684998935,-0.05731877333383355,0
0,0,2,1,0,0,0,0,0,0,0.0,0.0,0.0,0,0,0,0,0,0.0,999.0,SMA_5_20,SPY,5,20,1,e21b1664-d8c2-4a6e-a267-9068e2e65280,2016-02-22 00:00:00+00:00,10.240759252781857,0.06281179558352626,1
0,3,2,1,0,0,0,0,0,0,0.0,0.0,0.0,0,0,0,0,0,0.0,999.0,SMA_10_30,SPY,10,30,1,e3529266-a861-402a-bfae-4a8dd1e5b3bf,2016-02-25 00:00:00+00:00,11.820807736287776,0.07255542039233667,1
0,3,3,1,0,0,0,0,0,0,0.0,0.0,0.0,0,0,0,0,0,0.0,999.0,SMA_20_50,SPY,20,50,1,2b1d95a5-e750-43f3-852a-aa54632a751c,2016-03-10 00:00:00+00:00,8.95694690428337,0.0532643365557454,1
0,0,4,2,0,0,0,0,0,0,0.0,0.0,0.0,0,0,0,0,0,0.0,999.0,SMA_50_100,SPY,50,100,1,289bf92e-13bc-4b18-b827-edf4e9c9d03b,2016-04-18 00:00:00+00:00,10.157253737119532,0.05783062365427438,1
0,2,5,2,0,0,0,0,0,0,0.0,0.0,0.0,0,0,0,0,0,0.0,999.0,SMA_5_20,SPY,5,20,-1,890916f3-5e7d-4ee8-9d5f-03623c140cc4,2016-05-04 00:00:00+00:00,-3.761604253849839,-0.0217082987255724,0
0,1,5,2,0,0,0,0,0,0,0.0,0.0,0.0,0,0,0,0,0,0.0,999.0,SMA_10_30,SPY,10,30,-1,aec92856-890f-4989-83eb-29e7da1ba12e,2016-05-10 00:00:00+00:00,-2.6035540342932393,-0.014899426859049167,0
0,3,5,2,0,0,0,0,0,0,0.0,0.0,0.0,0,0,0,0,0,0.0,999.0,SMA_5_20,SPY,5,20,1,3176e2f5-ed09-4940-9c0a-4d71ede722bb,2016-05-26 00:00:00+00:00,-1.008125043205041,-0.005694297703607692,0
0,4,5,2,0,0,0,0,0,0,0.0,0.0,0.0,0,0,0,0,0,0.0,999.0,SMA_20_50,SPY,20,50,-1,1406a96b-81e7-4b60-803a-eb6b12c35f24,2016-05-27 00:00:00+00:00,-0.8706614419384948,-0.004915734909341447,0
0,1,5,2,0,0,0,0,0,0,0.0,0.0,0.0,0,0,0,0,0,0.0,999.0,SMA_20_50,SPY,20,50,1,d66e45aa-bd8e-4942-a2d5-16aa48e79f5b,2016-05-31 00:00:00+00:00,5.117224072860807,0.02875040260854533,1
0,3,6,2,0,0,0,0,0,0,0.0,0.0,0.0,0,0,0,0,0,0.0,999.0,SMA_10_30,SPY,10,30,1,27d54ee4-ec23-4d39-9967-78df788d5c72,2016-06-02 00:00:00+00:00,-6.053790960588543,-0.03413558739113232,0
0,4,6,2,0,0,0,0,0,0,0.0,0.0,0.0,0,0,0,0,0,0.0,999.0,SMA_5_20,SPY,5,20,-1,9afa9227-af8a-429d-97b4-2575ac069362,2016-06-17 00:00:00+00:00,-2.2941806976065777,-0.013032671744824573,0
0,0,6,2,0,0,0,0,0,0,0.0,0.0,0.0,0,0,0,0,0,0.0,999.0,SMA_10_30,SPY,10,30,-1,0022146c-9813-4f83-a1ac-58d63b562025,2016-06-27 00:00:00+00:00,-11.76841967467226,-0.06870398731109184,0
0,3,7,3,0,0,0,0,0,0,0.0,0.0,0.0,0,0,0,0,0,0.0,999.0,SMA_5_20,SPY,5,20,1,5e25734d-c524-45c2-9c3a-004217787199,2016-07-07 00:00:00+00:00,6.576743957515703,0.03688020424876134,1
0,2,7,3,0,0,0,0,0,0,0.0,0.0,0.0,0,0,0,0,0,0.0,999.0,SMA_10_30,SPY,10,30,1,5484ede3-997c-44f8-be49-35db84c9d79a,2016-07-13 00:00:00+00:00,-2.5916610200250716,-0.01415743453684459,0
0,2,8,3,0,0,0,0,0,0,0.0,0.0,0.0,0,0,0,0,0,0.0,999.0,SMA_5_20,SPY,5,20,-1,e30448f1-b256-4f04-8673-8b918741476d,2016-08-31 00:00:00+00:00,0.5438468899988607,0.002941239903192483,1
0,4,9,3,0,0,0,0,0,0,0.0,0.0,0.0,0,0,0,0,0,0.0,999.0,SMA_5_20,SPY,5,20,1,c9193380-b414-4f26-a67e-19ca4a507026,2016-09-09 00:00:00+00:00,-3.8916944621936125,-0.021109200396720925,0
0,0,9,3,0,0,0,0,0,0,0.0,0.0,0.0,0,0,0,0,0,0.0,999.0,SMA_5_20,SPY,5,20,-1,58d7fc43-9aff-42d0-b10b-c305ad5aa51f,2016-09-12 00:00:00+00:00,-3.8494196474885882,-0.021330157310051088,0
0,0,9,3,0,0,0,0,0,0,0.0,0.0,0.0,0,0,0,0,0,0.0,999.0,SMA_10_30,SPY,10,30,-1,12f0c84c-580d-4e7d-84ba-dfe46b63e09b,2016-09-12 00:00:00+00:00,-3.4907097650123546,-0.019342497111226094,0
0,1,9,3,0,0,0,0,0,0,0.0,0.0,0.0,0,0,0,0,0,0.0,999.0,SMA_20_50,SPY,20,50,-1,91b0081a-f4df-41fb-8342-3faba4f87c43,2016-09-20 00:00:00+00:00,-5.20939331517539,-0.02845028535466774,0
0,2,9,3,0,0,0,0,0,0,0.0,0.0,0.0,0,0,0,0,0,0.0,999.0,SMA_5_20,SPY,5,20,1,04cf23ba-3417-4e34-9251-d81fb28e9345,2016-09-28 00:00:00+00:00,-3.13420578615424,-0.017004354566224754,0
0,2,10,4,0,0,0,0,0,0,0.0,0.0,0.0,0,0,0,0,0,0.0,999.0,SMA_10_30,SPY,10,30,1,f557f83b-258f-482b-be49-6a50ffa6d42a,2016-10-05 00:00:00+00:00,-2.7754959036780065,-0.015087568671803438,0
0,3,10,4,0,0,0,0,0,0,0.0,0.0,0.0,0,0,0,0,0,0.0,999.0,SMA_10_30,SPY,10,30,-1,d110ac30-d16d-479e-a361-d645ebe515de,2016-10-13 00:00:00+00:00,-4.611603291974603,-0.025452649124407895,0
0,3,10,4,0,0,0,0,0,0,0.0,0.0,0.0,0,0,0,0,0,0.0,999.0,SMA_5_20,SPY,5,20,-1,587325c3-b755-42d7-aa54-c166a02b4bd4,2016-10-13 00:00:00+00:00,-3.3477184433593834,-0.01847693687234982,0
0,4,11,4,0,0,0,0,0,0,0.0,0.0,0.0,0,0,0,0,0,0.0,999.0,SMA_5_20,SPY,5,20,1,8befd5c2-3f7c-4de7-ab30-1d609454dd7a,2016-11-11 00:00:00+00:00,9.84113555688154,0.053330427515562405,1
0,2,11,4,0,0,0,0,0,0,0.0,0.0,0.0,0,0,0,0,0,0.0,999.0,SMA_10_30,SPY,10,30,1,4b44a460-ee44-4868-8e19-7d55d3be5038,2016-11-16 00:00:00+00:00,15.462219364346907,0.08322183146268797,1
0,2,11,4,0,0,0,0,0,0,0.0,0.0,0.0,0,0,0,0,0,0.0,999.0,SMA_50_100,SPY,50,100,-1,168aba3f-f07f-456c-bfbe-c77707192936,2016-11-16 00:00:00+00:00,-5.986517420455044,-0.03222105003647376,0
0,1,11,4,0,0,0,0,0,0,0.0,0.0,0.0,0,0,0,0,0,0.0,999.0,SMA_20_50,SPY,20,50,1,d898bf99-9226-4106-9b3f-ba3be1d6433f,2016-11-22 00:00:00+00:00,13.702129138908589,0.07276193359409908,1
0,3,12,4,0,0,0,0,0,0,0.0,0.0,0.0,0,0,0,0,0,0.0,999.0,SMA_50_100,SPY,50,100,1,93f62850-e4f1-4beb-ab23-c47e48683fcf,2016-12-08 00:00:00+00:00,42.974532848434194,0.22408041067867449,1
0,3,1,1,0,0,0,0,0,0,0.0,0.0,0.0,0,0,0,0,0,0.0,999.0,SMA_5_20,SPY,5,20,-1,7cfc8fe0-c52f-4cce-9fb3-8d4139079c55,2017-01-05 00:00:00+00:00,-0.2233192073869361,-0.0011489239933979206,0
0,4,1,1,0,0,0,0,0,0,0.0,0.0,0.0,0,0,0,0,0,0.0,999.0,SMA_5_20,SPY,5,20,1,9d6ef426-048e-44c8-ab00-0df13058d95a,2017-01-06 00:00:00+00:00,7.533022743058098,0.03871112698523419,1
0,3,3,1,0,0,0,0,0,0,0.0,0.0,0.0,0,0,0,0,0,0.0,999.0,SMA_5_20,SPY,5,20,-1,f9ccb66b-fbf8-4764-aeb9-7d68b6ed3725,2017-03-23 00:00:00+00:00,-1.7082780232532002,-0.008451432091866827,0
0,1,3,1,0,0,0,0,0,0,0.0,0.0,0.0,0,0,0,0,0,0.0,999.0,SMA_10_30,SPY,10,30,-1,536b8c6e-539a-436c-b97f-8ec2bfddae82,2017-03-28 00:00:00+00:00,-4.8573600426639985,-0.024135057084632653,0
0,2,4,2,0,0,0,0,0,0,0.0,0.0,0.0,0,0,0,0,0,0.0,999.0,SMA_5_20,SPY,5,20,1,2e280f67-a0a6-4ca3-8b42-b4264f455cf8,2017-04-05 00:00:00+00:00,-1.1388303652722982,-0.005586963110866539,0
0,3,4,2,0,0,0,0,0,0,0.0,0.0,0.0,0,0,0,0,0,0.0,999.0,SMA_5_20,SPY,5,20,-1,da8054c1-d0ba-4678-ad84-53fd5d98452d,2017-04-06 00:00:00+00:00,-3.0800598196183557,-0.015195294001652954,0
0,3,4,2,0,0,0,0,0,0,0.0,0.0,0.0,0,0,0,0,0,0.0,999.0,SMA_20_50,SPY,20,50,-1,a493252d-b4dc-4af6-aaf6-e56fcaeac99f,2017-04-20 00:00:00+00:00,-4.037807728913066,-0.0199874990394357,0
0,2,4,2,0,0,0,0,0,0,0.0,0.0,0.0,0,0,0,0,0,0.0,999.0,SMA_5_20,SPY,5,20,1,50a3677d-59e7-4766-ba35-ff7503a8c637,2017-04-26 00:00:00+00:00,-1.0180638092086554,-0.004947381027716197,0
0,4,4,2,0,0,0,0,0,0,0.0,0.0,0.0,0,0,0,0,0,0.0,999.0,SMA_10_30,SPY,10,30,1,fcd758c2-f857-460f-b1cb-32e9d81e82af,2017-04-28 00:00:00+00:00,3.7881691089805827,0.018378927305428946,1
0,3,5,2,0,0,0,0,0,0,0.0,0.0,0.0,0,0,0,0,0,0.0,999.0,SMA_20_50,SPY,20,50,1,ca5921da-a4fd-4035-860f-8d5e8895b113,2017-05-04 00:00:00+00:00,7.689184934297941,0.0373162744174894,1
0,4,5,2,0,0,0,0,0,0,0.0,0.0,0.0,0,0,0,0,0,0.0,999.0,SMA_5_20,SPY,5,20,-1,69a15f41-f30f-424f-9a93-09b95bb59bcc,2017-05-19 00:00:00+00:00,-3.338907383808305,-0.01630642230812999,0
0,3,5,2,0,0,0,0,0,0,0.0,0.0,0.0,0,0,0,0,0,0.0,999.0,SMA_5_20,SPY,5,20,1,1e84623d-50d1-44fe-b378-6e7d9fe8da82,2017-05-25 00:00:00+00:00,1.951185654642444,0.009376229682150414,1
0,4,6,2,0,0,0,0,0,0,0.0,0.0,0.0,0,0,0,0,0,0.0,999.0,SMA_5_20,SPY,5,20,-1,1b0f878e-7b2c-441f-bd6c-deb2df05749e,2017-06-30 00:00:00+00:00,-1.8553032545831059,-0.008832659250042976,0
0,0,7,3,0,0,0,0,0,0,0.0,0.0,0.0,0,0,0,0,0,0.0,999.0,SMA_10_30,SPY,10,30,-1,23ca2300-b468-4fac-a0f1-90b40e19bc1c,2017-07-10 00:00:00+00:00,-2.9130161016963143,-0.013877916904757912,0
0,4,7,3,0,0,0,0,0,0,0.0,0.0,0.0,0,0,0,0,0,0.0,999.0,SMA_5_20,SPY,5,20,1,88905200-1120-4542-bf5c-9b8ade7a2a41,2017-07-14 00:00:00+00:00,-0.3467837473639861,-0.0016365006114395556,0
0,0,7,3,0,0,0,0,0,0,0.0,0.0,0.0,0,0,0,0,0,0.0,999.0,SMA_10_30,SPY,10,30,1,e36925a8-8500-4862-ac92-984d22d9c1b8,2017-07-17 00:00:00+00:00,-2.453589148952574,-0.011529157603443103,0
0,4,8,3,0,0,0,0,0,0,0.0,0.0,0.0,0,0,0,0,0,0.0,999.0,SMA_5_20,SPY,5,20,-1,e4fae793-282f-42bb-b9d1-4700ec8e4eb8,2017-08-11 00:00:00+00:00,-3.3811770509630037,-0.015982203441458846,0
0,0,8,3,0,0,0,0,0,0,0.0,0.0,0.0,0,0,0,0,0,0.0,999.0,SMA_10_30,SPY,10,30,-1,ecaa1bd3-99fa-4619-8644-e525d4cd1b71,2017-08-21 00:00:00+00:00,-4.681664639180212,-0.02225523432409748,0
0,4,9,3,0,0,0,0,0,0,0.0,0.0,0.0,0,0,0,0,0,0.0,999.0,SMA_5_20,SPY,5,20,1,770441af-6517-4f70-a135-52d6407db5ff,2017-09-01 00:00:00+00:00,12.69709096731782,0.0590727069442248,1
0,4,9,3,0,0,0,0,0,0,0.0,0.0,0.0,0,0,0,0,0,0.0,999.0,SMA_20_50,SPY,20,50,-1,c2bc64a4-e540-4990-a4dd-cec5c42d6fdb,2017-09-08 00:00:00+00:00,-1.300421447540458,-0.006084023793341117,0
0,0,9,3,0,0,0,0,0,0,0.0,0.0,0.0,0,0,0,0,0,0.0,999.0,SMA_20_50,SPY,20,50,1,fd942cf7-2bc5-4258-86a1-4c0a9de95ff0,2017-09-11 00:00:00+00:00,26.595914836528493,0.12367657826489957,1
0,0,9,3,0,0,0,0,0,0,0.0,0.0,0.0,0,0,0,0,0,0.0,999.0,SMA_10_30,SPY,10,30,1,e958882e-181a-49ba-ba96-4740538ca219,2017-09-11 00:00:00+00:00,13.346188586464194,0.06206257417341764,1
0,1,2,1,0,0,0,0,0,0,0.0,0.0,0.0,0,0,0,0,0,0.0,999.0,SMA_5_20,SPY,5,20,-1,35e34bc6-bac2-4fd4-a48d-ed49abb9c3d8,2018-02-06 00:00:00+00:00,-15.91199277415538,-0.06990068603580318,0
0,4,2,1,0,0,0,0,0,0,0.0,0.0,0.0,0,0,0,0,0,0.0,999.0,SMA_10_30,SPY,10,30,-1,d34a6d61-f5bc-4de6-8e00-da726da6eaea,2018-02-09 00:00:00+00:00,-13.048399331717377,-0.057132030824080464,0
0,0,2,1,0,0,0,0,0,0,0.0,0.0,0.0,0,0,0,0,0,0.0,999.0,SMA_20_50,SPY,20,50,-1,e20825a9-c877-4150-abef-34baf09fb26b,2018-02-26 00:00:00+00:00,3.2436755496282785,0.013423587751169877,1
0,1,2,1,0,0,0,0,0,0,0.0,0.0,0.0,0,0,0,0,0,0.0,999.0,SMA_5_20,SPY,5,20,1,84e44e81-8abf-4d3c-9d4c-c57f9664e0b3,2018-02-27 00:00:00+00:00,-7.99280029238588,-0.032818018921976465,0
0,4,3,1,0,0,0,0,0,0,0.0,0.0,0.0,0,0,0,0,0,0.0,999.0,SMA_10_30,SPY,10,30,1,5c3e8940-0454-42bd-bdb3-e0d5be526df6,2018-03-09 00:00:00+00:00,-7.412214373906011,-0.03070019696626895,0
0,3,3,1,0,0,0,0,0,0,0.0,0.0,0.0,0,0,0,0,0,0.0,999.0,SMA_5_20,SPY,5,20,-1,bb9ee257-b739-4320-83fa-a9e249038d75,2018-03-22 00:00:00+00:00,-1.2484766467340762,-0.0053001190589182885,0
0,1,3,1,0,0,0,0,0,0,0.0,0.0,0.0,0,0,0,0,0,0.0,999.0,SMA_10_30,SPY,10,30,-1,dee80658-d4f8-4abb-bd6b-e3c2e1a97737,2018-03-27 00:00:00+00:00,-1.3716409158442957,-0.005861050961372521,0
0,0,4,2,0,0,0,0,0,0,0.0,0.0,0.0,0,0,0,0,0,0.0,999.0,SMA_50_100,SPY,50,100,-1,a2cd7926-cd63-4a8a-8a23-86c83e593942,2018-04-16 00:00:00+00:00,-7.23638564620785,-0.03082509920763789,0
0,1,4,2,0,0,0,0,0,0,0.0,0.0,0.0,0,0,0,0,0,0.0,999.0,SMA_5_20,SPY,5,20,1,f6330847-e250-42a7-805d-29e7d9507212,2018-04-17 00:00:00+00:00,-4.800604556617316,-0.0202724109497891,0
0,1,4,2,0,0,0,0,0,0,0.0,0.0,0.0,0,0,0,0,0,0.0,999.0,SMA_10_30,SPY,10,30,1,9a6c97d8-eed2-4e05-a1f1-04cb71d91f30,2018-04-24 00:00:00+00:00,2.629112815831718,0.011168794403687593,1
0,1,5,2,0,0,0,0,0,0,0.0,0.0,0.0,0,0,0,0,0,0.0,999.0,SMA_5_20,SPY,5,20,-1,0244a0c8-ecde-465e-b8b3-ffa78a047ede,2018-05-01 00:00:00+00:00,-5.688629183408722,-0.024519508218296782,0
0,3,5,2,0,0,0,0,0,0,0.0,0.0,0.0,0,0,0,0,0,0.0,999.0,SMA_5_20,SPY,5,20,1,2f6c1294-5f96-4f0f-9b0b-669ee1cd5e93,2018-05-10 00:00:00+00:00,2.215510091322642,0.009320895320472979,1
0,2,5,2,0,0,0,0,0,0,0.0,0.0,0.0,0,0,0,0,0,0.0,999.0,SMA_20_50,SPY,20,50,1,e51f879c-6cf9-4c67-9a8d-f3c3cfa93746,2018-05-16 00:00:00+00:00,7.468704921343885,0.03132894516159898,1
0,1,6,2,0,0,0,0,0,0,0.0,0.0,0.0,0,0,0,0,0,0.0,999.0,SMA_50_100,SPY,50,100,1,9d72a296-9779-45f8-9bec-4d5f6f0ed7d9,2018-06-19 00:00:00+00:00,0.25262619616270854,0.0010439415369114466,1
0,1,6,2,0,0,0,0,0,0,0.0,0.0,0.0,0,0,0,0,0,0.0,999.0,SMA_5_20,SPY,5,20,-1,561ec34d-c830-4574-a048-fa98a0f3438f,2018-06-26 00:00:00+00:00,-4.866349827041233,-0.020284203533107076,0
0,0,7,3,0,0,0,0,0,0,0.0,0.0,0.0,0,0,0,0,0,0.0,999.0,SMA_10_30,SPY,10,30,-1,b49992fb-0e35-42dc-8930-521ed7fa1d6a,2018-07-02 00:00:00+00:00,-8.946697097036065,-0.03758686895560416,0
0,2,7,3,0,0,0,0,0,0,0.0,0.0,0.0,0,0,0,0,0,0.0,999.0,SMA_5_20,SPY,5,20,1,8abb9437-5260-41fc-9888-cafbc3e08a5d,2018-07-11 00:00:00+00:00,10.192840107847275,0.04164172220804128,1
0,0,7,3,0,0,0,0,0,0,0.0,0.0,0.0,0,0,0,0,0,0.0,999.0,SMA_10_30,SPY,10,30,1,732eef59-7ac0-4295-952c-f12dcf1eb411,2018-07-16 00:00:00+00:00,-1.1532353643422653,-0.004669462592979809,0
0,1,10,4,0,0,0,0,0,0,0.0,0.0,0.0,0,0,0,0,0,0.0,999.0,SMA_5_20,SPY,5,20,-1,6d76eda3-b868-4001-a66b-095bd07dab7a,2018-10-09 00:00:00+00:00,6.458788664141139,0.025331807464135662,1
0,3,10,4,0,0,0,0,0,0,0.0,0.0,0.0,0,0,0,0,0,0.0,999.0,SMA_10_30,SPY,10,30,-1,66536c1c-4d58-450e-be8e-f35047ca3d97,2018-10-11 00:00:00+00:00,3.5753670053010183,0.01454461561524511,1
0,4,10,4,0,0,0,0,0,0,0.0,0.0,0.0,0,0,0,0,0,0.0,999.0,SMA_20_50,SPY,20,50,-1,b30ba6d1-6c7c-42ae-a972-3b25111a577b,2018-10-19 00:00:00+00:00,4.792960415196944,0.01949427582279262,1
0,3,11,4,0,0,0,0,0,0,0.0,0.0,0.0,0,0,0,0,0,0.0,999.0,SMA_5_20,SPY,5,20,1,a24d7be8-059d-4be2-93e9-80980e3a9024,2018-11-08 00:00:00+00:00,-6.263459897157844,-0.02520418227683838,0
0,0,11,4,0,0,0,0,0,0,0.0,0.0,0.0,0,0,0,0,0,0.0,999.0,SMA_50_100,SPY,50,100,-1,a2ddd10b-f2a0-4357-9cc9-c55394bcb2d1,2018-11-19 00:00:00+00:00,-3.386890066400639,-0.013981242025528773,0
0,0,11,4,0,0,0,0,0,0,0.0,0.0,0.0,0,0,0,0,0,0.0,999.0,SMA_10_30,SPY,10,30,1,5123eea5-5a12-4ad6-adc9-a49401878244,2018-11-19 00:00:00+00:00,-8.756437635583666,-0.03614698778654195,0
0,0,11,4,0,0,0,0,0,0,0.0,0.0,0.0,0,0,0,0,0,0.0,999.0,SMA_5_20,SPY,5,20,-1,3c499813-0217-4293-8e9f-8059249e02a7,2018-11-19 00:00:00+00:00,-4.719813015134861,-0.01948361086014514,0
0,4,11,4,0,0,0,0,0,0,0.0,0.0,0.0,0,0,0,0,0,0.0,999.0,SMA_10_30,SPY,10,30,-1,2f828731-e7d4-4f7c-90c8-4e4facf24928,2018-11-23 00:00:00+00:00,1.4653214568354826,0.006275766167096891,1
0,1,12,4,0,0,0,0,0,0,0.0,0.0,0.0,0,0,0,0,0,0.0,999.0,SMA_5_20,SPY,5,20,1,83139f18-11da-415e-a559-723c9f3853ec,2018-12-04 00:00:00+00:00,-9.50170100501245,-0.03847386042069679,0
0,1,12,4,0,0,0,0,0,0,0.0,0.0,0.0,0,0,0,0,0,0.0,999.0,SMA_5_20,SPY,5,20,-1,f381a945-39c1-450a-8e1b-bf68db788427,2018-12-11 00:00:00+00:00,8.786256679913947,0.03700046620511255,1
0,3,1,1,0,0,0,0,0,0,0.0,0.0,0.0,0,0,0,0,0,0.0,999.0,SMA_5_20,SPY,5,20,1,7a86231d-eff7-4a63-ae61-f8914cff6a16,2019-01-10 00:00:00+00:00,20.345880397952328,0.08897207515331906,1
0,3,1,1,0,0,0,0,0,0,0.0,0.0,0.0,0,0,0,0,0,0.0,999.0,SMA_10_30,SPY,10,30,1,1e17d345-523f-4006-964f-433651536a84,2019-01-17 00:00:00+00:00,20.7225298806475,0.08931218984942571,1
0,4,2,1,0,0,0,0,0,0,0.0,0.0,0.0,0,0,0,0,0,0.0,999.0,SMA_20_50,SPY,20,50,1,ab11a29d-7cc7-43b9-84a0-29c1d82fdb97,2019-02-01 00:00:00+00:00,9.092685156723348,0.0377177071685233,1
0,0,3,1,0,0,0,0,0,0,0.0,0.0,0.0,0,0,0,0,0,0.0,999.0,SMA_50_100,SPY,50,100,1,e6d1f1ec-4ac5-416a-8a81-4d3261d074e3,2019-03-11 00:00:00+00:00,-36.9277506040701,-0.15033759091457682,0
0,1,3,1,0,0,0,0,0,0,0.0,0.0,0.0,0,0,0,0,0,0.0,999.0,SMA_5_20,SPY,5,20,-1,98ff471a-021a-4fc6-9893-35915a0f4577,2019-03-12 00:00:00+00:00,-2.423477030945321,-0.00973193943752529,0
0,4,3,1,0,0,0,0,0,0,0.0,0.0,0.0,0,0,0,0,0,0.0,999.0,SMA_5_20,SPY,5,20,1,6fb8647a-651f-4fbb-90e1-8bfb9197cd98,2019-03-15 00:00:00+00:00,4.203593168139861,0.016717644021032593,1
0,3,5,2,0,0,0,0,0,0,0.0,0.0,0.0,0,0,0,0,0,0.0,999.0,SMA_5_20,SPY,5,20,-1,44364a24-ff63-4e1c-b030-1eeeac5a0145,2019-05-09 00:00:00+00:00,-5.162606585385134,-0.02019403322611624,0
0,1,5,2,0,0,0,0,0,0,0.0,0.0,0.0,0,0,0,0,0,0.0,999.0,SMA_10_30,SPY,10,30,-1,9d466208-8f06-469d-be35-03adbaf82e45,2019-05-14 00:00:00+00:00,-6.749154074882426,-0.026703300468727192,0
0,3,5,2,0,0,0,0,0,0,0.0,0.0,0.0,0,0,0,0,0,0.0,999.0,SMA_20_50,SPY,20,50,-1,625a7722-66e7-41e8-913e-f66d79faff1e,2019-05-30 00:00:00+00:00,-13.34854472519919,-0.05335901752392327,0
0,1,6,2,0,0,0,0,0,0,0.0,0.0,0.0,0,0,0,0,0,0.0,999.0,SMA_5_20,SPY,5,20,1,57949106-97c4-42ba-b82a-6d994f674bc2,2019-06-11 00:00:00+00:00,-1.3433112519099382,-0.005150482415938752,0
0,0,6,2,0,0,0,0,0,0,0.0,0.0,0.0,0,0,0,0,0,0.0,999.0,SMA_10_30,SPY,10,30,1,ad4d8572-1bf5-4339-8ecc-198677c7abe2,2019-06-17 00:00:00+00:00,-3.349351277904134,-0.012907179213980078,0
0,4,6,2,0,0,0,0,0,0,0.0,0.0,0.0,0,0,0,0,0,0.0,999.0,SMA_20_50,SPY,20,50,1,eac00961-1ef8-4f83-a99c-199cf9e23fe7,2019-06-28 00:00:00+00:00,-0.3512451300728685,-0.0013329313964074879,0
0,0,8,3,0,0,0,0,0,0,0.0,0.0,0.0,0,0,0,0,0,0.0,999.0,SMA_5_20,SPY,5,20,-1,5b838a0d-2a57-4dd7-b675-90982f23e379,2019-08-05 00:00:00+00:00,-2.2334979138499307,-0.00860794361906098,0
0,2,8,3,0,0,0,0,0,0,0.0,0.0,0.0,0,0,0,0,0,0.0,999.0,SMA_10_30,SPY,10,30,-1,765afaf1-ed68-4cea-bf1d-820f90d455fa,2019-08-07 00:00:00+00:00,-11.672453754749256,-0.045569557398210093,0
0,0,8,3,0,0,0,0,0,0,0.0,0.0,0.0,0,0,0,0,0,0.0,999.0,SMA_20_50,SPY,20,50,-1,2ed72de3-5fab-4667-8cba-97d8628a77cc,2019-08-19 00:00:00+00:00,-8.412150342634959,-0.03196566787426932,0
0,1,9,3,0,0,0,0,0,0,0.0,0.0,0.0,0,0,0,0,0,0.0,999.0,SMA_5_20,SPY,5,20,1,6b14b8d2-6c68-4d90-9ce5-86ee91be1130,2019-09-03 00:00:00+00:00,6.094600618130073,0.023288243301832698,1
0,1,9,3,0,0,0,0,0,0,0.0,0.0,0.0,0,0,0,0,0,0.0,999.0,SMA_10_30,SPY,10,30,1,9c7f98f7-86b8-48e0-a7fc-87c9656bd76c,2019-09-10 00:00:00+00:00,-4.481526108919468,-0.016733456130668747,0
0,3,9,3,0,0,0,0,0,0,0.0,0.0,0.0,0,0,0,0,0,0.0,999.0,SMA_20_50,SPY,20,50,1,25aeebc7-3bb2-4f89-93cf-6facb22bfa4f,2019-09-19 00:00:00+00:00,6.768924180998681,0.024924769883491918,1
0,0,9,3,0,0,0,0,0,0,0.0,0.0,0.0,0,0,0,0,0,0.0,999.0,SMA_5_20,SPY,5,20,-1,c3d34195-657a-4840-bb2e-d567cdbe467c,2019-09-30 00:00:00+00:00,-2.1715495527856206,-0.008108924145609804,0
0,1,10,4,0,0,0,0,0,0,0.0,0.0,0.0,0,0,0,0,0,0.0,999.0,SMA_10_30,SPY,10,30,-1,71c2302d-eb74-4e5c-b9ab-5ca8c8b407dd,2019-10-08 00:00:00+00:00,-6.958034216778003,-0.02642256751756551,0
0,2,10,4,0,0,0,0,0,0,0.0,0.0,0.0,0,0,0,0,0,0.0,999.0,SMA_5_20,SPY,5,20,1,724bc68b-649f-48db-a804-600c74e91ee1,2019-10-16 00:00:00+00:00,27.359499765707994,0.10134310053178344,1
0,2,10,4,0,0,0,0,0,0,0.0,0.0,0.0,0,0,0,0,0,0.0,999.0,SMA_10_30,SPY,10,30,1,861a3319-e018-46d6-934f-21c369af4768,2019-10-23 00:00:00+00:00,-7.791094362827607,-0.02882443003813894,0
0,4,1,1,0,0,0,0,0,0,0.0,0.0,0.0,0,0,0,0,0,0.0,999.0,SMA_5_20,SPY,5,20,-1,56d40840-2922-4ff5-8c67-2de6a28838b8,2020-01-31 00:00:00+00:00,-3.8461680605059883,-0.012935751265019139,0
0,0,2,1,0,0,0,0,0,0,0.0,0.0,0.0,0,0,0,0,0,0.0,999.0,SMA_5_20,SPY,5,20,1,d8fb4b3e-ff5d-43d0-97aa-fd1d9ccb3273,2020-02-10 00:00:00+00:00,-15.502940870730356,-0.0514749092934964,0
0,2,2,1,0,0,0,0,0,0,0.0,0.0,0.0,0,0,0,0,0,0.0,999.0,SMA_5_20,SPY,5,20,-1,0d52e60d-8237-427f-b6dc-5b4b0de5219a,2020-02-26 00:00:00+00:00,49.84920515916926,0.17449818488638125,1
0,4,2,1,0,0,0,0,0,0,0.0,0.0,0.0,0,0,0,0,0,0.0,999.0,SMA_10_30,SPY,10,30,-1,423001ea-b3f0-42d7-9963-353d5039d74d,2020-02-28 00:00:00+00:00,8.635900850000013,0.03289820196605298,1
0,2,3,1,0,0,0,0,0,0,0.0,0.0,0.0,0,0,0,0,0,0.0,999.0,SMA_20_50,SPY,20,50,-1,864663b2-f9fa-4742-a9d5-c2fcb98e331b,2020-03-04 00:00:00+00:00,17.39628259750532,0.062499417944622424,1
0,0,3,1,0,0,0,0,0,0,0.0,0.0,0.0,0,0,0,0,0,0.0,999.0,SMA_50_100,SPY,50,100,-1,a5c5b922-b5d9-4536-b8ab-8049221904d3,2020-03-23 00:00:00+00:00,-74.83324616431031,-0.358560886315679,0
0,0,4,2,0,0,0,0,0,0,0.0,0.0,0.0,0,0,0,0,0,0.0,999.0,SMA_5_20,SPY,5,20,1,f55bade5-dc16-4539-85ac-d99e46fbaa96,2020-04-06 00:00:00+00:00,47.71511448483969,0.2023348135693804,1
0,2,4,2,0,0,0,0,0,0,0.0,0.0,0.0,0,0,0,0,0,0.0,999.0,SMA_10_30,SPY,10,30,1,03c91367-7a63-466e-96be-cc12fbc7167a,2020-04-15 00:00:00+00:00,55.44732526153288,0.21841020434328673,1
0,4,5,2,0,0,0,0,0,0,0.0,0.0,0.0,0,0,0,0,0,0.0,999.0,SMA_20_50,SPY,20,50,1,9c561514-18a6-42a7-9cd8-9b009deb6508,2020-05-01 00:00:00+00:00,44.983522602886126,0.17238577838373567,1
0,3,6,2,0,0,0,0,0,0,0.0,0.0,0.0,0,0,0,0,0,0.0,999.0,SMA_5_20,SPY,5,20,-1,8f2cd03c-4ae9-4b3f-ba3c-6753f93c6a28,2020-06-18 00:00:00+00:00,-5.069246758459542,-0.01787856481320831,0
0,3,6,2,0,0,0,0,0,0,0.0,0.0,0.0,0,0,0,0,0,0.0,999.0,SMA_50_100,SPY,50,100,1,d6eaabcb-06e1-496b-9a05-a84df7806704,2020-06-18 00:00:00+00:00,119.6892339795308,0.42212814429979856,1
0,4,6,2,0,0,0,0,0,0,0.0,0.0,0.0,0,0,0,0,0,0.0,999.0,SMA_5_20,SPY,5,20,1,9cd42573-02cf-4ca3-852d-ca45a9e8cc42,2020-06-19 00:00:00+00:00,-9.829367669939643,-0.034057975802121054,0
0,3,6,2,0,0,0,0,0,0,0.0,0.0,0.0,0,0,0,0,0,0.0,999.0,SMA_5_20,SPY,5,20,-1,84180da4-b1ab-48b3-9cfb-1546a01712a1,2020-06-25 00:00:00+00:00,-10.94091822329932,-0.03924605095840386,0
0,1,7,3,0,0,0,0,0,0,0.0,0.0,0.0,0,0,0,0,0,0.0,999.0,SMA_5_20,SPY,5,20,1,107f5797-6fd7-436b-921e-a84c6512a3e1,2020-07-07 00:00:00+00:00,18.776836812796148,0.06481062960583758,1
0,4,9,3,0,0,0,0,0,0,0.0,0.0,0.0,0,0,0,0,0,0.0,999.0,SMA_5_20,SPY,5,20,-1,52f9ee69-ac4a-4422-82d8-1573bfa6b522,2020-09-11 00:00:00+00:00,-1.4561736203794453,-0.004720245532868102,0
0,4,9,3,0,0,0,0,0,0,0.0,0.0,0.0,0,0,0,0,0,0.0,999.0,SMA_10_30,SPY,10,30,-1,9921c7ac-1495-4bf4-a0bc-fe3325848a19,2020-09-18 00:00:00+00:00,-13.115258433459303,-0.04240095607047026,0
0,4,10,4,0,0,0,0,0,0,0.0,0.0,0.0,0,0,0,0,0,0.0,999.0,SMA_20_50,SPY,20,50,-1,c3864ad8-f8fa-438c-8609-e25db18271a8,2020-10-02 00:00:00+00:00,-10.726403429196864,-0.035061586070017504,0
0,0,10,4,0,0,0,0,0,0,0.0,0.0,0.0,0,0,0,0,0,0.0,999.0,SMA_5_20,SPY,5,20,1,9e234e25-9878-4e21-9d74-762d8981e756,2020-10-05 00:00:00+00:00,-3.6522558356642207,-0.01178331448665165,0
0,0,10,4,0,0,0,0,0,0,0.0,0.0,0.0,0,0,0,0,0,0.0,999.0,SMA_10_30,SPY,10,30,1,51e0b95f-df06-4a45-872c-aa7ed6e23adc,2020-10-12 00:00:00+00:00,-14.664760194570079,-0.04548193792971358,0
0,2,10,4,0,0,0,0,0,0,0.0,0.0,0.0,0,0,0,0,0,0.0,999.0,SMA_20_50,SPY,20,50,1,931698f0-3991-424a-8d62-49e0ae19151a,2020-10-21 00:00:00+00:00,88.32919829179713,0.27894303939870807,1
0,2,10,4,0,0,0,0,0,0,0.0,0.0,0.0,0,0,0,0,0,0.0,999.0,SMA_5_20,SPY,5,20,-1,dc95da12-a2b5-415c-a7c7-84914fb32988,2020-10-28 00:00:00+00:00,-29.394056500926922,-0.09596516609235864,0
0,1,11,4,0,0,0,0,0,0,0.0,0.0,0.0,0,0,0,0,0,0.0,999.0,SMA_10_30,SPY,10,30,-1,19576061-a552-49c6-97d0-6431df37442a,2020-11-03 00:00:00+00:00,-20.189348493207774,-0.06559974471759335,0
0,0,11,4,0,0,0,0,0,0,0.0,0.0,0.0,0,0,0,0,0,0.0,999.0,SMA_5_20,SPY,5,20,1,1920432b-ec17-4180-99ad-6d97f540d1da,2020-11-09 00:00:00+00:00,15.954360974911253,0.04752660123560327,1
0,3,11,4,0,0,0,0,0,0,0.0,0.0,0.0,0,0,0,0,0,0.0,999.0,SMA_10_30,SPY,10,30,1,36b5ea84-7ad1-4226-97b4-398fbe68e661,2020-11-12 00:00:00+00:00,28.333212055629247,0.08639359556096331,1
0,1,2,1,0,0,0,0,0,0,0.0,0.0,0.0,0,0,0,0,0,0.0,999.0,SMA_5_20,SPY,5,20,-1,c4754f7b-5e3b-4b15-95cb-d0854114fe55,2021-02-02 00:00:00+00:00,-8.910367132425847,-0.02533890725873026,0
0,0,2,1,0,0,0,0,0,0,0.0,0.0,0.0,0,0,0,0,0,0.0,999.0,SMA_5_20,SPY,5,20,1,d9004c0e-f19a-411a-9d7f-845723e8f19e,2021-02-08 00:00:00+00:00,-3.4084951652703808,-0.009453388983744902,0
0,0,3,1,0,0,0,0,0,0,0.0,0.0,0.0,0,0,0,0,0,0.0,999.0,SMA_5_20,SPY,5,20,-1,2c20f0ea-9167-4af2-86bd-47824416e2a3,2021-03-01 00:00:00+00:00,-8.095360041045126,-0.022666585269225645,0
0,0,3,1,0,0,0,0,0,0,0.0,0.0,0.0,0,0,0,0,0,0.0,999.0,SMA_10_30,SPY,10,30,-1,536b6747-df6b-4cb9-aaff-74b813d96b08,2021-03-08 00:00:00+00:00,-9.095549115326094,-0.02552862733719824,0
0,0,3,1,0,0,0,0,0,0,0.0,0.0,0.0,0,0,0,0,0,0.0,999.0,SMA_5_20,SPY,5,20,1,ada19973-feb8-4110-a30d-3eb8680f7cc3,2021-03-15 00:00:00+00:00,13.035337231762412,0.035689308615997645,1
0,3,3,1,0,0,0,0,0,0,0.0,0.0,0.0,0,0,0,0,0,0.0,999.0,SMA_10_30,SPY,10,30,1,c5730732-8d13-48b7-923b-4f3b3956fbb4,2021-03-18 00:00:00+00:00,17.29186046934865,0.04732520181516003,1
0,3,5,2,0,0,0,0,0,0,0.0,0.0,0.0,0,0,0,0,0,0.0,999.0,SMA_5_20,SPY,5,20,-1,02e772ab-c8fa-4d93-92fa-85562a6c75b1,2021-05-13 00:00:00+00:00,-12.17344474966717,-0.03218102402669663,0
0,3,5,2,0,0,0,0,0,0,0.0,0.0,0.0,0,0,0,0,0,0.0,999.0,SMA_10_30,SPY,10,30,-1,0893fe3c-9fed-46a7-b7d9-3b0cea80e4a1,2021-05-20 00:00:00+00:00,-8.521417432034866,-0.022267991063471448,0
0,3,5,2,0,0,0,0,0,0,0.0,0.0,0.0,0,0,0,0,0,0.0,999.0,SMA_5_20,SPY,5,20,1,acb9ec2c-9558-4f08-b8e5-867bd17d9695,2021-05-27 00:00:00+00:00,4.0930137124334465,0.010482713095543765,1
0,4,5,2,0,0,0,0,0,0,0.0,0.0,0.0,0,0,0,0,0,0.0,999.0,SMA_10_30,SPY,10,30,1,8d3bcba8-5794-4c71-b96b-963010bc7862,2021-05-28 00:00:00+00:00,17.09052266410356,0.043687760240997534,1
0,2,6,2,0,0,0,0,0,0,0.0,0.0,0.0,0,0,0,0,0,0.0,999.0,SMA_5_20,SPY,5,20,-1,254b2cb9-27ee-4a04-b7cd-3d11244a8dc4,2021-06-23 00:00:00+00:00,-1.5848778647007293,-0.004016959116809923,0
0,3,6,2,0,0,0,0,0,0,0.0,0.0,0.0,0,0,0,0,0,0.0,999.0,SMA_5_20,SPY,5,20,1,8921666b-1595-4245-bf4e-b64ac693a75b,2021-06-24 00:00:00+00:00,11.775194144202544,0.029725463794943778,1
0,4,7,3,0,0,0,0,0,0,0.0,0.0,0.0,0,0,0,0,0,0.0,999.0,SMA_5_20,SPY,5,20,-1,41c10d10-c24c-4290-b103-cccd0640afa7,2021-07-23 00:00:00+00:00,-1.6688007613900027,-0.004091133015194952,0
0,0,7,3,0,0,0,0,0,0,0.0,0.0,0.0,0,0,0,0,0,0.0,999.0,SMA_5_20,SPY,5,20,1,34bae3bf-ac23-443e-bafc-3b68d5866432,2021-07-26 00:00:00+00:00,4.950554490004549,0.012087036231249175,1
0,2,9,3,0,0,0,0,0,0,0.0,0.0,0.0,0,0,0,0,0,0.0,999.0,SMA_5_20,SPY,5,20,-1,04f6685c-0bd7-472c-9d6d-035928496896,2021-09-15 00:00:00+00:00,-1.4495872413292545,-0.003496974574275472,0
0,1,9,3,0,0,0,0,0,0,0.0,0.0,0.0,0,0,0,0,0,0.0,999.0,SMA_10_30,SPY,10,30,-1,26270020-3b7a-4806-9c9f-b09b0ae276e2,2021-09-21 00:00:00+00:00,-13.65544508540978,-0.03344565497760697,0
0,0,10,4,0,0,0,0,0,0,0.0,0.0,0.0,0,0,0,0,0,0.0,999.0,SMA_20_50,SPY,20,50,-1,87846096-bc48-4709-9e2c-91b6aa0f4f22,2021-10-04 00:00:00+00:00,-21.39034602359618,-0.052817500792294116,0
0,4,10,4,0,0,0,0,0,0,0.0,0.0,0.0,0,0,0,0,0,0.0,999.0,SMA_5_20,SPY,5,20,1,fc231544-c076-4b65-802d-28c942388053,2021-10-15 00:00:00+00:00,16.134055626810834,0.0387860541349209,1
0,2,10,4,0,0,0,0,0,0,0.0,0.0,0.0,0,0,0,0,0,0.0,999.0,SMA_10_30,SPY,10,30,1,ce0b9751-a77e-4b33-828e-5043e1d60562,2021-10-20 00:00:00+00:00,4.676562874527235,0.011083399285201575,1
0,4,10,4,0,0,0,0,0,0,0.0,0.0,0.0,0,0,0,0,0,0.0,999.0,SMA_20_50,SPY,20,50,1,f8a8ea7e-bac5-470b-92e6-cb5575ac74f5,2021-10-29 00:00:00+00:00,-12.721655267826407,-0.02983668469245767,0
0,1,11,4,0,0,0,0,0,0,0.0,0.0,0.0,0,0,0,0,0,0.0,999.0,SMA_5_20,SPY,5,20,-1,063bc422-babf-4cdb-9ff2-c4d79ea7518b,2021-11-30 00:00:00+00:00,-7.660108451822055,-0.017727229092447682,0
0,0,12,4,0,0,0,0,0,0,0.0,0.0,0.0,0,0,0,0,0,0.0,999.0,SMA_10_30,SPY,10,30,-1,a355cada-96a3-4bb8-abb3-a67b4e2ae577,2021-12-06 00:00:00+00:00,-6.585847961309241,-0.015437285003908462,0
0,0,12,4,0,0,0,0,0,0,0.0,0.0,0.0,0,0,0,0,0,0.0,999.0,SMA_5_20,SPY,5,20,1,e86754df-4fd6-4db5-973b-e2197407beed,2021-12-13 00:00:00+00:00,-3.1103166453925724,-0.007072600855509919,0
0,4,12,4,0,0,0,0,0,0,0.0,0.0,0.0,0,0,0,0,0,0.0,999.0,SMA_10_30,SPY,10,30,1,6f324724-b15f-4dad-b5d5-2dbeabead995,2021-12-17 00:00:00+00:00,-3.2098995601554066,-0.007409647693684989,0
0,1,1,1,0,0,0,0,0,0,0.0,0.0,0.0,0,0,0,0,0,0.0,999.0,SMA_5_20,SPY,5,20,-1,fb20bc4a-b8ad-4aad-8101-a4fa372dcd6c,2022-01-11 00:00:00+00:00,9.395296964321744,0.021516298537658494,1
0,2,1,1,0,0,0,0,0,0,0.0,0.0,0.0,0,0,0,0,0,0.0,999.0,SMA_10_30,SPY,10,30,-1,937f5f68-1f94-458d-abaa-516a5e14da80,2022-01-19 00:00:00+00:00,10.141081047853845,0.02358415496312826,1
0,2,1,1,0,0,0,0,0,0,0.0,0.0,0.0,0,0,0,0,0,0.0,999.0,SMA_20_50,SPY,20,50,-1,4ee07c60-fb86-4712-a17b-9f9d425de911,2022-01-26 00:00:00+00:00,-12.969181335351834,-0.03135267898926607,0
0,2,2,1,0,0,0,0,0,0,0.0,0.0,0.0,0,0,0,0,0,0.0,999.0,SMA_5_20,SPY,5,20,1,7f7dd2aa-af66-434d-a660-1e6640485bce,2022-02-09 00:00:00+00:00,-11.263049409760868,-0.026360852011274354,0
0,3,2,1,0,0,0,0,0,0,0.0,0.0,0.0,0,0,0,0,0,0.0,999.0,SMA_5_20,SPY,5,20,-1,55440c13-9359-477d-8a27-bc485044e76f,2022-02-17 00:00:00+00:00,-2.3467666538243748,-0.005641249844695563,0
0,4,2,1,0,0,0,0,0,0,0.0,0.0,0.0,0,0,0,0,0,0.0,999.0,SMA_50_100,SPY,50,100,-1,955b5021-0673-43df-95ac-b00c48fac191,2022-02-25 00:00:00+00:00,16.696305670827087,0.041406724507723744,1
0,0,3,1,0,0,0,0,0,0,0.0,0.0,0.0,0,0,0,0,0,0.0,999.0,SMA_5_20,SPY,5,20,1,63235173-58b2-4601-9160-1041847ee7ca,2022-03-21 00:00:00+00:00,-1.1864414163866286,-0.0028360157969695935,0
0,3,3,1,0,0,0,0,0,0,0.0,0.0,0.0,0,0,0,0,0,0.0,999.0,SMA_10_30,SPY,10,30,1,35fe908a-01c7-42f2-ba0e-8efc0b2dc5a2,2022-03-24 00:00:00+00:00,-8.501795057888103,-0.020249386950352843,0
0,0,4,2,0,0,0,0,0,0,0.0,0.0,0.0,0,0,0,0,0,0.0,999.0,SMA_20_50,SPY,20,50,1,197ba610-632a-4560-ad3d-3498a1aae27e,2022-04-04 00:00:00+00:00,-35.89021551231377,-0.08412613922194317,0
0,1,4,2,0,0,0,0,0,0,0.0,0.0,0.0,0,0,0,0,0,0.0,999.0,SMA_5_20,SPY,5,20,-1,d0f94f2b-48f6-4e51-8c96-7bf99ccb7bdd,2022-04-12 00:00:00+00:00,26.277261670556925,0.06299061790475173,1
0,4,4,2,0,0,0,0,0,0,0.0,0.0,0.0,0,0,0,0,0,0.0,999.0,SMA_10_30,SPY,10,30,-1,9153ebcd-5c6d-413a-bf4f-adbee04d7d0b,2022-04-22 00:00:00+00:00,21.635865128989508,0.05259687835342185,1
0,1,5,2,0,0,0,0,0,0,0.0,0.0,0.0,0,0,0,0,0,0.0,999.0,SMA_20_50,SPY,20,50,-1,5d71a74c-f282-4f25-8571-25ebcc7744da,2022-05-03 00:00:00+00:00,3.88154696751468,0.009933998120151109,1
0,2,6,2,0,0,0,0,0,0,0.0,0.0,0.0,0,0,0,0,0,0.0,999.0,SMA_5_20,SPY,5,20,1,2e10a36f-f0d1-43f3-ae88-e1701991fa93,2022-06-01 00:00:00+00:00,-36.078378449768934,-0.0922993905052887,0
0,2,6,2,0,0,0,0,0,0,0.0,0.0,0.0,0,0,0,0,0,0.0,999.0,SMA_10_30,SPY,10,30,1,4b7157f0-7298-4b4f-9218-acef1aa7539b,2022-06-08 00:00:00+00:00,-34.43080303657155,-0.08834826891652901,0
0,1,6,2,0,0,0,0,0,0,0.0,0.0,0.0,0,0,0,0,0,0.0,999.0,SMA_5_20,SPY,5,20,-1,9c9a196e-4752-4858-8dce-aae8e18a8d23,2022-06-14 00:00:00+00:00,-11.38549882793751,-0.032089375052717556,0
0,2,6,2,0,0,0,0,0,0,0.0,0.0,0.0,0,0,0,0,0,0.0,999.0,SMA_10_30,SPY,10,30,-1,9e5fd3ff-7796-46bf-a0b2-7152b4611cdf,2022-06-15 00:00:00+00:00,-15.822391427382627,-0.04453424107547086,0
0,4,7,3,0,0,0,0,0,0,0.0,0.0,0.0,0,0,0,0,0,0.0,999.0,SMA_5_20,SPY,5,20,1,aec75f9b-5f92-4ab1-b7a4-dbd6f5fb72df,2022-07-08 00:00:00+00:00,-1.1252732424359806,-0.0030729102856857774,0
0,1,7,3,0,0,0,0,0,0,0.0,0.0,0.0,0,0,0,0,0,0.0,999.0,SMA_5_20,SPY,5,20,-1,144930d9-d322-4d06-8f08-a6a4f61fe1bc,2022-07-19 00:00:00+00:00,-6.042268504958145,-0.01655116286516577,0
0,2,7,3,0,0,0,0,0,0,0.0,0.0,0.0,0,0,0,0,0,0.0,999.0,SMA_10_30,SPY,10,30,1,d9ce634a-eff9-4058-acb6-ee34944c82f8,2022-07-20 00:00:00+00:00,0.3971178862048532,0.001070086039932688,1
0,2,7,3,0,0,0,0,0,0,0.0,0.0,0.0,0,0,0,0,0,0.0,999.0,SMA_5_20,SPY,5,20,1,fa720062-8c19-44ac-9f0b-250ac814c636,2022-07-20 00:00:00+00:00,25.45477041199149,0.068591205316581,1
0,1,8,3,0,0,0,0,0,0,0.0,0.0,0.0,0,0,0,0,0,0.0,999.0,SMA_20_50,SPY,20,50,1,e6ba95fb-3db1-4e1f-933e-74b8cc5c87af,2022-08-02 00:00:00+00:00,-23.913170034756263,-0.061814766401963595,0
0,4,8,3,0,0,0,0,0,0,0.0,0.0,0.0,0,0,0,0,0,0.0,999.0,SMA_5_20,SPY,5,20,-1,edf1b304-5a71-4e1d-9aa4-2d76dfb00cab,2022-08-26 00:00:00+00:00,49.897926303279974,0.12582593085166585,1
0,3,9,3,0,0,0,0,0,0,0.0,0.0,0.0,0,0,0,0,0,0.0,999.0,SMA_10_30,SPY,10,30,-1,7644ca10-e429-4af6-a23b-91d311f1c003,2022-09-01 00:00:00+00:00,7.797503624625051,0.020988932534325933,1
0,0,9,3,0,0,0,0,0,0,0.0,0.0,0.0,0,0,0,0,0,0.0,999.0,SMA_50_100,SPY,50,100,1,83a769aa-e369-4db1-9e20-681ac84c3a69,2022-09-12 00:00:00+00:00,-30.361324263204665,-0.07854830573352278,0
0,0,9,3,0,0,0,0,0,0,0.0,0.0,0.0,0,0,0,0,0,0.0,999.0,SMA_20_50,SPY,20,50,-1,0fa179aa-5f72-4245-b380-b6c23a563c77,2022-09-19 00:00:00+00:00,-13.672108699535386,-0.03767055249893338,0
0,1,10,4,0,0,0,0,0,0,0.0,0.0,0.0,0,0,0,0,0,0.0,999.0,SMA_50_100,SPY,50,100,-1,b221c14e-a3af-4df9-bcf0-cafbf99aa8e6,2022-10-18 00:00:00+00:00,-10.448745376307443,-0.029336458516358143,0
0,4,10,4,0,0,0,0,0,0,0.0,0.0,0.0,0,0,0,0,0,0.0,999.0,SMA_5_20,SPY,5,20,1,96fec364-d799-4468-8e07-17a83c7e2d64,2022-10-21 00:00:00+00:00,28.312710155648915,0.08167162146855982,1
0,3,10,4,0,0,0,0,0,0,0.0,0.0,0.0,0,0,0,0,0,0.0,999.0,SMA_10_30,SPY,10,30,1,add3cf88-5433-4af0-99b9-ec423baafd0b,2022-10-27 00:00:00+00:00,-1.9925754226180743,-0.005478503381814096,0
0,0,11,4,0,0,0,0,0,0,0.0,0.0,0.0,0,0,0,0,0,0.0,999.0,SMA_20_50,SPY,20,50,1,b068bf4d-856e-46cc-9020-257d77fe1248,2022-11-14 00:00:00+00:00,-11.127978162014415,-0.02954767134124947,0
0,4,12,4,0,0,0,0,0,0,0.0,0.0,0.0,0,0,0,0,0,0.0,999.0,SMA_5_20,SPY,5,20,-1,5f7624c5-7d59-494a-a719-27d19d40b5f8,2022-12-09 00:00:00+00:00,0.862874066099721,0.002301132973191015,1
0,1,12,4,0,0,0,0,0,0,0.0,0.0,0.0,0,0,0,0,0,0.0,999.0,SMA_10_30,SPY,10,30,-1,aea90eef-4809-4341-a6ce-4186d9f2d2eb,2022-12-20 00:00:00+00:00,-18.866418886015254,-0.0521581840776355,0
0,1,1,1,0,0,0,0,0,0,0.0,0.0,0.0,0,0,0,0,0,0.0,999.0,SMA_50_100,SPY,50,100,1,622f4b3d-f44a-4a82-bcee-c20314b222b6,2023-01-03 00:00:00+00:00,52.115657864943046,0.14215246912134172,1
0,2,1,1,0,0,0,0,0,0,0.0,0.0,0.0,0,0,0,0,0,0.0,999.0,SMA_20_50,SPY,20,50,-1,7f051547-92e0-44ec-8f2e-9d9bf159c6c7,2023-01-04 00:00:00+00:00,-18.713795956033493,-0.051202914079052315,0
0,2,1,1,0,0,0,0,0,0,0.0,0.0,0.0,0,0,0,0,0,0.0,999.0,SMA_5_20,SPY,5,20,1,57333a92-3dcb-4b9c-9191-fede7e46ccc8,2023-01-11 00:00:00+00:00,8.899017239359523,0.02378684640182392,1
0,2,1,1,0,0,0,0,0,0,0.0,0.0,0.0,0,0,0,0,0,0.0,999.0,SMA_10_30,SPY,10,30,1,c93ffda5-bfc0-4bfd-82b0-23183560c9c7,2023-01-18 00:00:00+00:00,-3.433664494629568,-0.00902214515537508,0
0,0,1,1,0,0,0,0,0,0,0.0,0.0,0.0,0,0,0,0,0,0.0,999.0,SMA_20_50,SPY,20,50,1,45b394a6-1be6-4820-915f-418abda19eb2,2023-01-30 00:00:00+00:00,-16.128971175384606,-0.04198101147993689,0
0,3,2,1,0,0,0,0,0,0,0.0,0.0,0.0,0,0,0,0,0,0.0,999.0,SMA_5_20,SPY,5,20,-1,81f7a0d8-0a0a-49f9-b160-368db6980bf4,2023-02-23 00:00:00+00:00,1.8318588167287544,0.004782745522229681,1
0,2,3,1,0,0,0,0,0,0,0.0,0.0,0.0,0,0,0,0,0,0.0,999.0,SMA_10_30,SPY,10,30,-1,7b697166-f5b0-4dc4-934b-8b48eb3aad63,2023-03-01 00:00:00+00:00,-10.295839240916905,-0.027299189656670688,0
0,2,3,1,0,0,0,0,0,0,0.0,0.0,0.0,0,0,0,0,0,0.0,999.0,SMA_20_50,SPY,20,50,-1,cf957880-c1fa-458b-ab0b-76efd47eb225,2023-03-15 00:00:00+00:00,-27.179374303670556,-0.07384338044512916,0
0,0,3,1,0,0,0,0,0,0,0.0,0.0,0.0,0,0,0,0,0,0.0,999.0,SMA_5_20,SPY,5,20,1,59727a22-7704-427c-81e5-b5acae21dd5f,2023-03-27 00:00:00+00:00,8.502240978833129,0.022304926051351225,1
0,4,3,1,0,0,0,0,0,0,0.0,0.0,0.0,0,0,0,0,0,0.0,999.0,SMA_10_30,SPY,10,30,1,87177817-54cd-4f83-8943-9f10294c273b,2023-03-31 00:00:00+00:00,6.893660012168311,0.017792661559975515,1
0,4,4,2,0,0,0,0,0,0,0.0,0.0,0.0,0,0,0,0,0,0.0,999.0,SMA_20_50,SPY,20,50,1,93ce738b-8583-46f3-928c-6d549ba3ea27,2023-04-14 00:00:00+00:00,30.14486083915807,0.07626836814577487,1
0,3,4,2,0,0,0,0,0,0,0.0,0.0,0.0,0,0,0,0,0,0.0,999.0,SMA_5_20,SPY,5,20,-1,0b9b72fd-d5ac-47b0-b912-f3eea4ac9f75,2023-04-27 00:00:00+00:00,-4.174489849160977,-0.010712487634008332,0
0,2,5,2,0,0,0,0,0,0,0.0,0.0,0.0,0,0,0,0,0,0.0,999.0,SMA_5_20,SPY,5,20,1,0305d09b-2331-4707-ab0d-de7429a9ced7,2023-05-03 00:00:00+00:00,1.5415225317761383,0.003913894993286594,1
0,0,5,2,0,0,0,0,0,0,0.0,0.0,0.0,0,0,0,0,0,0.0,999.0,SMA_5_20,SPY,5,20,-1,455c5cff-a422-42b3-94ee-bcf58c009516,2023-05-08 00:00:00+00:00,-0.4308606427393329,-0.0010896816873008437,0
0,4,5,2,0,0,0,0,0,0,0.0,0.0,0.0,0,0,0,0,0,0.0,999.0,SMA_5_20,SPY,5,20,1,c23fa7fe-dde3-4c3a-a6d7-dabfc80d5316,2023-05-12 00:00:00+00:00,34.779028061243764,0.08786325401724045,1
0,1,5,2,0,0,0,0,0,0,0.0,0.0,0.0,0,0,0,0,0,0.0,999.0,SMA_10_30,SPY,10,30,-1,263be2df-f978-4952-979e-eb9f60ee16b0,2023-05-16 00:00:00+00:00,-2.9107028424800774,-0.007381244852460797,0
0,3,5,2,0,0,0,0,0,0,0.0,0.0,0.0,0,0,0,0,0,0.0,999.0,SMA_10_30,SPY,10,30,1,35c10cc6-eb78-4402-8525-c923619ba21b,2023-05-18 00:00:00+00:00,31.622603831886067,0.07960411314371853,1
0,1,8,3,0,0,0,0,0,0,0.0,0.0,0.0,0,0,0,0,0,0.0,999.0,SMA_5_20,SPY,5,20,-1,a9919a98-8fcf-4097-9b2f-1b09b7339be6,2023-08-08 00:00:00+00:00,-3.4307316472768434,-0.007967136973341804,0
0,1,8,3,0,0,0,0,0,0,0.0,0.0,0.0,0,0,0,0,0,0.0,999.0,SMA_10_30,SPY,10,30,-1,f7418e0f-352f-4ad5-8166-385739243d05,2023-08-15 00:00:00+00:00,-1.8931088844319675,-0.004414168875702062,0
0,1,8,3,0,0,0,0,0,0,0.0,0.0,0.0,0,0,0,0,0,0.0,999.0,SMA_20_50,SPY,20,50,-1,823f3162-1e83-4a0c-b7e1-6256ceb76409,2023-08-29 00:00:00+00:00,-11.655582303935489,-0.02739962190455252,0
0,3,8,3,0,0,0,0,0,0,0.0,0.0,0.0,0,0,0,0,0,0.0,999.0,SMA_5_20,SPY,5,20,1,f7db1f99-a050-4ddf-9fea-6121c31fb931,2023-08-31 00:00:00+00:00,-13.851095235004038,-0.031911945191102756,0
0,0,9,3,0,0,0,0,0,0,0.0,0.0,0.0,0,0,0,0,0,0.0,999.0,SMA_10_30,SPY,10,30,1,9b8acff7-48cd-4c62-9252-cf17a5544a70,2023-09-11 00:00:00+00:00,-16.871549331729398,-0.03916656514708572,0
0,3,9,3,0,0,0,0,0,0,0.0,0.0,0.0,0,0,0,0,0,0.0,999.0,SMA_5_20,SPY,5,20,-1,40c7227f-02b4-4e96-9778-f8195a6ad864,2023-09-21 00:00:00+00:00,0.47256794043772743,0.0011246530254767871,1
0,0,9,3,0,0,0,0,0,0,0.0,0.0,0.0,0,0,0,0,0,0.0,999.0,SMA_10_30,SPY,10,30,-1,3ab45184-5676-4bc3-b6ea-a8156525e947,2023-09-25 00:00:00+00:00,-6.567515484107162,-0.015867683096652575,0
0,4,10,4,1,1,2,1,1,2,0.0,0.0,83000.0,1,0,1,0,1,0.0,0.4791666666666667,SMA_5_20,SPY,5,20,1,8d52c6d3-3f1f-43ad-a21e-f28fb786fc25,2023-10-13 00:00:00+00:00,-12.112830938051275,-0.028859490649510332,0
0,2,10,4,0,0,1,0,0,1,0.0,0.0,0.0,0,0,1,0,0,0.0,5.479166666666667,SMA_50_100,SPY,50,100,-1,454f6079-e19f-4cf2-b7f5-e500485a4b64,2023-10-18 00:00:00+00:00,-37.32194662389287,-0.08913050922011077,0
0,1,10,4,0,0,0,0,0,0,0.0,0.0,0.0,0,0,0,0,0,0.0,11.479166666666666,SMA_5_20,SPY,5,20,-1,6fc7c4e1-5e77-4706-8b8f-d7924179fed5,2023-10-24 00:00:00+00:00,-12.575691799257584,-0.03085267476857165,0
0,1,11,4,0,0,0,0,0,0,0.0,0.0,0.0,0,0,0,0,0,0.0,25.479166666666668,SMA_5_20,SPY,5,20,1,1f156eb2-770a-44cd-aaf3-f1d35ede4941,2023-11-07 00:00:00+00:00,36.73717246765489,0.08743192910569651,1
0,4,11,4,0,0,0,0,0,0,0.0,0.0,0.0,0,0,0,0,0,0.0,28.479166666666668,SMA_10_30,SPY,10,30,1,b19faa4f-dd8f-4161-94f8-733572f0b9d1,2023-11-10 00:00:00+00:00,71.0767997495521,0.1690453128775338,1
0,1,11,4,0,0,0,0,0,0,0.0,0.0,0.0,0,0,0,0,0,0.0,39.479166666666664,SMA_20_50,SPY,20,50,1,50aaf5ae-da1f-421c-8536-7a2d70ec225b,2023-11-21 00:00:00+00:00,58.41326384017577,0.1336542170181634,1
0,0,12,4,0,0,0,0,0,0,0.0,0.0,0.0,0,0,0,0,0,0.0,66.47916666666667,SMA_50_100,SPY,50,100,1,e4ba004f-0c0b-487c-9358-cfa9d55318ce,2023-12-18 00:00:00+00:00,96.42067648652608,0.21142305823372098,1
0,1,1,1,0,0,0,0,0,0,0.0,0.0,0.0,0,0,0,0,0,0.0,88.47916666666667,SMA_5_20,SPY,5,20,-1,fe314dfd-2701-42e9-8c96-73c4dee85544,2024-01-09 00:00:00+00:00,-5.538707522649247,-0.012121899679352129,0
0,3,1,1,0,0,0,0,0,0,0.0,0.0,0.0,0,0,0,0,0,0.0,90.47916666666667,SMA_5_20,SPY,5,20,1,08ce2e81-38a6-4a89-89ad-f2378bb241fb,2024-01-11 00:00:00+00:00,36.297607564987345,0.07848875351170152,1
0,2,4,2,0,0,0,0,0,0,0.0,0.0,0.0,0,0,0,0,0,0.0,180.47916666666666,SMA_5_20,SPY,5,20,-1,1ad546fa-c53c-4222-8d55-38f3fc1dd8ff,2024-04-10 00:00:00+00:00,-3.962916659952839,-0.007945637539756096,0
0,2,4,2,0,0,0,0,0,0,0.0,0.0,0.0,0,0,0,0,0,0.0,187.47916666666666,SMA_10_30,SPY,10,30,-1,2ddf985e-ea7f-446c-be33-08b04b7a4d29,2024-04-17 00:00:00+00:00,-15.30804907823159,-0.03114323831877146,0
0,0,4,2,0,0,0,0,0,0,0.0,0.0,0.0,0,0,0,0,0,0.0,199.47916666666666,SMA_20_50,SPY,20,50,-1,8c7956dd-45e8-44cd-9468-0bacd6aca8a8,2024-04-29 00:00:00+00:00,-18.639735589455483,-0.03762099975781874,0
0,1,5,2,0,0,0,0,0,0,0.0,0.0,0.0,0,0,0,0,0,0.0,207.47916666666666,SMA_5_20,SPY,5,20,1,1bbccfee-ed95-46bc-bed7-c42f3d906d45,2024-05-07 00:00:00+00:00,24.804158628581717,0.049340233572692925,1
0,4,5,2,0,0,0,0,0,0,0.0,0.0,0.0,0,0,0,0,0,0.0,210.47916666666666,SMA_10_30,SPY,10,30,1,0957e5d0-2b63-461b-b971-042d86402eb0,2024-05-10 00:00:00+00:00,28.111035490893926,0.05546279713834434,1
0,1,5,2,0,0,0,0,0,0,0.0,0.0,0.0,0,0,0,0,0,0.0,221.47916666666666,SMA_20_50,SPY,20,50,1,477aea0a-7212-4c9a-bf87-3681587f3c25,2024-05-21 00:00:00+00:00,6.462538900164418,0.01257057092518236,1
0,3,7,3,0,0,0,0,0,0,0.0,0.0,0.0,0,0,0,0,0,0.0,286.4791666666667,SMA_5_20,SPY,5,20,-1,631e6e40-6b78-4689-8d18-a307e0255c08,2024-07-25 00:00:00+00:00,-9.812689236638448,-0.018601519478415207,0
0,2,7,3,0,0,0,0,0,0,0.0,0.0,0.0,0,0,0,0,0,0.0,292.4791666666667,SMA_10_30,SPY,10,30,-1,8bbaf9d4-f625-4f48-8100-798bcbd282c3,2024-07-31 00:00:00+00:00,-13.233124594457536,-0.024736850056796673,0
0,0,8,3,0,0,0,0,0,0,0.0,0.0,0.0,0,0,0,0,0,0.0,304.4791666666667,SMA_20_50,SPY,20,50,-1,d199c5d2-a4ee-4a0c-b9af-c49d90ac7b86,2024-08-12 00:00:00+00:00,-15.581502536519906,-0.02993200893354411,0
0,4,8,3,0,0,0,0,0,0,0.0,0.0,0.0,0,0,0,0,0,0.0,308.4791666666667,SMA_5_20,SPY,5,20,1,762f5077-1c41-4fb4-82d2-57798afcfdb1,2024-08-16 00:00:00+00:00,-6.596922905069164,-0.012277147263467856,0
0,3,8,3,0,0,0,0,0,0,0.0,0.0,0.0,0,0,0,0,0,0.0,314.4791666666667,SMA_10_30,SPY,10,30,1,a250c4f8-792f-460c-ae6a-a57e23b25bf9,2024-08-22 00:00:00+00:00,37.838129605472545,0.06902386937549607,1
0,2,9,3,0,0,0,0,0,0,0.0,0.0,0.0,0,0,0,0,0,0.0,327.4791666666667,SMA_20_50,SPY,20,50,1,f6000784-2bb9-48d2-a812-322bb7fd40a6,2024-09-04 00:00:00+00:00,42.811370430603006,0.07985040183768434,1
0,0,9,3,0,0,0,0,0,0,0.0,0.0,0.0,0,0,0,0,0,0.0,332.4791666666667,SMA_5_20,SPY,5,20,-1,12adae4c-35f8-4078-9869-ba5056642850,2024-09-09 00:00:00+00:00,-19.92735350761984,-0.03754659685546028,0
0,1,9,3,0,0,0,0,0,0,0.0,0.0,0.0,0,0,0,0,0,0.0,340.4791666666667,SMA_5_20,SPY,5,20,1,2d31a968-3d8e-4182-969c-06ef438c60de,2024-09-17 00:00:00+00:00,7.768990646859493,0.01410840579901495,1
0,4,11,4,0,0,0,0,0,0,0.0,0.0,0.0,0,0,0,0,0,0.0,385.4791666666667,SMA_5_20,SPY,5,20,-1,21d720af-06d9-46d1-a376-a0eb3b1e10ad,2024-11-01 00:00:00+00:00,-24.28936939499397,-0.04349558750545709,0
0,4,11,4,0,0,0,0,0,0,0.0,0.0,0.0,0,0,0,0,0,0.0,392.4791666666667,SMA_5_20,SPY,5,20,1,17b2cc68-6b08-44b8-b184-d51d485a04d6,2024-11-08 00:00:00+00:00,-4.70156795787193,-0.0080682818782281,0
0,3,12,4,0,0,0,0,0,0,0.0,0.0,0.0,0,0,0,0,0,0.0,433.4791666666667,SMA_5_20,SPY,5,20,-1,4c400e4a-2b48-439b-af16-67aea10d517f,2024-12-19 00:00:00+00:00,-16.224982037896325,-0.028069895240343524,0
0,4,12,4,0,0,0,0,0,0,0.0,0.0,0.0,0,0,0,0,0,0.0,441.4791666666667,SMA_10_30,SPY,10,30,-1,eae23abe-6ea5-4a4c-ba3b-dc8f900ed647,2024-12-27 00:00:00+00:00,2.6773627100851627,0.004568666417455295,1
0,2,1,1,0,0,0,0,0,0,0.0,0.0,0.0,0,0,0,0,0,0.0,460.4791666666667,SMA_20_50,SPY,20,50,-1,d08aca22-0417-44ee-94a2-4309d3246891,2025-01-15 00:00:00+00:00,-10.11137023538322,-0.01746483127192838,0
0,2,1,1,0,0,0,0,0,0,0.0,0.0,0.0,0,0,0,0,0,0.0,467.4791666666667,SMA_5_20,SPY,5,20,1,0c55dd64-16fe-4bbf-86c4-78b194ec9c18,2025-01-22 00:00:00+00:00,-9.797542839548782,-0.01648735906694656,0
0,0,1,1,0,0,0,0,0,0,0.0,0.0,0.0,0,0,0,0,0,0.0,472.4791666666667,SMA_10_30,SPY,10,30,1,b71d4da6-a2ad-4004-a21c-e05d7b5e058f,2025-01-27 00:00:00+00:00,1.3435096614010718,0.0023030943268951025,1
0,2,2,1,0,0,0,0,0,0,0.0,0.0,0.0,0,0,0,0,0,0.0,481.4791666666667,SMA_20_50,SPY,20,50,1,e2bd43d9-da4a-4846-b7dd-52c2f2994d63,2025-02-05 00:00:00+00:00,-32.41326666679947,-0.055024711861484825,0
0,2,2,1,0,0,0,0,0,0,0.0,0.0,0.0,0,0,0,0,0,0.0,502.4791666666667,SMA_5_20,SPY,5,20,-1,4e086ce2-dc81-435c-9433-addb8525db5c,2025-02-26 00:00:00+00:00,26.522762430946273,0.04538086129271224,1
0,0,3,1,0,0,0,0,0,0,0.0,0.0,0.0,0,0,0,0,0,0.0,507.4791666666667,SMA_10_30,SPY,10,30,-1,644a709b-a48c-4582-8450-9c98a3a0584e,2025-03-03 00:00:00+00:00,31.302625841665986,0.053536827333633026,1
0,0,3,1,0,0,0,0,0,0,0.0,0.0,0.0,0,0,0,0,0,0.0,514.4791666666666,SMA_20_50,SPY,20,50,-1,e9c6b2e9-7a4f-4086-998f-412708881f54,2025-03-10 00:00:00+00:00,-19.351307508156083,-0.034763607479419104,0
0,3,3,1,0,0,0,0,0,0,0.0,0.0,0.0,0,0,0,0,0,0.0,524.4791666666666,SMA_50_100,SPY,50,100,-1,1f7f1461-3589-4f82-b192-51615d8b775c,2025-03-20 00:00:00+00:00,-47.28238583959376,-0.08558264869521501,0
0,3,3,1,0,0,0,0,0,0,0.0,0.0,0.0,0,0,0,0,0,0.0,531.4791666666666,SMA_5_20,SPY,5,20,1,d5b86766-7194-40dc-b5fb-e61a769bc7e0,2025-03-27 00:00:00+00:00,-11.932044570674407,-0.021386450397447614,0
0,2,4,2,0,0,0,0,0,0,0.0,0.0,0.0,0,0,0,0,0,0.0,537.4791666666666,SMA_5_20,SPY,5,20,-1,94118221-36bc-43e4-9b55-e230f194054c,2025-04-02 00:00:00+00:00,3.6003434261729126,0.006594115443516444,1
0,0,4,2,0,0,0,0,0,0,0.0,0.0,0.0,0,0,0,0,0,0.0,563.4791666666666,SMA_5_20,SPY,5,20,1,180258dd-d787-4b26-b5d6-496c12c6d3d1,2025-04-28 00:00:00+00:00,85.3157847428148,0.15729513077682522,1
0,0,5,2,0,0,0,0,0,0,0.0,0.0,0.0,0,0,0,0,0,0.0,570.4791666666666,SMA_10_30,SPY,10,30,1,865315a1-6775-4c79-b1da-24c723f4d314,2025-05-05 00:00:00+00:00,112.33696101367445,0.20299755707172606,1
0,3,5,2,0,0,0,0,0,0,0.0,0.0,0.0,0,0,0,0,0,0.0,580.4791666666666,SMA_20_50,SPY,20,50,1,b17a6f93-70db-4543-9d9f-f7f67ababf17,2025-05-15 00:00:00+00:00,93.82270665706358,0.16288509095262316,1
0,2,6,2,0,0,0,0,0,0,0.0,0.0,0.0,0,0,0,0,0,0.0,621.4791666666666,SMA_50_100,SPY,50,100,1,184299d0-0015-4fd2-83a7-5f1d9c3b0f90,2025-06-25 00:00:00+00:00,35.96087410559926,0.059958904194661405,1
0,3,8,3,0,0,0,0,0,0,0.0,0.0,0.0,0,0,0,0,0,0.0,664.4791666666666,SMA_5_20,SPY,5,20,-1,354834c5-1a06-4e4d-a3d4-2618078a5dcb,2025-08-07 00:00:00+00:00,-1.2036269579211876,-0.001917492479574934,0
0,0,8,3,0,0,0,0,0,0,0.0,0.0,0.0,0,0,0,0,0,0.0,668.4791666666666,SMA_5_20,SPY,5,20,1,9854f724-9a6b-4c62-ac56-7f02953c1733,2025-08-11 00:00:00+00:00,30.79027002076998,0.048957958704535516,1
0,2,10,4,0,0,0,0,0,0,0.0,0.0,0.0,0,0,0,0,0,0.0,733.4791666666666,SMA_5_20,SPY,5,20,-1,39f08742-b77f-4fdf-83b2-2dbf81735de4,2025-10-15 00:00:00+00:00,-5.124699260432294,-0.007768194768453888,0
0,2,10,4,0,0,0,0,0,0,0.0,0.0,0.0,0,0,0,0,0,0.0,740.4791666666666,SMA_5_20,SPY,5,20,1,711e20a3-f0e5-476d-ae64-639e12237d76,2025-10-22 00:00:00+00:00,-9.794358208443668,-0.014732181382230354,0
0,1,11,4,0,0,0,0,0,0,0.0,0.0,0.0,0,0,0,0,0,0.0,767.4791666666666,SMA_5_20,SPY,5,20,-1,f047772d-5349-4c0d-8158-3c35b0997310,2025-11-18 00:00:00+00:00,-16.531650366478743,-0.02523788677604673,0
0,3,11,4,0,0,0,0,0,0,0.0,0.0,0.0,0,0,0,0,0,0.0,769.4791666666666,SMA_10_30,SPY,10,30,-1,0c0bd785-51a4-46f1-9c6c-ebc003493a38,2025-11-20 00:00:00+00:00,-13.53407631776804,-0.02032974897917684,0
0,0,12,4,0,0,0,0,0,0,0.0,0.0,0.0,0,0,0,0,0,0.0,780.4791666666666,SMA_5_20,SPY,5,20,1,c8f04f35-0b93-4c22-a714-078c13f6bea8,2025-12-01 00:00:00+00:00,-0.21834769521785802,-0.00032513276790659,0
0,0,12,4,0,0,0,0,0,0,0.0,0.0,0.0,0,0,0,0,0,0.0,787.4791666666666,SMA_10_30,SPY,10,30,1,b5470a27-0529-4bc6-a24d-17e067c24497,2025-12-08 00:00:00+00:00,-2.8549042517711314,-0.004202951643160259,0
0,4,12,4,0,0,0,0,0,0,0.0,0.0,0.0,0,0,0,0,0,0.0,798.4791666666666,SMA_5_20,SPY,5,20,-1,ff783179-cf97-4368-895d-533ea7cb4dda,2025-12-19 00:00:00+00:00,-13.941112240284838,-0.020765901002541762,0
0,4,12,4,0,0,0,0,0,0,0.0,0.0,0.0,0,0,0,0,0,0.0,805.4791666666666,SMA_5_20,SPY,5,20,1,32bf27b3-1986-4861-8278-2804f8964cda,2025-12-26 00:00:00+00:00,-0.783970111165786,-0.001144001798441997,0
0,3,1,1,0,0,0,0,0,0,0.0,0.0,0.0,0,0,0,0,0,0.0,832.4791666666666,SMA_5_20,SPY,5,20,-1,10e7697d-37b8-4dfd-a4d9-8b2a6ca66821,2026-01-22 00:00:00+00:00,-7.144256375390114,-0.01043713619816131,0
0,2,1,1,0,0,0,0,0,0,0.0,0.0,0.0,0,0,0,0,0,0.0,838.4791666666666,SMA_5_20,SPY,5,20,1,1e2ee786-bc39-4db4-9314-8f8bf168ec69,2026-01-28 00:00:00+00:00,-15.469111175467901,-0.022365591127140334,0
0,4,2,1,0,0,0,0,0,0,0.0,0.0,0.0,0,0,0,0,0,0.0,847.4791666666666,SMA_5_20,SPY,5,20,-1,fa9e4fd3-f286-400f-837f-de181b29bac2,2026-02-06 00:00:00+00:00,-0.22818057350389154,-0.00033745604259447344,0
0,4,2,1,0,0,0,0,0,0,0.0,0.0,0.0,0,0,0,0,0,0.0,854.4791666666666,SMA_10_30,SPY,10,30,-1,8b31577d-d3ee-470b-a034-83afdcb39afe,2026-02-13 00:00:00+00:00,-15.348868111800243,-0.022691769613940992,0
0,4,2,1,0,0,0,0,0,0,0.0,0.0,0.0,0,0,0,0,0,0.0,854.4791666666666,SMA_5_20,SPY,5,20,1,3015fc23-b089-432d-aac4-0aae97339a46,2026-02-13 00:00:00+00:00,-1.537995155463932,-0.0022737723381904516,0
0,1,2,1,0,0,0,0,0,0,0.0,0.0,0.0,0,0,0,0,0,0.0,858.4791666666666,SMA_5_20,SPY,5,20,-1,0c0e4f8d-a62c-48d2-ac21-4bd27346524e,2026-02-17 00:00:00+00:00,-2.9271317971082453,-0.004337334331303644,0
0,4,2,1,0,0,0,0,0,0,0.0,0.0,0.0,0,0,0,0,0,0.0,868.4791666666666,SMA_5_20,SPY,5,20,1,24b91e5f-7fcb-4b39-906e-22807d02cc77,2026-02-27 00:00:00+00:00,-4.355959763656415,-0.006426653348033578,0
0,0,3,1,0,0,0,0,0,0,0.0,0.0,0.0,0,0,0,0,0,0.0,871.4791666666666,SMA_5_20,SPY,5,20,-1,f1f188a6-1d61-46aa-9377-a3e9c71f32a2,2026-03-02 00:00:00+00:00,3.6118170990012004,0.005363235068102027,1
0,1,3,1,0,0,0,0,0,0,0.0,0.0,0.0,0,0,0,0,0,0.0,872.4791666666666,SMA_20_50,SPY,20,50,-1,4853d074-7d4d-470d-beb5-fe90c7dcbb72,2026-03-03 00:00:00+00:00,-37.33937116479217,-0.05574469892600641,0
0,1,3,1,0,0,0,0,0,0,0.0,0.0,0.0,0,0,0,0,0,0.0,872.4791666666666,SMA_5_20,SPY,5,20,1,05cf4d94-1649-4b7b-bc0b-473e2cf9ed69,2026-03-03 00:00:00+00:00,6.965579027919716,0.010399053161420596,1
0,3,3,1,0,0,0,0,0,0,0.0,0.0,0.0,0,0,0,0,0,0.0,874.4791666666666,SMA_5_20,SPY,5,20,-1,4151978a-2401-48bf-8e16-58187eaa8def,2026-03-05 00:00:00+00:00,5.355135945985239,0.007912507675098943,1
0,1,3,1,0,0,0,0,0,0,0.0,0.0,0.0,0,0,0,0,0,0.0,900.4791666666666,SMA_50_100,SPY,50,100,-1,4589856d-8226-491d-a773-860f17bc8911,2026-03-31 00:00:00+00:00,-104.18224159488398,-0.1638808159036219,0
0,3,4,2,0,0,0,0,0,0,0.0,0.0,0.0,0,0,0,0,0,0.0,909.4791666666666,SMA_5_20,SPY,5,20,1,a563ad89-6483-48cd-b3f6-3736af45ac2e,2026-04-09 00:00:00+00:00,58.254881900684154,0.08676128902526935,1
0,2,4,2,0,0,0,0,0,0,0.0,0.0,0.0,0,0,0,0,0,0.0,915.4791666666666,SMA_10_30,SPY,10,30,1,3993dad7-54a0-4ec2-8d37-79ecfdbe5a6e,2026-04-15 00:00:00+00:00,54.15204648560609,0.07828203812553092,1
0,2,6,2,0,0,0,0,0,0,0.0,0.0,0.0,0,0,0,0,0,0.0,971.4791666666666,SMA_5_20,SPY,5,20,-1,2a2184dc-6090-40e9-b9ec-9cad92178b13,2026-06-10 00:00:00+00:00,-16.15441937373953,-0.022138636140649863,0
0,3,6,2,0,0,0,0,0,0,0.0,0.0,0.0,0,0,0,0,0,0.0,979.4791666666666,SMA_10_30,SPY,10,30,-1,f4c70ac0-bc36-4cac-8b12-c16bb3d8d066,2026-06-18 00:00:00+00:00,-4.698332004965209,-0.006298811072203123,0
0,0,6,2,0,0,0,0,0,0,0.0,0.0,0.0,0,0,0,0,0,0.0,983.4791666666666,SMA_5_20,SPY,5,20,1,33649446-017c-4b7f-b87e-a37524018815,2026-06-22 00:00:00+00:00,-12.499023182346946,-0.016758138612488968,0
0,2,6,2,0,0,0,0,0,0,0.0,0.0,0.0,0,0,0,0,0,0.0,985.4791666666666,SMA_5_20,SPY,5,20,-1,3331a2ca-6c94-4f73-9b9f-bfc571edba58,2026-06-24 00:00:00+00:00,-13.536402126278404,-0.01845833789869603,0
0,0,7,3,0,0,0,0,0,0,0.0,0.0,0.0,0,0,0,0,0,0.0,997.4791666666666,SMA_5_20,SPY,5,20,1,c69dd5d5-6c62-4c49-954d-7cd8a0e72e3f,2026-07-06 00:00:00+00:00,-10.204653343602445,-0.013662945392654828,0
0,0,7,3,0,0,0,0,0,0,0.0,0.0,0.0,0,0,0,0,0,0.0,1004.4791666666666,SMA_10_30,SPY,10,30,1,e61cfccd-1777-4964-aa45-7f354927120c,2026-07-13 00:00:00+00:00,-12.46903104233138,-0.016611950414172003,0
0,4,7,3,0,0,0,0,0,0,0.0,0.0,0.0,0,0,0,0,0,0.0,1015.4791666666666,SMA_5_20,SPY,5,20,-1,96f28bc1-fdfc-41e7-ab82-bb31c0aca3c3,2026-07-24 00:00:00+00:00,-37.24749862998647,-0.05056125443353151,0
0,2,7,3,0,0,0,0,0,0,0.0,0.0,0.0,0,0,0,0,0,0.0,1020.4791666666666,SMA_10_30,SPY,10,30,-1,2f400bca-370b-44ac-a7d7-6a3c47c1b566,2026-07-29 00:00:00+00:00,-35.79111280562017,-0.04848843812772479,0
0,2,8,3,0,0,0,0,0,0,0.0,0.0,0.0,0,0,0,0,0,0.0,1027.4791666666667,SMA_5_20,SPY,5,20,1,b0f95dc7-8307-4ccc-8152-a26b3869aa35,2026-08-05 00:00:00+00:00,-7.331759397301084,-0.009473436586060393,0
0,2,8,3,0,0,0,0,0,0,0.0,0.0,0.0,0,0,0,0,0,0.0,1027.4791666666667,SMA_10_30,SPY,10,30,1,62a94ea1-0880-444f-a0c4-06353d7cdecf,2026-08-05 00:00:00+00:00,-11.102448312062847,-0.014345579871736944,0
0,3,8,3,0,0,0,0,0,0,0.0,0.0,0.0,0,0,0,0,0,0.0,1049.4791666666667,SMA_5_20,SPY,5,20,-1,dc4fc7d9-3b39-4013-8770-85c1dc598d2d,2026-08-27 00:00:00+00:00,-6.1935720016198275,-0.008079312599088805,0
0,4,9,3,0,0,0,0,0,0,0.0,0.0,0.0,0,0,0,0,0,0.0,1064.4791666666667,SMA_10_30,SPY,10,30,-1,7070e2d1-9717-4164-8b5c-be62a12a373a,2026-09-11 00:00:00+00:00,-4.0042999788815905,-0.005249298613118358,0
