trade_id,strategy_id,symbol,fast_window,slow_window,entry_time,exit_time,entry_price,exit_price,position,pnl,return_pct,win_flag,data_source,proxy_flag
64bf99e3-8bee-446f-be59-d4b87f9522fd,SMA_5_20,SPY,5,20,2000-02-10,2000-02-11,88.52400577368326,88.66071639505793,1,0.13671062137467516,0.0015443338807349474,1,yfinance_proxy,True
672d0576-855e-4cdf-936d-99ec4d977041,SMA_5_20,SPY,5,20,2000-02-11,2000-03-07,88.66071639505793,87.50822245361132,-1,1.1524939414466076,0.012998924307257787,1,yfinance_proxy,True
c693a376-94b6-4e3d-83c3-4f06390aab36,SMA_5_20,SPY,5,20,2000-03-07,2000-04-13,87.50822245361132,92.41094296354562,1,4.902720509934298,0.0560258267448326,1,yfinance_proxy,True
33d3a954-170a-44c5-b5af-f10685c955e8,SMA_5_20,SPY,5,20,2000-04-13,2000-05-02,92.41094296354562,91.17724580260224,-1,1.233697160943379,0.013350119816762925,1,yfinance_proxy,True
d45b47a8-1b94-495a-9ea0-37bd43b7092d,SMA_5_20,SPY,5,20,2000-05-02,2000-05-03,91.17724580260224,90.23724224300622,1,-0.9400035595960219,-0.010309628804001379,0,yfinance_proxy,True
3557eb82-85d1-49ce-9b5b-44810bfd69fb,SMA_5_20,SPY,5,20,2000-05-03,2000-05-18,90.23724224300622,91.25556111023961,-1,-1.0183188672333898,-0.011284906784840424,0,yfinance_proxy,True
547a26f7-3c55-450c-80cb-8047cf4829a3,SMA_5_20,SPY,5,20,2000-05-18,2000-05-23,91.25556111023961,88.00481701933819,1,-3.2507440909014207,-0.035622421815744675,0,yfinance_proxy,True
b877183a-2c7c-497d-832c-e7bac170beeb,SMA_5_20,SPY,5,20,2000-05-23,2000-06-05,88.00481701933819,92.41094387803122,-1,-4.406126858693028,-0.050066882790345726,0,yfinance_proxy,True
81de7b44-e64c-46b4-a88c-e13a6082b054,SMA_5_20,SPY,5,20,2000-06-05,2000-06-28,92.41094387803122,91.47035660176586,1,-0.9405872762653615,-0.01017831045538067,0,yfinance_proxy,True
1883f0e6-c55a-405c-b0ff-9f01198b0873,SMA_5_20,SPY,5,20,2000-06-28,2000-07-11,91.47035660176586,92.62854432285248,-1,-1.1581877210866196,-0.012661891394269043,0,yfinance_proxy,True
12a2652c-621c-4123-9c90-b9c1e16fd450,SMA_5_20,SPY,5,20,2000-07-11,2000-07-27,92.62854432285248,91.66665825880712,1,-0.961886064045359,-0.010384337474771814,0,yfinance_proxy,True
a5b9185a-5cfd-49c2-b133-37a6eef5ebed,SMA_5_20,SPY,5,20,2000-07-27,2000-08-10,91.66665825880712,92.6677365255305,-1,-1.0010782667233826,-0.010920854820484322,0,yfinance_proxy,True
5b5d9327-fb69-4092-8fe1-b8f183edb953,SMA_5_20,SPY,5,20,2000-08-10,2000-09-12,92.6677365255305,94.06140638923003,1,1.3936698636995288,0.015039429211865607,1,yfinance_proxy,True
61e1a751-b290-47d0-bc64-6fbd9f3be42d,SMA_5_20,SPY,5,20,2000-09-12,2000-11-01,94.06140638923003,89.57496043625932,-1,4.486445952970712,0.04769698992598102,1,yfinance_proxy,True
839b1288-aa68-481e-b5d8-6b29b67268c5,SMA_5_20,SPY,5,20,2000-11-01,2000-11-14,89.57496043625932,86.5642049880255,1,-3.010755448233823,-0.03361157441287677,0,yfinance_proxy,True
4fe47aff-535e-4e0c-8531-4209f1ba650b,SMA_5_20,SPY,5,20,2000-11-14,2000-12-12,86.5642049880255,87.01680203058451,-1,-0.4525970425590202,-0.005228454909527886,0,yfinance_proxy,True
b83e0afe-24a2-4023-af85-c38d5f8e42b3,SMA_5_20,SPY,5,20,2000-12-12,2000-12-20,87.01680203058451,81.24374159255831,1,-5.7730604380262065,-0.0663442036860548,0,yfinance_proxy,True
8fe280a0-ee77-4594-8380-7922507d56f9,SMA_5_20,SPY,5,20,2000-12-20,2001-01-16,81.24374159255831,83.3754693289079,-1,-2.131727736349589,-0.026238670137083506,0,yfinance_proxy,True
729014ca-8b08-49ab-9657-ac9da50ed109,SMA_5_20,SPY,5,20,2001-01-16,2001-02-09,83.3754693289079,84.22819288026187,1,0.852723551353975,0.010227511259817511,1,yfinance_proxy,True
ab830e43-c878-42c5-add1-6572834ba20e,SMA_5_20,SPY,5,20,2001-02-09,2001-04-12,84.22819288026187,73.65666287574216,-1,10.571530004519715,0.1255105878805701,1,yfinance_proxy,True
b9542b49-6461-4a50-ad26-4034d194e5cb,SMA_5_20,SPY,5,20,2001-04-12,2001-06-01,73.65666287574216,79.92663561018614,1,6.269972734443982,0.08512431176825572,1,yfinance_proxy,True
c00abbc0-fe8f-4b91-9b09-7c176abec181,SMA_5_20,SPY,5,20,2001-06-01,2001-07-20,79.92663561018614,76.946535093043,-1,2.9801005171431427,0.0372854492672196,1,yfinance_proxy,True
62b37348-f18a-48b5-9e92-70a6b7720c1c,SMA_5_20,SPY,5,20,2001-07-20,2001-07-23,76.946535093043,77.35936152835792,1,0.41282643531492624,0.005365107536235914,1,yfinance_proxy,True
069600e8-8ff7-4e39-bcf8-698a6632ae71,SMA_5_20,SPY,5,20,2001-07-23,2001-08-02,77.35936152835792,78.26759478901818,-1,-0.9082332606602534,-0.011740444113248257,0,yfinance_proxy,True
236f6c31-bcec-4e54-9864-b7cd4c7d8771,SMA_5_20,SPY,5,20,2001-08-02,2001-08-10,78.26759478901818,75.45395280251961,1,-2.813641986498567,-0.03594900282911661,0,yfinance_proxy,True
47668e01-4cc9-4e5a-b0d8-ee393b6f1736,SMA_5_20,SPY,5,20,2001-08-10,2001-10-05,75.45395280251961,68.3737787935283,-1,7.080174008991307,0.09383436845941993,1,yfinance_proxy,True
b851c50c-27b1-44ad-a46b-3e550fe6b3bf,SMA_5_20,SPY,5,20,2001-10-05,2001-11-01,68.3737787935283,67.95940906009994,1,-0.4143697334283587,-0.0060603602834304595,0,yfinance_proxy,True
cef48b5b-58fe-46b2-818f-f6f3603b2ab2,SMA_5_20,SPY,5,20,2001-11-01,2001-11-07,67.95940906009994,71.25535257814404,-1,-3.2959435180440977,-0.04849870773786935,0,yfinance_proxy,True
e5839056-b413-422a-8645-8e5f2ec6e8ab,SMA_5_20,SPY,5,20,2001-11-07,2001-12-14,71.25535257814404,71.61236424774931,1,0.35701166960527075,0.005010313705398406,1,yfinance_proxy,True
a990a33f-9d0f-49ed-ab77-bd87190e82af,SMA_5_20,SPY,5,20,2001-12-14,2001-12-24,71.61236424774931,73.45792145817178,-1,-1.84555721042247,-0.025771488342957113,0,yfinance_proxy,True
64ea6c26-c4ec-4b86-8aa2-dbf7a234965f,SMA_5_20,SPY,5,20,2001-12-24,2002-01-16,73.45792145817178,73.11890803420512,1,-0.33901342396666223,-0.004615069651265621,0,yfinance_proxy,True
56b7f5c4-0005-459f-8988-5b89614f6160,SMA_5_20,SPY,5,20,2002-01-16,2002-03-01,73.11890803420512,71.46845291999463,-1,1.6504551142104873,0.022572206814664167,1,yfinance_proxy,True
48d1006d-492c-470f-84eb-ad519b18aa31,SMA_5_20,SPY,5,20,2002-03-01,2002-03-27,71.46845291999463,73.15511511314354,1,1.686662193148905,0.023600093806942193,1,yfinance_proxy,True
52901a89-e3fd-4f25-9e37-497494818de8,SMA_5_20,SPY,5,20,2002-03-27,2002-05-17,73.15511511314354,70.99313344392922,-1,2.1619816692143132,0.029553390297732948,1,yfinance_proxy,True
c275812c-615f-46eb-bc5c-3a8afac428d8,SMA_5_20,SPY,5,20,2002-05-17,2002-05-31,70.99313344392922,68.90168698827782,1,-2.0914464556514076,-0.02945984145499429,0,yfinance_proxy,True
cd4d80a1-c0ef-4264-9ecb-54fb4a668ce0,SMA_5_20,SPY,5,20,2002-05-31,2002-08-05,68.90168698827782,55.68124633678941,-1,13.22044065148841,0.19187397623134528,1,yfinance_proxy,True
fa925d3c-5f6e-438b-a9b4-9b7472dad7f7,SMA_5_20,SPY,5,20,2002-08-05,2002-08-06,55.68124633678941,54.87005823046556,1,-0.8111881063238471,-0.014568425811041577,0,yfinance_proxy,True
0f52a634-fe11-4663-b17b-aa868f6d79c7,SMA_5_20,SPY,5,20,2002-08-06,2002-08-12,54.87005823046556,57.93450197320908,-1,-3.0644437427435207,-0.055849106809258794,0,yfinance_proxy,True
e36b690b-a4a0-4b05-8843-2c4f4e8be551,SMA_5_20,SPY,5,20,2002-08-12,2002-09-04,57.93450197320908,57.04606370762352,1,-0.8884382655855632,-0.01533521883033374,0,yfinance_proxy,True
3655019f-c36d-46ca-948a-f8be84b12f29,SMA_5_20,SPY,5,20,2002-09-04,2002-10-16,57.04606370762352,56.52579814354367,-1,0.5202655640798497,0.009120095765877051,1,yfinance_proxy,True
50526a0a-9c26-43e2-a2d0-eaa03d263295,SMA_5_20,SPY,5,20,2002-10-16,2002-11-14,56.52579814354367,58.2459791223925,1,1.7201809788488305,0.030431785757019127,1,yfinance_proxy,True
5757be6a-9f29-4c54-bff7-dfc702addc93,SMA_5_20,SPY,5,20,2002-11-14,2002-11-19,58.2459791223925,58.2136303243657,-1,0.03234879802679558,0.0005553825090453184,1,yfinance_proxy,True
2079d5df-a8d4-4d9d-9092-e795f9024108,SMA_5_20,SPY,5,20,2002-11-19,2002-12-10,58.2136303243657,58.21361215525992,1,-1.8169105779008987e-05,-3.1211085235143267e-07,0,yfinance_proxy,True
967f351a-0191-4b4f-86a5-8967ccadb5dc,SMA_5_20,SPY,5,20,2002-12-10,2003-01-07,58.21361215525992,60.37126163195957,-1,-2.157649476699646,-0.037064346238213815,0,yfinance_proxy,True
349a3211-fde1-4e44-bddb-1cbeaaeb7283,SMA_5_20,SPY,5,20,2003-01-07,2003-01-23,60.37126163195957,57.67436732615219,1,-2.696894305807376,-0.04467182286579355,0,yfinance_proxy,True
aec34631-ef2d-4690-9c3c-2d795aef5bcf,SMA_5_20,SPY,5,20,2003-01-23,2003-02-24,57.67436732615219,55.191938348058095,-1,2.4824289780940987,0.043042153614894565,1,yfinance_proxy,True
4c929f85-062c-4aec-8c99-0096f254826d,SMA_5_20,SPY,5,20,2003-02-24,2003-02-27,55.191938348058095,54.39263905658402,1,-0.7992992914740782,-0.01448217466894241,0,yfinance_proxy,True
00f46e72-418d-4252-9ab5-847175b24d92,SMA_5_20,SPY,5,20,2003-02-27,2003-03-19,54.39263905658402,56.71909581562407,-1,-2.326456759040056,-0.04277153672613441,0,yfinance_proxy,True
0c3a7307-96e3-40a3-89c3-e3c28b3399d2,SMA_5_20,SPY,5,20,2003-03-19,2003-05-27,56.71909581562407,60.87567389172017,1,4.156578076096096,0.07328357436458126,1,yfinance_proxy,True
f4d9c534-1eef-42dc-a384-8489fef00db5,SMA_5_20,SPY,5,20,2003-05-27,2003-05-28,60.87567389172017,62.53949191760977,-1,-1.6638180258896043,-0.027331410389789604,0,yfinance_proxy,True
1a4fe59c-e7c6-4475-b6e7-c3906ac01309,SMA_5_20,SPY,5,20,2003-05-28,2003-06-26,62.53949191760977,64.02921480161622,1,1.4897228840064471,0.023820514659265615,1,yfinance_proxy,True
881dc0c7-f0cf-42fb-9dec-0af2ae2950e6,SMA_5_20,SPY,5,20,2003-06-26,2003-07-09,64.02921480161622,66.08538680702948,-1,-2.0561720054132593,-0.03211302858833992,0,yfinance_proxy,True
1f5c60ec-44f9-472d-8e8b-1fde9b60aa2b,SMA_5_20,SPY,5,20,2003-07-09,2003-07-23,66.08538680702948,64.96562355669926,1,-1.119763250330223,-0.016944188487538887,0,yfinance_proxy,True
44bf6cca-05ad-42df-837f-913a2fbb07d8,SMA_5_20,SPY,5,20,2003-07-23,2003-08-15,64.96562355669926,65.06382809636861,-1,-0.09820453966935361,-0.001511638529623976,0,yfinance_proxy,True
8c72d354-ccf1-42f8-9c49-610a88e44976,SMA_5_20,SPY,5,20,2003-08-15,2003-09-26,65.06382809636861,66.02352529061969,1,0.9596971942510777,0.014750088064748238,1,yfinance_proxy,True
5de56cb0-630a-4ad5-93c8-bd9d5c430875,SMA_5_20,SPY,5,20,2003-09-26,2003-10-07,66.02352529061969,67.8772712562671,-1,-1.8537459656474056,-0.028077052194466465,0,yfinance_proxy,True
982733aa-385f-419b-b5f7-ada05e6bbf8d,SMA_5_20,SPY,5,20,2003-10-07,2003-10-28,67.8772712562671,68.35050523753182,1,0.4732339812647268,0.006971906390845569,1,yfinance_proxy,True
917660d8-dfdc-4778-8386-4ef5512b8f96,SMA_5_20,SPY,5,20,2003-10-28,2003-10-31,68.35050523753182,69.2839568722327,-1,-0.933451634700873,-0.01365683591448139,0,yfinance_proxy,True
ac53a89e-2ce5-4bee-ab73-62c6950566f9,SMA_5_20,SPY,5,20,2003-10-31,2003-11-20,69.2839568722327,68.36368672814683,1,-0.9202701440858618,-0.013282586411496995,0,yfinance_proxy,True
27833201-3fbf-4c0b-9728-33055705a067,SMA_5_20,SPY,5,20,2003-11-20,2003-12-01,68.36368672814683,70.237118040418,-1,-1.8734313122711654,-0.027403895283193272,0,yfinance_proxy,True
137db813-42d2-4736-8874-5a1ecc17ca95,SMA_5_20,SPY,5,20,2003-12-01,2004-02-04,70.237118040418,74.75621724744367,1,4.5190992070256755,0.0643406126718519,1,yfinance_proxy,True
c11e437b-eebf-487d-aef0-c6f350acfe63,SMA_5_20,SPY,5,20,2004-02-04,2004-02-12,74.75621724744367,76.59228681951036,-1,-1.836069572066691,-0.024560760825942895,0,yfinance_proxy,True
d368a860-2ab5-44d9-8259-cc2410afd517,SMA_5_20,SPY,5,20,2004-02-12,2004-03-11,76.59228681951036,74.23447308587785,1,-2.3578137336325113,-0.03078395790934793,0,yfinance_proxy,True
75d88923-4143-4c49-a3cf-62fc18906938,SMA_5_20,SPY,5,20,2004-03-11,2004-04-02,74.23447308587785,76.09198545521002,-1,-1.85751236933217,-0.025022234173916937,0,yfinance_proxy,True
88badf6b-85bd-490e-9caf-20c71f034317,SMA_5_20,SPY,5,20,2004-04-02,2004-04-22,76.09198545521002,74.54774205963112,1,-1.5442433955789028,-0.020294428990657497,0,yfinance_proxy,True
c111e151-2959-46f5-a15e-be3a103c0c05,SMA_5_20,SPY,5,20,2004-04-22,2004-04-28,74.54774205963112,75.4822289178232,-1,-0.9344868581920878,-0.012535414653398717,0,yfinance_proxy,True
cbf452f0-7013-48e8-a69f-02c72a421146,SMA_5_20,SPY,5,20,2004-04-28,2004-04-30,75.4822289178232,74.34225778169883,1,-1.1399711361243732,-0.01510251025265098,0,yfinance_proxy,True
6b9e5c0f-dc90-41c1-9cc9-2461f48d4ad1,SMA_5_20,SPY,5,20,2004-04-30,2004-05-27,74.34225778169883,74.58749993167854,-1,-0.24524214997970262,-0.0032988256921095954,0,yfinance_proxy,True
bc2f96e7-2f55-4443-90e4-04e861b47f03,SMA_5_20,SPY,5,20,2004-05-27,2004-07-06,74.58749993167854,74.74668906871634,1,0.15918913703779936,0.0021342602605478817,1,yfinance_proxy,True
0a29077f-8ee6-4a8f-b749-0d786f9baa5b,SMA_5_20,SPY,5,20,2004-07-06,2004-08-23,74.74668906871634,73.53605625794494,-1,1.2106328107714006,0.016196474062663006,1,yfinance_proxy,True
b782e039-b31f-455b-8734-7e77b7a8a41f,SMA_5_20,SPY,5,20,2004-08-23,2004-09-27,73.53605625794494,74.20954383900714,1,0.6734875810622043,0.009158603484252527,1,yfinance_proxy,True
6a85e0f1-a9d6-47f3-9f45-b27e1def6f70,SMA_5_20,SPY,5,20,2004-09-27,2004-10-05,74.20954383900714,76.04637329361262,-1,-1.8368294546054784,-0.024751930271803887,0,yfinance_proxy,True
0d92b19d-a4c4-4127-835d-20e2290e8fde,SMA_5_20,SPY,5,20,2004-10-05,2004-10-15,76.04637329361262,74.15606350821406,1,-1.890309785398557,-0.024857329857140346,0,yfinance_proxy,True
94e2871c-da6f-46be-8333-3b95b04a6ae3,SMA_5_20,SPY,5,20,2004-10-15,2004-11-01,74.15606350821406,75.8526770959363,-1,-1.69661358772224,-0.022878959689308625,0,yfinance_proxy,True
d37394c5-e47a-4cee-a65f-c356f0ad0c7b,SMA_5_20,SPY,5,20,2004-11-01,2005-01-06,75.8526770959363,79.72156571226982,1,3.868888616333521,0.051005300860248626,1,yfinance_proxy,True
3a1f446a-bd0b-4521-b348-e94400b6f8d0,SMA_5_20,SPY,5,20,2005-01-06,2005-02-03,79.72156571226982,80.13888761920335,-1,-0.4173219069335232,-0.005234742985852997,0,yfinance_proxy,True
a9a9dfd6-49b6-49f7-a696-e8e7017e258b,SMA_5_20,SPY,5,20,2005-02-03,2005-03-16,80.13888761920335,80.56965233725433,1,0.4307647180509804,0.005375227069507739,1,yfinance_proxy,True
6ac7cab6-02e4-4814-a58c-71d8d453e88a,SMA_5_20,SPY,5,20,2005-03-16,2005-04-11,80.56965233725433,79.93338429303363,-1,0.6362680442206994,0.007897117906843661,1,yfinance_proxy,True
4ece5a6c-4abf-4848-b6e3-fc1fb91f602a,SMA_5_20,SPY,5,20,2005-04-11,2005-04-15,79.93338429303363,78.21019753628264,1,-1.7231867567509909,-0.02155778554844913,0,yfinance_proxy,True
1f7d2cd5-7114-4ddb-8ce6-8e4131a7bd8c,SMA_5_20,SPY,5,20,2005-04-15,2005-05-06,78.21019753628264,79.6900687925825,-1,-1.4798712562998588,-0.018921717409207783,0,yfinance_proxy,True
bdcc172e-84d3-4c52-985a-5afdc529af80,SMA_5_20,SPY,5,20,2005-05-06,2005-06-29,79.6900687925825,81.66717740027889,1,1.977108607696394,0.024809974914721394,1,yfinance_proxy,True
ea105faf-915e-4903-8fc5-0f28acef5947,SMA_5_20,SPY,5,20,2005-06-29,2005-07-12,81.66717740027889,82.76628893701907,-1,-1.0991115367401818,-0.01345842444576061,0,yfinance_proxy,True
a938f5a6-d8c4-495d-a49b-5cc4fdb5b09a,SMA_5_20,SPY,5,20,2005-07-12,2005-08-11,82.76628893701907,83.63474459776215,1,0.8684556607430807,0.010492866986025327,1,yfinance_proxy,True
ffe43004-7191-441c-81eb-c91e9fc31f1b,SMA_5_20,SPY,5,20,2005-08-11,2005-09-08,83.63474459776215,83.89932881464601,-1,-0.26458421688386125,-0.0031635681815777414,0,yfinance_proxy,True
5be945b0-b22b-4e27-8d62-1a840c6e93ca,SMA_5_20,SPY,5,20,2005-09-08,2005-09-23,83.89932881464601,82.60758404469728,1,-1.2917447699487354,-0.01539636595666353,0,yfinance_proxy,True
48c7b374-cf97-41c7-9266-58cd383c2710,SMA_5_20,SPY,5,20,2005-09-23,2005-10-31,82.60758404469728,81.96033020691945,-1,0.647253837777825,0.007835283470190935,1,yfinance_proxy,True
75073c58-903f-4f17-8643-e8990eaaa0b0,SMA_5_20,SPY,5,20,2005-10-31,2005-12-30,81.96033020691945,85.48398828501857,1,3.5236580780991176,0.04299223867452934,1,yfinance_proxy,True
44bc4214-7557-44c1-95f8-10615326c0b9,SMA_5_20,SPY,5,20,2005-12-30,2006-01-06,85.48398828501857,87.68958679186179,-1,-2.2055985068432165,-0.025801305613974927,0,yfinance_proxy,True
5239b1dd-23b6-471d-b9ec-018bc14c7ecd,SMA_5_20,SPY,5,20,2006-01-06,2006-01-25,87.68958679186179,87.01832731649428,1,-0.6712594753675063,-0.007654950831970438,0,yfinance_proxy,True
2e1e7c35-4b6c-4f8e-bcca-80387158c3a7,SMA_5_20,SPY,5,20,2006-01-25,2006-02-02,87.01832731649428,87.74440430439442,-1,-0.726076987900143,-0.008343954777012996,0,yfinance_proxy,True
a6aae299-74b4-4757-aa53-f6dd66665c3f,SMA_5_20,SPY,5,20,2006-02-02,2006-02-06,87.74440430439442,86.60731157967997,1,-1.1370927247144493,-0.012959148036036088,0,yfinance_proxy,True
44b6beb0-9f19-45df-b4cd-b17bacc28ed3,SMA_5_20,SPY,5,20,2006-02-06,2006-02-16,86.60731157967997,87.90877269261524,-1,-1.3014611129352716,-0.015027150585755206,0,yfinance_proxy,True
e5aca373-fd80-4b18-9477-bf628397e555,SMA_5_20,SPY,5,20,2006-02-16,2006-03-10,87.90877269261524,87.47723966020322,1,-0.4315330324120197,-0.004908873360352015,0,yfinance_proxy,True
d876f20d-d6cd-47c9-b05a-96e3fbc92120,SMA_5_20,SPY,5,20,2006-03-10,2006-03-16,87.47723966020322,89.73760234784011,-1,-2.260362687636885,-0.025839437737370803,0,yfinance_proxy,True
146a9bb2-64ef-4f44-addc-c015afe9810b,SMA_5_20,SPY,5,20,2006-03-16,2006-04-12,89.73760234784011,88.55401509437353,1,-1.1835872534665839,-0.013189423636245298,0,yfinance_proxy,True
bc13a885-2692-412c-9b4d-af17879bd9a1,SMA_5_20,SPY,5,20,2006-04-12,2006-04-21,88.55401509437353,90.56212478799094,-1,-2.0081096936174134,-0.02267666453607255,0,yfinance_proxy,True
fa3d1bbf-c1af-408a-884b-7f0d1db7cf81,SMA_5_20,SPY,5,20,2006-04-21,2006-05-16,90.56212478799094,89.23484359202375,1,-1.3272811959671884,-0.01465602975939886,0,yfinance_proxy,True
eda88677-a12d-4961-baa2-d734911fc62c,SMA_5_20,SPY,5,20,2006-05-16,2006-06-30,89.23484359202375,88.09585898483209,-1,1.1389846071916594,0.012763899855072616,1,yfinance_proxy,True
154a77c3-2dce-41c2-8bc8-cd585b88e70a,SMA_5_20,SPY,5,20,2006-06-30,2006-07-18,88.09585898483209,85.4503674949766,1,-2.6454914898554875,-0.030029691751016073,0,yfinance_proxy,True
a29f8f28-491b-47f4-988f-53cce9b2cfeb,SMA_5_20,SPY,5,20,2006-07-18,2006-07-28,85.4503674949766,87.75051398665519,-1,-2.300146491678589,-0.02691792392600077,0,yfinance_proxy,True
9a7e2a66-895a-437d-a108-716d9c31100c,SMA_5_20,SPY,5,20,2006-07-28,2007-01-08,87.75051398665519,98.24090967081641,1,10.490395684161214,0.11954796852536452,1,yfinance_proxy,True
5314570b-f1ee-4377-9f86-0e21a608cb26,SMA_5_20,SPY,5,20,2007-01-08,2007-01-16,98.24090967081641,99.81058116944733,-1,-1.5696714986309246,-0.01597777854348608,0,yfinance_proxy,True
91d50182-1238-4d21-8e19-0ab1a730441d,SMA_5_20,SPY,5,20,2007-01-16,2007-02-28,99.81058116944733,97.94088619888808,1,-1.8696949705592516,-0.018732432460092492,0,yfinance_proxy,True
19950bf3-ef2d-4bc2-9be4-725c6368a570,SMA_5_20,SPY,5,20,2007-02-28,2007-03-22,97.94088619888808,100.49362329871845,-1,-2.5527370998303667,-0.02606405964763823,0,yfinance_proxy,True
48fff0ce-16ca-4b3a-bf3b-7514263ca378,SMA_5_20,SPY,5,20,2007-03-22,2007-06-11,100.49362329871845,105.71159307947272,1,5.217969780754274,0.05192339184789665,1,yfinance_proxy,True
9ba61d39-df36-4f11-a792-f45bc8e2b7bb,SMA_5_20,SPY,5,20,2007-06-11,2007-06-19,105.71159307947272,107.30673857282196,-1,-1.5951454933492357,-0.01508959847147535,0,yfinance_proxy,True
9c98f0bd-456d-4223-9858-2f207d71ee5f,SMA_5_20,SPY,5,20,2007-06-19,2007-06-26,107.30673857282196,105.66073375973733,1,-1.6460048130846303,-0.015339249286451811,0,yfinance_proxy,True
bc9559a9-505b-401b-9279-d0de5175faa5,SMA_5_20,SPY,5,20,2007-06-26,2007-07-05,105.66073375973733,107.20125449164702,-1,-1.5405207319096945,-0.014579879176427975,0,yfinance_proxy,True
6c33faf4-8241-436a-bb54-8f3082009f44,SMA_5_20,SPY,5,20,2007-07-05,2007-07-27,107.20125449164702,104.25393346125543,1,-2.947321030391592,-0.027493344591608706,0,yfinance_proxy,True
e0e21ff5-3470-42cc-9eb6-166204b16caa,SMA_5_20,SPY,5,20,2007-07-27,2007-08-24,104.25393346125543,103.03699376298614,-1,1.216939698269286,0.011672842048895404,1,yfinance_proxy,True
d6bb8a85-34ae-4864-a204-1a0a7bf8085c,SMA_5_20,SPY,5,20,2007-08-24,2007-10-22,103.03699376298614,105.20791631118509,1,2.170922548198945,0.021069350617824438,1,yfinance_proxy,True
4bc257a8-b36a-4e7b-9aca-017dcfee0599,SMA_5_20,SPY,5,20,2007-10-22,2007-12-04,105.20791631118509,103.6530083100594,-1,1.554908001125682,0.014779382157199641,1,yfinance_proxy,True
e051c188-df7f-46bd-9680-f300df7ede29,SMA_5_20,SPY,5,20,2007-12-04,2007-12-20,103.6530083100594,103.78024156071275,1,0.12723325065334734,0.0012274921174767245,1,yfinance_proxy,True
32c69018-b920-4727-8d1c-1613750e0ce3,SMA_5_20,SPY,5,20,2007-12-20,2007-12-27,103.78024156071275,105.87990547112379,-1,-2.0996639104110386,-0.02023182716512284,0,yfinance_proxy,True
018da4ac-35c2-4bbc-836a-542dc483d936,SMA_5_20,SPY,5,20,2007-12-27,2008-01-03,105.87990547112379,102.9597676981378,1,-2.9201377729859956,-0.027579716472096713,0,yfinance_proxy,True
655912d4-d3c2-41ad-bcb8-079f7403884c,SMA_5_20,SPY,5,20,2008-01-03,2008-02-05,102.9597676981378,96.58651748305638,-1,6.373250215081413,0.061900394276012766,1,yfinance_proxy,True
89772be1-614c-477d-b5b4-0c0f95127379,SMA_5_20,SPY,5,20,2008-02-05,2008-02-08,96.58651748305638,94.56153512200382,1,-2.0249823610525652,-0.020965476484932757,0,yfinance_proxy,True
fc4e7c34-90ff-41a1-97d8-9e7d407c2ba2,SMA_5_20,SPY,5,20,2008-02-08,2008-02-15,94.56153512200382,95.56336442525208,-1,-1.0018293032482575,-0.010594469537277412,0,yfinance_proxy,True
f9657da9-4adc-43bd-beb0-5a7cca291cd7,SMA_5_20,SPY,5,20,2008-02-15,2008-03-05,95.56336442525208,94.79605307813728,1,-0.7673113471147985,-0.008029346305769462,0,yfinance_proxy,True
24267c10-e590-4dce-9287-7ca5df6e9d0c,SMA_5_20,SPY,5,20,2008-03-05,2008-03-26,94.79605307813728,96.00792543900558,-1,-1.2118723608682984,-0.012783995973644512,0,yfinance_proxy,True
d43b161c-94da-4f32-ae89-37590b14aa4a,SMA_5_20,SPY,5,20,2008-03-26,2008-04-16,96.00792543900558,96.065015568274,1,0.057090129268431156,0.0005946397550762709,1,yfinance_proxy,True
6d2ff051-e43a-4b73-9e76-1b8eedd658fa,SMA_5_20,SPY,5,20,2008-04-16,2008-04-21,96.065015568274,98.69979018973658,-1,-2.6347746214625687,-0.02742699416511329,0,yfinance_proxy,True
5983e6e9-ca61-4293-b98f-f8caf47fde11,SMA_5_20,SPY,5,20,2008-04-21,2008-05-27,98.69979018973658,98.39278079718628,1,-0.3070093925502988,-0.003110537438429363,0,yfinance_proxy,True
e4bedfb5-86c5-42b9-8520-26311b378726,SMA_5_20,SPY,5,20,2008-05-27,2008-07-24,98.39278079718628,92.09643181220365,-1,6.296348984982629,0.06399198126091264,1,yfinance_proxy,True
60d39740-7856-4cbc-a0f5-092ae361a002,SMA_5_20,SPY,5,20,2008-07-24,2008-08-26,92.09643181220365,91.14922848054452,1,-0.9472033316591251,-0.010284908036291713,0,yfinance_proxy,True
aa7d2219-4a52-4ca9-ba7f-4b12505bfe70,SMA_5_20,SPY,5,20,2008-08-26,2008-08-29,91.14922848054452,93.09390824153292,-1,-1.944679760988393,-0.021335120366964794,0,yfinance_proxy,True
ac06533b-6e26-4603-a15d-fd3dcaf412d2,SMA_5_20,SPY,5,20,2008-08-29,2008-09-02,93.09390824153292,93.30916726070856,1,0.21525901917564738,0.0023122782493689713,1,yfinance_proxy,True
23002c34-69ab-4d5d-ae26-0156e8cf66f1,SMA_5_20,SPY,5,20,2008-09-02,2008-09-04,93.30916726070856,91.11331566677529,-1,2.19585159393327,0.023533074599176262,1,yfinance_proxy,True
8d154702-5211-438a-849b-ff8802b61ecb,SMA_5_20,SPY,5,20,2008-09-04,2008-09-05,91.11331566677529,88.47257947576429,1,-2.640736191011001,-0.028982988619016447,0,yfinance_proxy,True
52369dbb-4fbb-42f1-9b0a-569cf4e2fc25,SMA_5_20,SPY,5,20,2008-09-05,2008-11-04,88.47257947576429,71.49664773711261,-1,16.97593173865168,0.19187788848523377,1,yfinance_proxy,True
3576e5ba-ad49-4842-b68a-dee419c330e5,SMA_5_20,SPY,5,20,2008-11-04,2008-11-12,71.49664773711261,63.68006901916272,1,-7.816578717949888,-0.1093279050885129,0,yfinance_proxy,True
6f95c329-c998-4e1b-a07c-1366ce813573,SMA_5_20,SPY,5,20,2008-11-12,2008-12-09,63.68006901916272,65.22457388721604,-1,-1.5445048680533162,-0.024254133072445963,0,yfinance_proxy,True
299a1d7f-24cf-4583-9126-674e849e4115,SMA_5_20,SPY,5,20,2008-12-09,2008-12-26,65.22457388721604,63.476680672810566,1,-1.7478932144054724,-0.026798077936513096,0,yfinance_proxy,True
7ba05278-02a1-41ee-a5ae-ef7f99dd4b65,SMA_5_20,SPY,5,20,2008-12-26,2009-01-05,63.476680672810566,67.39851864673406,-1,-3.9218379739234948,-0.06178391705984974,0,yfinance_proxy,True
e3c19e1d-c235-4f0a-96e9-8806d2cc571c,SMA_5_20,SPY,5,20,2009-01-05,2009-01-14,67.39851864673406,62.239752892140345,1,-5.158765754593716,-0.07654123351928738,0,yfinance_proxy,True
5cfe693b-9c73-44e7-b497-c1bb95f4497a,SMA_5_20,SPY,5,20,2009-01-14,2009-02-10,62.239752892140345,62.77090506388269,-1,-0.5311521717423417,-0.008533969803235125,0,yfinance_proxy,True
d11d88d8-3439-436d-bd38-0ead7d2b2c53,SMA_5_20,SPY,5,20,2009-02-10,2009-02-18,62.77090506388269,58.05600258001182,1,-4.7149024838708655,-0.07511286445643016,0,yfinance_proxy,True
e8516a86-d039-428a-baed-f80aff9221ba,SMA_5_20,SPY,5,20,2009-02-18,2009-03-17,58.05600258001182,55.34928326919246,-1,2.7067193108193592,0.046622557367586644,1,yfinance_proxy,True
319768b6-793b-47ba-bc2a-e3c3978f9aa7,SMA_5_20,SPY,5,20,2009-03-17,2009-05-28,55.34928326919246,66.29068925393766,1,10.941405984745195,0.19767927132012578,1,yfinance_proxy,True
73fe7c6b-9cac-4da2-bc31-7d5bcd73a9d2,SMA_5_20,SPY,5,20,2009-05-28,2009-06-01,66.29068925393766,68.6430439709149,-1,-2.3523547169772456,-0.03548544665097921,0,yfinance_proxy,True
3a7f80ea-68f5-47d2-ad8e-9aaf2594c68e,SMA_5_20,SPY,5,20,2009-06-01,2009-06-19,68.6430439709149,68.22747862348658,1,-0.41556534742832696,-0.006054005233282025,0,yfinance_proxy,True
a5b4985f-c7c9-4c72-be8d-0a9912d522bf,SMA_5_20,SPY,5,20,2009-06-19,2009-07-17,68.22747862348658,69.31820233706586,-1,-1.0907237135792798,-0.015986575139298933,0,yfinance_proxy,True
25871c78-22e7-4130-8891-58606c12fd75,SMA_5_20,SPY,5,20,2009-07-17,2009-09-08,69.31820233706586,75.90660425099715,1,6.588401913931293,0.09504576996810461,1,yfinance_proxy,True
d1177ad7-f312-4e62-9296-f0e918691cee,SMA_5_20,SPY,5,20,2009-09-08,2009-09-10,75.90660425099715,76.49617521107916,-1,-0.589570960082014,-0.007767057503092942,0,yfinance_proxy,True
95109526-50e2-4b46-967f-c636bfa16501,SMA_5_20,SPY,5,20,2009-09-10,2009-10-05,76.49617521107916,76.19408721205627,1,-0.30208799902288774,-0.003949060174437786,0,yfinance_proxy,True
a51005f1-24c3-4457-a97c-10e3805211e9,SMA_5_20,SPY,5,20,2009-10-05,2009-10-12,76.19408721205627,79.79278215389058,-1,-3.59869494183431,-0.04723063263188334,0,yfinance_proxy,True
99d77621-a2d6-4cfb-9823-701078ecab13,SMA_5_20,SPY,5,20,2009-10-12,2009-10-30,79.79278215389058,78.7116849877087,1,-1.0810971661818911,-0.013548809015041699,0,yfinance_proxy,True
9b56daca-97a6-4ec1-8671-94262d5e2a02,SMA_5_20,SPY,5,20,2009-10-30,2009-11-11,78.7116849877087,81.68099478922353,-1,-2.9693098015148394,-0.03772387545735446,0,yfinance_proxy,True
b7a38cdc-b64d-43ba-b2b9-716a2c01097d,SMA_5_20,SPY,5,20,2009-11-11,2009-12-10,81.68099478922353,81.96976499546777,1,0.2887702062442372,0.0035353414461883575,1,yfinance_proxy,True
bb042c13-5b26-4d31-af4c-850694a2ffcd,SMA_5_20,SPY,5,20,2009-12-10,2009-12-16,81.96976499546777,82.78427811270015,-1,-0.8145131172323801,-0.009936750669925864,0,yfinance_proxy,True
90b511f2-30e1-4126-b2d0-72dcc665f40a,SMA_5_20,SPY,5,20,2009-12-16,2010-01-25,82.78427811270015,82.04627342562011,1,-0.7380046870800356,-0.008914792807341233,0,yfinance_proxy,True
e88b8eae-ac89-4d6d-b1cb-4a46ba66396d,SMA_5_20,SPY,5,20,2010-01-25,2010-02-19,82.04627342562011,82.3515033632012,-1,-0.30522993758108896,-0.0037202169560790386,0,yfinance_proxy,True
d4c17b4a-04f3-4068-bd49-33e5a71cbabc,SMA_5_20,SPY,5,20,2010-02-19,2010-05-03,82.3515033632012,89.23888671271139,1,6.887383349510188,0.08363397228019297,1,yfinance_proxy,True
ba5c6f52-28c0-4552-a9c4-dad51a6d70f5,SMA_5_20,SPY,5,20,2010-05-03,2010-06-16,89.23888671271139,83.2886527811034,-1,5.950233931607997,0.06667759035098353,1,yfinance_proxy,True
b266d368-20a2-4d5f-af88-9f87ee61bb1d,SMA_5_20,SPY,5,20,2010-06-16,2010-06-29,83.2886527811034,79.62910722622118,1,-3.6595455548822144,-0.043938104804025546,0,yfinance_proxy,True
1fcbc705-1f9d-4c9e-8069-8976155c8051,SMA_5_20,SPY,5,20,2010-06-29,2010-07-14,79.62910722622118,82.10010758498512,-1,-2.471000358763945,-0.03103137087477311,0,yfinance_proxy,True
a7e3942f-5459-4885-bd1c-d2e0a817d142,SMA_5_20,SPY,5,20,2010-07-14,2010-08-16,82.10010758498512,80.79326378511547,1,-1.3068437998696538,-0.015917686813222347,0,yfinance_proxy,True
4303c77b-d0cb-4944-9c28-24d2fcbea515,SMA_5_20,SPY,5,20,2010-08-16,2010-09-08,80.79326378511547,82.51322875012997,-1,-1.7199649650144977,-0.021288469909930368,0,yfinance_proxy,True
ef5bf2a9-7584-4c50-8a25-27bdfa5510cd,SMA_5_20,SPY,5,20,2010-09-08,2010-11-18,82.51322875012997,90.12839428823912,1,7.615165538109153,0.09229023822555432,1,yfinance_proxy,True
92a62abc-ee34-4bf5-b60e-d7d86cfb6910,SMA_5_20,SPY,5,20,2010-11-18,2010-12-06,90.12839428823912,92.5975353103144,-1,-2.469141022075277,-0.02739581728460324,0,yfinance_proxy,True
4f733685-c353-447a-8917-cce1c0a145a9,SMA_5_20,SPY,5,20,2010-12-06,2011-03-01,92.5975353103144,101.38877070532753,1,8.791235395013132,0.09494027422600178,1,yfinance_proxy,True
62bd6261-aed9-4491-b6cb-a705e34f6147,SMA_5_20,SPY,5,20,2011-03-01,2011-03-28,101.38877070532753,100.31210711821275,-1,1.0766635871147798,0.010619160086711713,1,yfinance_proxy,True
5ecc9946-ca26-4b1d-bc12-604096637507,SMA_5_20,SPY,5,20,2011-03-28,2011-04-18,100.31210711821275,99.55734727732118,1,-0.7547598408915661,-0.0075241151100745975,0,yfinance_proxy,True
67e15f87-d383-4791-b5de-649647c1a48f,SMA_5_20,SPY,5,20,2011-04-18,2011-04-26,99.55734727732118,102.19512652964063,-1,-2.637779252319447,-0.026495073688251276,0,yfinance_proxy,True
ab1e86c3-b627-42dc-bf70-8a2bab232057,SMA_5_20,SPY,5,20,2011-04-26,2011-05-18,102.19512652964063,101.57764190785464,1,-0.6174846217859908,-0.006042212018856847,0,yfinance_proxy,True
0bdc0f46-7e69-45ae-87c9-9fc29592537c,SMA_5_20,SPY,5,20,2011-05-18,2011-06-30,101.57764190785464,100.47231320970035,-1,1.1053286981542954,0.010881614077603668,1,yfinance_proxy,True
d11b921d-d4bc-4134-a925-38e87d37fe9e,SMA_5_20,SPY,5,20,2011-06-30,2011-07-29,100.47231320970035,98.76383729934989,1,-1.708475910350458,-0.01700444486417487,0,yfinance_proxy,True
ed76d264-c1e6-4867-8e7f-d8f23c64c611,SMA_5_20,SPY,5,20,2011-07-29,2011-08-30,98.76383729934989,92.57335639209764,-1,6.190480907252251,0.06267963129550252,1,yfinance_proxy,True
424481f0-82d4-4580-bcb0-31d553a93cd6,SMA_5_20,SPY,5,20,2011-08-30,2011-09-12,92.57335639209764,87.7006371654111,1,-4.872719226686542,-0.05263630289095246,0,yfinance_proxy,True
46a3f8d8-cd20-484d-8b74-93265b62eb20,SMA_5_20,SPY,5,20,2011-09-12,2011-09-14,87.7006371654111,90.66565345227069,-1,-2.965016286859594,-0.03380837793991523,0,yfinance_proxy,True
3645bf17-640d-4b7e-b035-9ba839b0e88c,SMA_5_20,SPY,5,20,2011-09-14,2011-09-15,90.66565345227069,92.43546554835552,1,1.7698120960848343,0.019520204495261484,1,yfinance_proxy,True
ec45ea9f-593d-4205-8a7c-be451a09be65,SMA_5_20,SPY,5,20,2011-09-15,2011-09-16,92.43546554835552,93.40649643150846,-1,-0.9710308831529346,-0.010504960162124804,0,yfinance_proxy,True
3c12bd28-958a-4e59-93f7-32d3279f686d,SMA_5_20,SPY,5,20,2011-09-16,2011-09-23,93.40649643150846,86.33693794683383,1,-7.06955848467463,-0.07568594000159803,0,yfinance_proxy,True
efc5fd58-87e7-4252-a3bb-b73f056da273,SMA_5_20,SPY,5,20,2011-09-23,2011-10-12,86.33693794683383,92.87517457582851,-1,-6.538236628994682,-0.07572930873481891,0,yfinance_proxy,True
2b540d11-55c4-4a49-bb17-899a97300914,SMA_5_20,SPY,5,20,2011-10-12,2011-11-18,92.87517457582851,94.33837380191834,1,1.4631992260898272,0.01575447080204613,1,yfinance_proxy,True
0ef29bf8-271d-4bbc-87e8-585a2da32f76,SMA_5_20,SPY,5,20,2011-11-18,2011-12-06,94.33837380191834,97.19548571838644,-1,-2.8571119164680994,-0.030285787228717324,0,yfinance_proxy,True
be716940-ed82-4d47-bf3e-26f786f0a262,SMA_5_20,SPY,5,20,2011-12-06,2011-12-20,97.19548571838644,94.68869109384987,1,-2.5067946245365675,-0.02579126598327558,0,yfinance_proxy,True
12137672-795e-429b-ba37-8f75ed33f6de,SMA_5_20,SPY,5,20,2011-12-20,2011-12-22,94.68869109384987,96.58741691057881,-1,-1.8987258167289411,-0.02005229763760316,0,yfinance_proxy,True
18ec532e-a8aa-47e4-931c-09d8938e6dca,SMA_5_20,SPY,5,20,2011-12-22,2012-04-11,96.58741691057881,106.86512447091714,1,10.277707560338328,0.10640834892451352,1,yfinance_proxy,True
e2a977f4-6889-4dc4-8dba-31ad7187c29e,SMA_5_20,SPY,5,20,2012-04-11,2012-04-30,106.86512447091714,109.06016983489198,-1,-2.1950453639748417,-0.020540334134661616,0,yfinance_proxy,True
70f7c309-28bd-46af-8095-5499ff217172,SMA_5_20,SPY,5,20,2012-04-30,2012-05-09,109.06016983489198,105.16044621259606,1,-3.899723622295923,-0.035757542173277194,0,yfinance_proxy,True
3877fb45-527e-4012-a8e2-be36e498554f,SMA_5_20,SPY,5,20,2012-05-09,2012-06-13,105.16044621259606,103.1599629310746,-1,2.000483281521454,0.01902315322509384,1,yfinance_proxy,True
8c549a0d-9a2b-43ed-91bc-ba021aa755ec,SMA_5_20,SPY,5,20,2012-06-13,2012-07-27,103.1599629310746,107.10583168214025,1,3.945868751065646,0.038250001637767574,1,yfinance_proxy,True
b3dc537a-648a-4746-a4e7-ab1ebf25eab6,SMA_5_20,SPY,5,20,2012-07-27,2012-07-31,107.10583168214025,108.35770993621489,-1,-1.25187825407464,-0.011688236153096313,0,yfinance_proxy,True
34b8c42c-9d19-40a8-81e8-7f5483724b05,SMA_5_20,SPY,5,20,2012-07-31,2012-09-05,108.35770993621489,110.39202818600849,1,2.0343182497936,0.018774097855991122,1,yfinance_proxy,True
7481050d-55e0-4c97-95e3-43d7c6859690,SMA_5_20,SPY,5,20,2012-09-05,2012-09-07,110.39202818600849,112.67672007097336,-1,-2.2846918849648716,-0.020696167309429345,0,yfinance_proxy,True
e221895c-88ad-4e4a-9a25-506f862cd197,SMA_5_20,SPY,5,20,2012-09-07,2012-10-02,112.67672007097336,113.99403623168946,1,1.3173161607161035,0.011691112058341297,1,yfinance_proxy,True
0a701055-48ea-4c1a-8cc6-ad6999c1e1a4,SMA_5_20,SPY,5,20,2012-10-02,2012-10-08,113.99403623168946,114.52890506706686,-1,-0.5348688353773952,-0.004692077349470198,0,yfinance_proxy,True
2731ba23-1e2e-42f3-8d8f-33f17f495da7,SMA_5_20,SPY,5,20,2012-10-08,2012-10-11,114.52890506706686,113.49056917205722,1,-1.038335895009638,-0.009066147051712404,0,yfinance_proxy,True
36309ce6-cc45-45cb-a9eb-5d30f4242464,SMA_5_20,SPY,5,20,2012-10-11,2012-10-19,113.49056917205722,114.48955455148528,-1,-0.9989853794280634,-0.008802364696167424,0,yfinance_proxy,True
3cbf3777-5ad8-4f11-883c-c47591417311,SMA_5_20,SPY,5,20,2012-10-19,2012-10-24,114.48955455148528,111.64204294863177,1,-2.8475116028535155,-0.02487136589891269,0,yfinance_proxy,True
bcd20bb5-2eb8-4407-ac09-f521e88ae839,SMA_5_20,SPY,5,20,2012-10-24,2012-11-27,111.64204294863177,110.83969761023559,-1,0.8023453383961794,0.007186766895383228,1,yfinance_proxy,True
16556aae-8638-4eb1-b914-d57eaed8520e,SMA_5_20,SPY,5,20,2012-11-27,2012-12-31,110.83969761023559,110.63563453410603,1,-0.20406307612955743,-0.001841064893979944,0,yfinance_proxy,True
24d399ef-1cf6-4c58-925b-ede05f862200,SMA_5_20,SPY,5,20,2012-12-31,2013-01-03,110.63563453410603,115.65011930554576,-1,-5.014484771439726,-0.045324318810626006,0,yfinance_proxy,True
33795f58-19ff-4ed2-a308-f52bd022a198,SMA_5_20,SPY,5,20,2013-01-03,2013-02-27,115.65011930554576,118.7395795065567,1,3.0894602010109367,0.026713852260269896,1,yfinance_proxy,True
2b5e9b09-3161-4717-9c67-174013a9ec0d,SMA_5_20,SPY,5,20,2013-02-27,2013-03-05,118.7395795065567,121.72613267898393,-1,-2.986553172427236,-0.0251521285896277,0,yfinance_proxy,True
e20f7ec5-6474-46aa-944b-9b012d0b303a,SMA_5_20,SPY,5,20,2013-03-05,2013-04-19,121.72613267898393,122.93586089829203,1,1.2097282193081043,0.009938114295460274,1,yfinance_proxy,True
37771d9c-20fa-4a56-8bc8-019264bc00f0,SMA_5_20,SPY,5,20,2013-04-19,2013-04-26,122.93586089829203,125.9834983881966,-1,-3.0476374899045595,-0.02479046770922235,0,yfinance_proxy,True
90cddff2-d4c5-4a55-9e4e-2aa2787ad955,SMA_5_20,SPY,5,20,2013-04-26,2013-06-05,125.9834983881966,129.77095484162413,1,3.787456453427538,0.030063115422919427,1,yfinance_proxy,True
cc03d3d1-e63b-43dc-942b-995cc146b8a0,SMA_5_20,SPY,5,20,2013-06-05,2013-07-09,129.77095484162413,131.96949865596824,-1,-2.198543814344106,-0.01694172488001854,0,yfinance_proxy,True
97af1835-81ad-4272-836e-16303ad11245,SMA_5_20,SPY,5,20,2013-07-09,2013-08-15,131.96949865596824,133.91327916222932,1,1.9437805062610778,0.014729013340638098,1,yfinance_proxy,True
d8bd5619-9c4c-4d84-b1bf-afb54987589f,SMA_5_20,SPY,5,20,2013-08-15,2013-09-10,133.91327916222932,134.89716988324585,-1,-0.983890721016536,-0.007347222972746422,0,yfinance_proxy,True
6c521d85-8568-4244-aace-b8fe84ba555f,SMA_5_20,SPY,5,20,2013-09-10,2013-10-04,134.89716988324585,134.83930165900594,1,-0.057868224239911115,-0.00042898026911903595,0,yfinance_proxy,True
36b92889-f882-45d7-82e0-743061e79555,SMA_5_20,SPY,5,20,2013-10-04,2013-10-17,134.83930165900594,137.74915011878934,-1,-2.9098484597834045,-0.021580121106990733,0,yfinance_proxy,True
5149bafa-3fb5-424a-b60f-7cb5f7b81d3a,SMA_5_20,SPY,5,20,2013-10-17,2013-12-16,137.74915011878934,143.8420495160714,1,6.0928993972820535,0.04423184747076683,1,yfinance_proxy,True
ac4cc835-14e1-4e21-bb2a-32d1d9940c7f,SMA_5_20,SPY,5,20,2013-12-16,2013-12-23,143.8420495160714,147.4515035877564,-1,-3.6094540716850076,-0.025093177438922164,0,yfinance_proxy,True
f32cd163-c45f-4e65-8903-260342b1620e,SMA_5_20,SPY,5,20,2013-12-23,2014-01-27,147.4515035877564,144.7118063893436,1,-2.739697198412813,-0.01858032730593534,0,yfinance_proxy,True
aba79628-227d-4caf-8128-af1b88169fec,SMA_5_20,SPY,5,20,2014-01-27,2014-02-13,144.7118063893436,146.15039044133337,-1,-1.4385840519897783,-0.009941027535233047,0,yfinance_proxy,True
4851909a-b55b-46b1-a927-7bd25b5d24c8,SMA_5_20,SPY,5,20,2014-02-13,2014-03-20,146.15039044133337,150.5225704513123,1,4.372180009978933,0.0299156231931791,1,yfinance_proxy,True
77de1374-f6fe-4280-9bcb-ee84219874b5,SMA_5_20,SPY,5,20,2014-03-20,2014-03-21,150.5225704513123,152.37205453979544,-1,-1.8494840884831376,-0.012287088128629636,0,yfinance_proxy,True
a2d034bd-4487-4d94-b8aa-fde90fd4b67a,SMA_5_20,SPY,5,20,2014-03-21,2014-03-27,152.37205453979544,149.96932398968804,1,-2.4027305501074068,-0.015768840010488137,0,yfinance_proxy,True
72daede3-14e2-4ce5-8aae-465f5b98bb1a,SMA_5_20,SPY,5,20,2014-03-27,2014-04-03,149.96932398968804,153.55723171175833,-1,-3.587907722070298,-0.02392427748968852,0,yfinance_proxy,True
20795828-2d60-494a-b673-66cf93cace38,SMA_5_20,SPY,5,20,2014-04-03,2014-04-11,153.55723171175833,147.85066526308356,1,-5.706566448674778,-0.037162472812654966,0,yfinance_proxy,True
e89ee7ae-9fd2-4441-9345-4d60dc44fb7d,SMA_5_20,SPY,5,20,2014-04-11,2014-04-23,147.85066526308356,152.4613636560861,-1,-4.6106983930025365,-0.031184833594074937,0,yfinance_proxy,True
b3e7b75a-8825-4488-a960-70924484aeda,SMA_5_20,SPY,5,20,2014-04-23,2014-08-01,152.4613636560861,157.0580454100407,1,4.596681753954613,0.030149813983846772,1,yfinance_proxy,True
c72b56fb-a58d-4bae-87fe-d62adc17b3b4,SMA_5_20,SPY,5,20,2014-08-01,2014-08-19,157.0580454100407,161.3645410326249,-1,-4.306495622584208,-0.02741977089642868,0,yfinance_proxy,True
bc3426a4-74b5-495b-9800-c68e63e48dbd,SMA_5_20,SPY,5,20,2014-08-19,2014-09-16,161.3645410326249,161.9925951321138,1,0.6280540994888781,0.0038921444294375508,1,yfinance_proxy,True
a3a77ca7-d976-4548-b7bc-17e929db8fbb,SMA_5_20,SPY,5,20,2014-09-16,2014-09-19,161.9925951321138,165.1344136857343,-1,-3.14181855362051,-0.01939482820840166,0,yfinance_proxy,True
d0b94fe0-8a20-46a5-ba2f-27bcdfd87171,SMA_5_20,SPY,5,20,2014-09-19,2014-09-26,165.1344136857343,161.18462324717908,1,-3.949790438555226,-0.023918639067396538,0,yfinance_proxy,True
e12f523f-23d9-4031-b067-3996844ed7b5,SMA_5_20,SPY,5,20,2014-09-26,2014-10-27,161.18462324717908,160.38983519498308,-1,0.7947880521959974,0.004930917330601554,1,yfinance_proxy,True
3e820bcc-0183-4edc-942a-c3dcddd542b3,SMA_5_20,SPY,5,20,2014-10-27,2014-12-12,160.38983519498308,166.05217618825847,1,5.662340993275393,0.03530361501021424,1,yfinance_proxy,True
4ebf5018-f92f-4e8e-b5b1-d45b7b227605,SMA_5_20,SPY,5,20,2014-12-12,2014-12-24,166.05217618825847,171.4015941372798,-1,-5.34941794902133,-0.03221528360433247,0,yfinance_proxy,True
20748957-0af5-452e-9e4c-c3d7e9891ee6,SMA_5_20,SPY,5,20,2014-12-24,2015-01-07,171.4015941372798,165.9634167647709,1,-5.438177372508903,-0.03172769424859218,0,yfinance_proxy,True
28e2b06a-32d9-4283-b2a0-a63cd8f917b6,SMA_5_20,SPY,5,20,2015-01-07,2015-01-27,165.9634167647709,167.24061060548942,-1,-1.2771938407185246,-0.007695634770696254,0,yfinance_proxy,True
b880b5d9-dc6c-414b-a35f-d48ac07ccbc3,SMA_5_20,SPY,5,20,2015-01-27,2015-02-02,167.24061060548942,164.83459774969754,1,-2.406012855791886,-0.014386534748234842,0,yfinance_proxy,True
2c02fe21-b923-435c-8e8e-581bb00456a2,SMA_5_20,SPY,5,20,2015-02-02,2015-02-06,164.83459774969754,170.19859606236224,-1,-5.363998312664705,-0.032541701717317705,0,yfinance_proxy,True
2186d610-443e-4403-b0f6-db5bae271399,SMA_5_20,SPY,5,20,2015-02-06,2015-03-10,170.19859606236224,170.322231053756,1,0.12363499139377154,0.0007264160472185717,1,yfinance_proxy,True
90eef20a-c739-4b12-b808-7a6a5e0aa13d,SMA_5_20,SPY,5,20,2015-03-10,2015-03-23,170.322231053756,174.15302924625576,-1,-3.830798192499742,-0.022491474946043245,0,yfinance_proxy,True
3440d34e-5cb4-4bfb-950d-153cf61186be,SMA_5_20,SPY,5,20,2015-03-23,2015-03-30,174.15302924625576,171.3059734044997,1,-2.8470558417560596,-0.0163480121711249,0,yfinance_proxy,True
9e3006a2-9cdf-46c2-b9e3-bb3d4214962e,SMA_5_20,SPY,5,20,2015-03-30,2015-04-10,171.3059734044997,173.14332799781496,-1,-1.8373545933152684,-0.010725572242462192,0,yfinance_proxy,True
c75af0c1-6d5c-4d00-b2ce-5e934de57abe,SMA_5_20,SPY,5,20,2015-04-10,2015-05-07,173.14332799781496,172.0839333191981,1,-1.0593946786168544,-0.00611859949134294,0,yfinance_proxy,True
72332daa-4441-4460-9ba6-7f02f5f2e222,SMA_5_20,SPY,5,20,2015-05-07,2015-05-14,172.0839333191981,174.8317201480531,-1,-2.7477868288549985,-0.01596771282394002,0,yfinance_proxy,True
357b16e1-2e51-470c-9679-a7f765c9bd7f,SMA_5_20,SPY,5,20,2015-05-14,2015-06-05,174.8317201480531,173.76406708564122,1,-1.0676530624118925,-0.006106746884991863,0,yfinance_proxy,True
722e005b-c677-4bba-9569-84e4372bc898,SMA_5_20,SPY,5,20,2015-06-05,2015-06-23,173.76406708564122,176.43064530172998,-1,-2.666578216088766,-0.01534597031948221,0,yfinance_proxy,True
beb407e0-e509-4cb2-a487-c7800c208bbf,SMA_5_20,SPY,5,20,2015-06-23,2015-06-30,176.43064530172998,172.37200169275314,1,-4.058643608976837,-0.02300418729430924,0,yfinance_proxy,True
81590e02-e4d5-4614-9961-ec45870e4ad4,SMA_5_20,SPY,5,20,2015-06-30,2015-07-17,172.37200169275314,176.55543567556944,-1,-4.183433982816297,-0.024269799861540833,0,yfinance_proxy,True
f58ccd28-7699-451f-b244-af13e6dac2a3,SMA_5_20,SPY,5,20,2015-07-17,2015-07-30,176.55543567556944,174.78390378320347,1,-1.7715318923659709,-0.01003385642354994,0,yfinance_proxy,True
76187cad-a6bb-4a19-84c4-f8a80ff8b0a0,SMA_5_20,SPY,5,20,2015-07-30,2015-08-03,174.78390378320347,175.0333962287401,-1,-0.24949244553661742,-0.001427433763271932,0,yfinance_proxy,True
b79ae680-ee48-4a0f-b189-6e67e1674c18,SMA_5_20,SPY,5,20,2015-08-03,2015-08-07,175.0333962287401,173.1206251082429,1,-1.9127711204971831,-0.01092803523047398,0,yfinance_proxy,True
57a5ec68-0391-4a0d-92c5-79a1c41547cd,SMA_5_20,SPY,5,20,2015-08-07,2015-08-19,173.1206251082429,173.89402415455712,-1,-0.7733990463142106,-0.004467399801904864,0,yfinance_proxy,True
15b72c90-7c40-487e-8a0c-6e127456d239,SMA_5_20,SPY,5,20,2015-08-19,2015-08-21,173.89402415455712,167.77291409561514,1,-6.12111005894198,-0.03520023237544686,0,yfinance_proxy,True
c25e1a61-ee3c-43e1-b2c5-3acf6c563ad5,SMA_5_20,SPY,5,20,2015-08-21,2015-09-17,167.77291409561514,166.35079551829418,-1,1.4221185773209584,0.008476449163364246,1,yfinance_proxy,True
82bae027-ced7-41a2-96d5-bdfb1d2a3256,SMA_5_20,SPY,5,20,2015-09-17,2015-09-25,166.35079551829418,162.71795148101944,1,-3.6328440372747366,-0.021838453047104425,0,yfinance_proxy,True
f1bd381f-1bea-4b65-9d60-74543bdce2d3,SMA_5_20,SPY,5,20,2015-09-25,2015-10-07,162.71795148101944,166.2793230608517,-1,-3.5613715798322687,-0.021886777380230798,0,yfinance_proxy,True
3fcb7cc1-4e61-4d28-91de-b0d79ec230f3,SMA_5_20,SPY,5,20,2015-10-07,2015-11-16,166.2793230608517,169.13842962780612,1,2.8591065669544093,0.017194600713572115,1,yfinance_proxy,True
00ebaa72-32a6-46f6-bb86-8a58b694a2d2,SMA_5_20,SPY,5,20,2015-11-16,2015-11-24,169.13842962780612,173.77817608423797,-1,-4.639746456431851,-0.02743165149778051,0,yfinance_proxy,True
43dff2cd-2d4a-4fc2-a2f1-585ec870e7e1,SMA_5_20,SPY,5,20,2015-11-24,2015-12-09,173.77817608423797,172.37368627546385,1,-1.404489808774116,-0.008082083955659068,0,yfinance_proxy,True
31f8d431-3ce6-44cf-b2be-df6ca07a9cc6,SMA_5_20,SPY,5,20,2015-12-09,2015-12-30,172.37368627546385,174.1733206445161,-1,-1.7996343690522565,-0.010440307960788917,0,yfinance_proxy,True
3f42b9f2-5e60-4c40-b4b0-635186e060a0,SMA_5_20,SPY,5,20,2015-12-30,2016-01-06,174.1733206445161,166.79795487656583,1,-7.375365767950285,-0.0423449799352637,0,yfinance_proxy,True
24bb30a1-6af3-475b-814a-929db0e074a9,SMA_5_20,SPY,5,20,2016-01-06,2016-02-04,166.79795487656583,160.38135915486075,-1,6.416595721705079,0.038469270959907764,1,yfinance_proxy,True
e52179ea-bf61-4f87-8da7-cead84ca098f,SMA_5_20,SPY,5,20,2016-02-04,2016-02-09,160.38135915486075,154.20022395667345,1,-6.181135198187292,-0.03854023454321099,0,yfinance_proxy,True
4bef176c-349c-4d99-938a-eaf70a71a8f9,SMA_5_20,SPY,5,20,2016-02-09,2016-02-22,154.20022395667345,163.0387916416724,-1,-8.838567684998935,-0.05731877333383355,0,yfinance_proxy,True
e21b1664-d8c2-4a6e-a267-9068e2e65280,SMA_5_20,SPY,5,20,2016-02-22,2016-05-04,163.0387916416724,173.27955089445425,1,10.240759252781857,0.06281179558352626,1,yfinance_proxy,True
890916f3-5e7d-4ee8-9d5f-03623c140cc4,SMA_5_20,SPY,5,20,2016-05-04,2016-05-26,173.27955089445425,177.04115514830409,-1,-3.761604253849839,-0.0217082987255724,0,yfinance_proxy,True
3176e2f5-ed09-4940-9c0a-4d71ede722bb,SMA_5_20,SPY,5,20,2016-05-26,2016-06-17,177.04115514830409,176.03303010509904,1,-1.008125043205041,-0.005694297703607692,0,yfinance_proxy,True
9afa9227-af8a-429d-97b4-2575ac069362,SMA_5_20,SPY,5,20,2016-06-17,2016-07-07,176.03303010509904,178.32721080270562,-1,-2.2941806976065777,-0.013032671744824573,0,yfinance_proxy,True
5e25734d-c524-45c2-9c3a-004217787199,SMA_5_20,SPY,5,20,2016-07-07,2016-08-31,178.32721080270562,184.90395476022132,1,6.576743957515703,0.03688020424876134,1,yfinance_proxy,True
e30448f1-b256-4f04-8673-8b918741476d,SMA_5_20,SPY,5,20,2016-08-31,2016-09-09,184.90395476022132,184.36010787022246,-1,0.5438468899988607,0.002941239903192483,1,yfinance_proxy,True
c9193380-b414-4f26-a67e-19ca4a507026,SMA_5_20,SPY,5,20,2016-09-09,2016-09-12,184.36010787022246,180.46841340802885,1,-3.8916944621936125,-0.021109200396720925,0,yfinance_proxy,True
58d7fc43-9aff-42d0-b10b-c305ad5aa51f,SMA_5_20,SPY,5,20,2016-09-12,2016-09-28,180.46841340802885,184.31783305551744,-1,-3.8494196474885882,-0.021330157310051088,0,yfinance_proxy,True
04cf23ba-3417-4e34-9251-d81fb28e9345,SMA_5_20,SPY,5,20,2016-09-28,2016-10-13,184.31783305551744,181.1836272693632,1,-3.13420578615424,-0.017004354566224754,0,yfinance_proxy,True
587325c3-b755-42d7-aa54-c166a02b4bd4,SMA_5_20,SPY,5,20,2016-10-13,2016-11-11,181.1836272693632,184.53134571272258,-1,-3.3477184433593834,-0.01847693687234982,0,yfinance_proxy,True
8befd5c2-3f7c-4de7-ab30-1d609454dd7a,SMA_5_20,SPY,5,20,2016-11-11,2017-01-05,184.53134571272258,194.37248126960412,1,9.84113555688154,0.053330427515562405,1,yfinance_proxy,True
7cfc8fe0-c52f-4cce-9fb3-8d4139079c55,SMA_5_20,SPY,5,20,2017-01-05,2017-01-06,194.37248126960412,194.59580047699106,-1,-0.2233192073869361,-0.0011489239933979206,0,yfinance_proxy,True
9d6ef426-048e-44c8-ab00-0df13058d95a,SMA_5_20,SPY,5,20,2017-01-06,2017-03-23,194.59580047699106,202.12882322004916,1,7.533022743058098,0.03871112698523419,1,yfinance_proxy,True
f9ccb66b-fbf8-4764-aeb9-7d68b6ed3725,SMA_5_20,SPY,5,20,2017-03-23,2017-04-05,202.12882322004916,203.83710124330236,-1,-1.7082780232532002,-0.008451432091866827,0,yfinance_proxy,True
2e280f67-a0a6-4ca3-8b42-b4264f455cf8,SMA_5_20,SPY,5,20,2017-04-05,2017-04-06,203.83710124330236,202.69827087803006,1,-1.1388303652722982,-0.005586963110866539,0,yfinance_proxy,True
da8054c1-d0ba-4678-ad84-53fd5d98452d,SMA_5_20,SPY,5,20,2017-04-06,2017-04-26,202.69827087803006,205.7783306976484,-1,-3.0800598196183557,-0.015195294001652954,0,yfinance_proxy,True
50a3677d-59e7-4766-ba35-ff7503a8c637,SMA_5_20,SPY,5,20,2017-04-26,2017-05-19,205.7783306976484,204.76026688843976,1,-1.0180638092086554,-0.004947381027716197,0,yfinance_proxy,True
69a15f41-f30f-424f-9a93-09b95bb59bcc,SMA_5_20,SPY,5,20,2017-05-19,2017-05-25,204.76026688843976,208.09917427224806,-1,-3.338907383808305,-0.01630642230812999,0,yfinance_proxy,True
1e84623d-50d1-44fe-b378-6e7d9fe8da82,SMA_5_20,SPY,5,20,2017-05-25,2017-06-30,208.09917427224806,210.0503599268905,1,1.951185654642444,0.009376229682150414,1,yfinance_proxy,True
1b0f878e-7b2c-441f-bd6c-deb2df05749e,SMA_5_20,SPY,5,20,2017-06-30,2017-07-14,210.0503599268905,211.9056631814736,-1,-1.8553032545831059,-0.008832659250042976,0,yfinance_proxy,True
88905200-1120-4542-bf5c-9b8ade7a2a41,SMA_5_20,SPY,5,20,2017-07-14,2017-08-11,211.9056631814736,211.55887943410963,1,-0.3467837473639861,-0.0016365006114395556,0,yfinance_proxy,True
e4fae793-282f-42bb-b9d1-4700ec8e4eb8,SMA_5_20,SPY,5,20,2017-08-11,2017-09-01,211.55887943410963,214.94005648507263,-1,-3.3811770509630037,-0.015982203441458846,0,yfinance_proxy,True
770441af-6517-4f70-a135-52d6407db5ff,SMA_5_20,SPY,5,20,2017-09-01,2018-02-06,214.94005648507263,227.63714745239045,1,12.69709096731782,0.0590727069442248,1,yfinance_proxy,True
35e34bc6-bac2-4fd4-a48d-ed49abb9c3d8,SMA_5_20,SPY,5,20,2018-02-06,2018-02-27,227.63714745239045,243.54914022654583,-1,-15.91199277415538,-0.06990068603580318,0,yfinance_proxy,True
84e44e81-8abf-4d3c-9d4c-c57f9664e0b3,SMA_5_20,SPY,5,20,2018-02-27,2018-03-22,243.54914022654583,235.55633993415995,1,-7.99280029238588,-0.032818018921976465,0,yfinance_proxy,True
bb9ee257-b739-4320-83fa-a9e249038d75,SMA_5_20,SPY,5,20,2018-03-22,2018-04-17,235.55633993415995,236.80481658089403,-1,-1.2484766467340762,-0.0053001190589182885,0,yfinance_proxy,True
f6330847-e250-42a7-805d-29e7d9507212,SMA_5_20,SPY,5,20,2018-04-17,2018-05-01,236.80481658089403,232.0042120242767,1,-4.800604556617316,-0.0202724109497891,0,yfinance_proxy,True
0244a0c8-ecde-465e-b8b3-ffa78a047ede,SMA_5_20,SPY,5,20,2018-05-01,2018-05-10,232.0042120242767,237.69284120768543,-1,-5.688629183408722,-0.024519508218296782,0,yfinance_proxy,True
2f6c1294-5f96-4f0f-9b0b-669ee1cd5e93,SMA_5_20,SPY,5,20,2018-05-10,2018-06-26,237.69284120768543,239.90835129900807,1,2.215510091322642,0.009320895320472979,1,yfinance_proxy,True
561ec34d-c830-4574-a048-fa98a0f3438f,SMA_5_20,SPY,5,20,2018-06-26,2018-07-11,239.90835129900807,244.7747011260493,-1,-4.866349827041233,-0.020284203533107076,0,yfinance_proxy,True
8abb9437-5260-41fc-9888-cafbc3e08a5d,SMA_5_20,SPY,5,20,2018-07-11,2018-10-09,244.7747011260493,254.96754123389658,1,10.192840107847275,0.04164172220804128,1,yfinance_proxy,True
6d76eda3-b868-4001-a66b-095bd07dab7a,SMA_5_20,SPY,5,20,2018-10-09,2018-11-08,254.96754123389658,248.50875256975544,-1,6.458788664141139,0.025331807464135662,1,yfinance_proxy,True
a24d7be8-059d-4be2-93e9-80980e3a9024,SMA_5_20,SPY,5,20,2018-11-08,2018-11-19,248.50875256975544,242.2452926725976,1,-6.263459897157844,-0.02520418227683838,0,yfinance_proxy,True
3c499813-0217-4293-8e9f-8059249e02a7,SMA_5_20,SPY,5,20,2018-11-19,2018-12-04,242.2452926725976,246.96510568773246,-1,-4.719813015134861,-0.01948361086014514,0,yfinance_proxy,True
83139f18-11da-415e-a559-723c9f3853ec,SMA_5_20,SPY,5,20,2018-12-04,2018-12-11,246.96510568773246,237.46340468272,1,-9.50170100501245,-0.03847386042069679,0,yfinance_proxy,True
f381a945-39c1-450a-8e1b-bf68db788427,SMA_5_20,SPY,5,20,2018-12-11,2019-01-10,237.46340468272,228.67714800280606,-1,8.786256679913947,0.03700046620511255,1,yfinance_proxy,True
7a86231d-eff7-4a63-ae61-f8914cff6a16,SMA_5_20,SPY,5,20,2019-01-10,2019-03-12,228.67714800280606,249.0230284007584,1,20.345880397952328,0.08897207515331906,1,yfinance_proxy,True
98ff471a-021a-4fc6-9893-35915a0f4577,SMA_5_20,SPY,5,20,2019-03-12,2019-03-15,249.0230284007584,251.4465054317037,-1,-2.423477030945321,-0.00973193943752529,0,yfinance_proxy,True
6fb8647a-651f-4fbb-90e1-8bfb9197cd98,SMA_5_20,SPY,5,20,2019-03-15,2019-05-09,251.4465054317037,255.65009859984357,1,4.203593168139861,0.016717644021032593,1,yfinance_proxy,True
44364a24-ff63-4e1c-b030-1eeeac5a0145,SMA_5_20,SPY,5,20,2019-05-09,2019-06-11,255.65009859984357,260.8127051852287,-1,-5.162606585385134,-0.02019403322611624,0,yfinance_proxy,True
57949106-97c4-42ba-b82a-6d994f674bc2,SMA_5_20,SPY,5,20,2019-06-11,2019-08-05,260.8127051852287,259.46939393331877,1,-1.3433112519099382,-0.005150482415938752,0,yfinance_proxy,True
5b838a0d-2a57-4dd7-b675-90982f23e379,SMA_5_20,SPY,5,20,2019-08-05,2019-09-03,259.46939393331877,261.7028918471687,-1,-2.2334979138499307,-0.00860794361906098,0,yfinance_proxy,True
6b14b8d2-6c68-4d90-9ce5-86ee91be1130,SMA_5_20,SPY,5,20,2019-09-03,2019-09-30,261.7028918471687,267.7974924652988,1,6.094600618130073,0.023288243301832698,1,yfinance_proxy,True
c3d34195-657a-4840-bb2e-d567cdbe467c,SMA_5_20,SPY,5,20,2019-09-30,2019-10-16,267.7974924652988,269.9690420180844,-1,-2.1715495527856206,-0.008108924145609804,0,yfinance_proxy,True
724bc68b-649f-48db-a804-600c74e91ee1,SMA_5_20,SPY,5,20,2019-10-16,2020-01-31,269.9690420180844,297.3285417837924,1,27.359499765707994,0.10134310053178344,1,yfinance_proxy,True
56d40840-2922-4ff5-8c67-2de6a28838b8,SMA_5_20,SPY,5,20,2020-01-31,2020-02-10,297.3285417837924,301.1747098442984,-1,-3.8461680605059883,-0.012935751265019139,0,yfinance_proxy,True
d8fb4b3e-ff5d-43d0-97aa-fd1d9ccb3273,SMA_5_20,SPY,5,20,2020-02-10,2020-02-26,301.1747098442984,285.671768973568,1,-15.502940870730356,-0.0514749092934964,0,yfinance_proxy,True
0d52e60d-8237-427f-b6dc-5b4b0de5219a,SMA_5_20,SPY,5,20,2020-02-26,2020-04-06,285.671768973568,235.82256381439876,-1,49.84920515916926,0.17449818488638125,1,yfinance_proxy,True
f55bade5-dc16-4539-85ac-d99e46fbaa96,SMA_5_20,SPY,5,20,2020-04-06,2020-06-18,235.82256381439876,283.53767829923845,1,47.71511448483969,0.2023348135693804,1,yfinance_proxy,True
8f2cd03c-4ae9-4b3f-ba3c-6753f93c6a28,SMA_5_20,SPY,5,20,2020-06-18,2020-06-19,283.53767829923845,288.606925057698,-1,-5.069246758459542,-0.01787856481320831,0,yfinance_proxy,True
9cd42573-02cf-4ca3-852d-ca45a9e8cc42,SMA_5_20,SPY,5,20,2020-06-19,2020-06-25,288.606925057698,278.77755738775835,1,-9.829367669939643,-0.034057975802121054,0,yfinance_proxy,True
84180da4-b1ab-48b3-9cfb-1546a01712a1,SMA_5_20,SPY,5,20,2020-06-25,2020-07-07,278.77755738775835,289.71847561105767,-1,-10.94091822329932,-0.03924605095840386,0,yfinance_proxy,True
107f5797-6fd7-436b-921e-a84c6512a3e1,SMA_5_20,SPY,5,20,2020-07-07,2020-09-11,289.71847561105767,308.4953124238538,1,18.776836812796148,0.06481062960583758,1,yfinance_proxy,True
52f9ee69-ac4a-4422-82d8-1573bfa6b522,SMA_5_20,SPY,5,20,2020-09-11,2020-10-05,308.4953124238538,309.95148604423326,-1,-1.4561736203794453,-0.004720245532868102,0,yfinance_proxy,True
9e234e25-9878-4e21-9d74-762d8981e756,SMA_5_20,SPY,5,20,2020-10-05,2020-10-28,309.95148604423326,306.29923020856904,1,-3.6522558356642207,-0.01178331448665165,0,yfinance_proxy,True
dc95da12-a2b5-415c-a7c7-84914fb32988,SMA_5_20,SPY,5,20,2020-10-28,2020-11-09,306.29923020856904,335.69328670949596,-1,-29.394056500926922,-0.09596516609235864,0,yfinance_proxy,True
1920432b-ec17-4180-99ad-6d97f540d1da,SMA_5_20,SPY,5,20,2020-11-09,2021-02-02,335.69328670949596,351.6476476844072,1,15.954360974911253,0.04752660123560327,1,yfinance_proxy,True
c4754f7b-5e3b-4b15-95cb-d0854114fe55,SMA_5_20,SPY,5,20,2021-02-02,2021-02-08,351.6476476844072,360.55801481683307,-1,-8.910367132425847,-0.02533890725873026,0,yfinance_proxy,True
d9004c0e-f19a-411a-9d7f-845723e8f19e,SMA_5_20,SPY,5,20,2021-02-08,2021-03-01,360.55801481683307,357.1495196515627,1,-3.4084951652703808,-0.009453388983744902,0,yfinance_proxy,True
2c20f0ea-9167-4af2-86bd-47824416e2a3,SMA_5_20,SPY,5,20,2021-03-01,2021-03-15,357.1495196515627,365.2448796926078,-1,-8.095360041045126,-0.022666585269225645,0,yfinance_proxy,True
ada19973-feb8-4110-a30d-3eb8680f7cc3,SMA_5_20,SPY,5,20,2021-03-15,2021-05-13,365.2448796926078,378.2802169243702,1,13.035337231762412,0.035689308615997645,1,yfinance_proxy,True
02e772ab-c8fa-4d93-92fa-85562a6c75b1,SMA_5_20,SPY,5,20,2021-05-13,2021-05-27,378.2802169243702,390.4536616740374,-1,-12.17344474966717,-0.03218102402669663,0,yfinance_proxy,True
acb9ec2c-9558-4f08-b8e5-867bd17d9695,SMA_5_20,SPY,5,20,2021-05-27,2021-06-23,390.4536616740374,394.54667538647084,1,4.0930137124334465,0.010482713095543765,1,yfinance_proxy,True
254b2cb9-27ee-4a04-b7cd-3d11244a8dc4,SMA_5_20,SPY,5,20,2021-06-23,2021-06-24,394.54667538647084,396.13155325117157,-1,-1.5848778647007293,-0.004016959116809923,0,yfinance_proxy,True
8921666b-1595-4245-bf4e-b64ac693a75b,SMA_5_20,SPY,5,20,2021-06-24,2021-07-23,396.13155325117157,407.9067473953741,1,11.775194144202544,0.029725463794943778,1,yfinance_proxy,True
41c10d10-c24c-4290-b103-cccd0640afa7,SMA_5_20,SPY,5,20,2021-07-23,2021-07-26,407.9067473953741,409.5755481567641,-1,-1.6688007613900027,-0.004091133015194952,0,yfinance_proxy,True
34bae3bf-ac23-443e-bafc-3b68d5866432,SMA_5_20,SPY,5,20,2021-07-26,2021-09-15,409.5755481567641,414.52610264676866,1,4.950554490004549,0.012087036231249175,1,yfinance_proxy,True
04f6685c-0bd7-472c-9d6d-035928496896,SMA_5_20,SPY,5,20,2021-09-15,2021-10-15,414.52610264676866,415.9756898880979,-1,-1.4495872413292545,-0.003496974574275472,0,yfinance_proxy,True
fc231544-c076-4b65-802d-28c942388053,SMA_5_20,SPY,5,20,2021-10-15,2021-11-30,415.9756898880979,432.10974551490875,1,16.134055626810834,0.0387860541349209,1,yfinance_proxy,True
063bc422-babf-4cdb-9ff2-c4d79ea7518b,SMA_5_20,SPY,5,20,2021-11-30,2021-12-13,432.10974551490875,439.7698539667308,-1,-7.660108451822055,-0.017727229092447682,0,yfinance_proxy,True
e86754df-4fd6-4db5-973b-e2197407beed,SMA_5_20,SPY,5,20,2021-12-13,2022-01-11,439.7698539667308,436.65953732133823,1,-3.1103166453925724,-0.007072600855509919,0,yfinance_proxy,True
fb20bc4a-b8ad-4aad-8101-a4fa372dcd6c,SMA_5_20,SPY,5,20,2022-01-11,2022-02-09,436.65953732133823,427.2642403570165,-1,9.395296964321744,0.021516298537658494,1,yfinance_proxy,True
7f7dd2aa-af66-434d-a660-1e6640485bce,SMA_5_20,SPY,5,20,2022-02-09,2022-02-17,427.2642403570165,416.0011909472556,1,-11.263049409760868,-0.026360852011274354,0,yfinance_proxy,True
55440c13-9359-477d-8a27-bc485044e76f,SMA_5_20,SPY,5,20,2022-02-17,2022-03-21,416.0011909472556,418.34795760108,-1,-2.3467666538243748,-0.005641249844695563,0,yfinance_proxy,True
63235173-58b2-4601-9160-1041847ee7ca,SMA_5_20,SPY,5,20,2022-03-21,2022-04-12,418.34795760108,417.16151618469337,1,-1.1864414163866286,-0.0028360157969695935,0,yfinance_proxy,True
d0f94f2b-48f6-4e51-8c96-7bf99ccb7bdd,SMA_5_20,SPY,5,20,2022-04-12,2022-06-01,417.16151618469337,390.88425451413644,-1,26.277261670556925,0.06299061790475173,1,yfinance_proxy,True
2e10a36f-f0d1-43f3-ae88-e1701991fa93,SMA_5_20,SPY,5,20,2022-06-01,2022-06-14,390.88425451413644,354.8058760643675,1,-36.078378449768934,-0.0922993905052887,0,yfinance_proxy,True
9c9a196e-4752-4858-8dce-aae8e18a8d23,SMA_5_20,SPY,5,20,2022-06-14,2022-07-08,354.8058760643675,366.191374892305,-1,-11.38549882793751,-0.032089375052717556,0,yfinance_proxy,True
aec75f9b-5f92-4ab1-b7a4-dbd6f5fb72df,SMA_5_20,SPY,5,20,2022-07-08,2022-07-19,366.191374892305,365.06610164986904,1,-1.1252732424359806,-0.0030729102856857774,0,yfinance_proxy,True
144930d9-d322-4d06-8f08-a6a4f61fe1bc,SMA_5_20,SPY,5,20,2022-07-19,2022-07-20,365.06610164986904,371.1083701548272,-1,-6.042268504958145,-0.01655116286516577,0,yfinance_proxy,True
fa720062-8c19-44ac-9f0b-250ac814c636,SMA_5_20,SPY,5,20,2022-07-20,2022-08-26,371.1083701548272,396.5631405668187,1,25.45477041199149,0.068591205316581,1,yfinance_proxy,True
edf1b304-5a71-4e1d-9aa4-2d76dfb00cab,SMA_5_20,SPY,5,20,2022-08-26,2022-10-21,396.5631405668187,346.6652142635387,-1,49.897926303279974,0.12582593085166585,1,yfinance_proxy,True
96fec364-d799-4468-8e07-17a83c7e2d64,SMA_5_20,SPY,5,20,2022-10-21,2022-12-09,346.6652142635387,374.9779244191876,1,28.312710155648915,0.08167162146855982,1,yfinance_proxy,True
5f7624c5-7d59-494a-a719-27d19d40b5f8,SMA_5_20,SPY,5,20,2022-12-09,2023-01-11,374.9779244191876,374.1150503530879,-1,0.862874066099721,0.002301132973191015,1,yfinance_proxy,True
57333a92-3dcb-4b9c-9191-fede7e46ccc8,SMA_5_20,SPY,5,20,2023-01-11,2023-02-23,374.1150503530879,383.0140675924474,1,8.899017239359523,0.02378684640182392,1,yfinance_proxy,True
81f7a0d8-0a0a-49f9-b160-368db6980bf4,SMA_5_20,SPY,5,20,2023-02-23,2023-03-27,383.0140675924474,381.18220877571866,-1,1.8318588167287544,0.004782745522229681,1,yfinance_proxy,True
59727a22-7704-427c-81e5-b5acae21dd5f,SMA_5_20,SPY,5,20,2023-03-27,2023-04-27,381.18220877571866,389.6844497545518,1,8.502240978833129,0.022304926051351225,1,yfinance_proxy,True
0b9b72fd-d5ac-47b0-b912-f3eea4ac9f75,SMA_5_20,SPY,5,20,2023-04-27,2023-05-03,389.6844497545518,393.85893960371277,-1,-4.174489849160977,-0.010712487634008332,0,yfinance_proxy,True
0305d09b-2331-4707-ab0d-de7429a9ced7,SMA_5_20,SPY,5,20,2023-05-03,2023-05-08,393.85893960371277,395.4004621354889,1,1.5415225317761383,0.003913894993286594,1,yfinance_proxy,True
455c5cff-a422-42b3-94ee-bcf58c009516,SMA_5_20,SPY,5,20,2023-05-08,2023-05-12,395.4004621354889,395.83132277822824,-1,-0.4308606427393329,-0.0010896816873008437,0,yfinance_proxy,True
c23fa7fe-dde3-4c3a-a6d7-dabfc80d5316,SMA_5_20,SPY,5,20,2023-05-12,2023-08-08,395.83132277822824,430.610350839472,1,34.779028061243764,0.08786325401724045,1,yfinance_proxy,True
a9919a98-8fcf-4097-9b2f-1b09b7339be6,SMA_5_20,SPY,5,20,2023-08-08,2023-08-31,430.610350839472,434.04108248674885,-1,-3.4307316472768434,-0.007967136973341804,0,yfinance_proxy,True
f7db1f99-a050-4ddf-9fea-6121c31fb931,SMA_5_20,SPY,5,20,2023-08-31,2023-09-21,434.04108248674885,420.1899872517448,1,-13.851095235004038,-0.031911945191102756,0,yfinance_proxy,True
40c7227f-02b4-4e96-9778-f8195a6ad864,SMA_5_20,SPY,5,20,2023-09-21,2023-10-13,420.1899872517448,419.7174193113071,-1,0.47256794043772743,0.0011246530254767871,1,yfinance_proxy,True
8d52c6d3-3f1f-43ad-a21e-f28fb786fc25,SMA_5_20,SPY,5,20,2023-10-13,2023-10-24,419.7174193113071,407.6045883732558,1,-12.112830938051275,-0.028859490649510332,0,yfinance_proxy,True
6fc7c4e1-5e77-4706-8b8f-d7924179fed5,SMA_5_20,SPY,5,20,2023-10-24,2023-11-07,407.6045883732558,420.1802801725134,-1,-12.575691799257584,-0.03085267476857165,0,yfinance_proxy,True
1f156eb2-770a-44cd-aaf3-f1d35ede4941,SMA_5_20,SPY,5,20,2023-11-07,2024-01-09,420.1802801725134,456.9174526401683,1,36.73717246765489,0.08743192910569651,1,yfinance_proxy,True
fe314dfd-2701-42e9-8c96-73c4dee85544,SMA_5_20,SPY,5,20,2024-01-09,2024-01-11,456.9174526401683,462.4561601628175,-1,-5.538707522649247,-0.012121899679352129,0,yfinance_proxy,True
08ce2e81-38a6-4a89-89ad-f2378bb241fb,SMA_5_20,SPY,5,20,2024-01-11,2024-04-10,462.4561601628175,498.75376772780487,1,36.297607564987345,0.07848875351170152,1,yfinance_proxy,True
1ad546fa-c53c-4222-8d55-38f3fc1dd8ff,SMA_5_20,SPY,5,20,2024-04-10,2024-05-07,498.75376772780487,502.7166843877577,-1,-3.962916659952839,-0.007945637539756096,0,yfinance_proxy,True
1bbccfee-ed95-46bc-bed7-c42f3d906d45,SMA_5_20,SPY,5,20,2024-05-07,2024-07-25,502.7166843877577,527.5208430163394,1,24.804158628581717,0.049340233572692925,1,yfinance_proxy,True
631e6e40-6b78-4689-8d18-a307e0255c08,SMA_5_20,SPY,5,20,2024-07-25,2024-08-16,527.5208430163394,537.3335322529779,-1,-9.812689236638448,-0.018601519478415207,0,yfinance_proxy,True
762f5077-1c41-4fb4-82d2-57798afcfdb1,SMA_5_20,SPY,5,20,2024-08-16,2024-09-09,537.3335322529779,530.7366093479087,1,-6.596922905069164,-0.012277147263467856,0,yfinance_proxy,True
12adae4c-35f8-4078-9869-ba5056642850,SMA_5_20,SPY,5,20,2024-09-09,2024-09-17,530.7366093479087,550.6639628555286,-1,-19.92735350761984,-0.03754659685546028,0,yfinance_proxy,True
2d31a968-3d8e-4182-969c-06ef438c60de,SMA_5_20,SPY,5,20,2024-09-17,2024-11-01,550.6639628555286,558.432953502388,1,7.768990646859493,0.01410840579901495,1,yfinance_proxy,True
21d720af-06d9-46d1-a376-a0eb3b1e10ad,SMA_5_20,SPY,5,20,2024-11-01,2024-11-08,558.432953502388,582.722322897382,-1,-24.28936939499397,-0.04349558750545709,0,yfinance_proxy,True
17b2cc68-6b08-44b8-b184-d51d485a04d6,SMA_5_20,SPY,5,20,2024-11-08,2024-12-19,582.722322897382,578.0207549395101,1,-4.70156795787193,-0.0080682818782281,0,yfinance_proxy,True
4c400e4a-2b48-439b-af16-67aea10d517f,SMA_5_20,SPY,5,20,2024-12-19,2025-01-22,578.0207549395101,594.2457369774064,-1,-16.224982037896325,-0.028069895240343524,0,yfinance_proxy,True
0c55dd64-16fe-4bbf-86c4-78b194ec9c18,SMA_5_20,SPY,5,20,2025-01-22,2025-02-26,594.2457369774064,584.4481941378576,1,-9.797542839548782,-0.01648735906694656,0,yfinance_proxy,True
4e086ce2-dc81-435c-9433-addb8525db5c,SMA_5_20,SPY,5,20,2025-02-26,2025-03-27,584.4481941378576,557.9254317069114,-1,26.522762430946273,0.04538086129271224,1,yfinance_proxy,True
d5b86766-7194-40dc-b5fb-e61a769bc7e0,SMA_5_20,SPY,5,20,2025-03-27,2025-04-02,557.9254317069114,545.993387136237,1,-11.932044570674407,-0.021386450397447614,0,yfinance_proxy,True
94118221-36bc-43e4-9b55-e230f194054c,SMA_5_20,SPY,5,20,2025-04-02,2025-04-28,545.993387136237,542.393043710064,-1,3.6003434261729126,0.006594115443516444,1,yfinance_proxy,True
180258dd-d787-4b26-b5d6-496c12c6d3d1,SMA_5_20,SPY,5,20,2025-04-28,2025-08-07,542.393043710064,627.7088284528788,1,85.3157847428148,0.15729513077682522,1,yfinance_proxy,True
354834c5-1a06-4e4d-a3d4-2618078a5dcb,SMA_5_20,SPY,5,20,2025-08-07,2025-08-11,627.7088284528788,628.9124554108,-1,-1.2036269579211876,-0.001917492479574934,0,yfinance_proxy,True
9854f724-9a6b-4c62-ac56-7f02953c1733,SMA_5_20,SPY,5,20,2025-08-11,2025-10-15,628.9124554108,659.70272543157,1,30.79027002076998,0.048957958704535516,1,yfinance_proxy,True
39f08742-b77f-4fdf-83b2-2dbf81735de4,SMA_5_20,SPY,5,20,2025-10-15,2025-10-22,659.70272543157,664.8274246920023,-1,-5.124699260432294,-0.007768194768453888,0,yfinance_proxy,True
711e20a3-f0e5-476d-ae64-639e12237d76,SMA_5_20,SPY,5,20,2025-10-22,2025-11-18,664.8274246920023,655.0330664835586,1,-9.794358208443668,-0.014732181382230354,0,yfinance_proxy,True
f047772d-5349-4c0d-8158-3c35b0997310,SMA_5_20,SPY,5,20,2025-11-18,2025-12-01,655.0330664835586,671.5647168500374,-1,-16.531650366478743,-0.02523788677604673,0,yfinance_proxy,True
c8f04f35-0b93-4c22-a714-078c13f6bea8,SMA_5_20,SPY,5,20,2025-12-01,2025-12-19,671.5647168500374,671.3463691548195,1,-0.21834769521785802,-0.00032513276790659,0,yfinance_proxy,True
ff783179-cf97-4368-895d-533ea7cb4dda,SMA_5_20,SPY,5,20,2025-12-19,2025-12-26,671.3463691548195,685.2874813951044,-1,-13.941112240284838,-0.020765901002541762,0,yfinance_proxy,True
32bf27b3-1986-4861-8278-2804f8964cda,SMA_5_20,SPY,5,20,2025-12-26,2026-01-22,685.2874813951044,684.5035112839386,1,-0.783970111165786,-0.001144001798441997,0,yfinance_proxy,True
10e7697d-37b8-4dfd-a4d9-8b2a6ca66821,SMA_5_20,SPY,5,20,2026-01-22,2026-01-28,684.5035112839386,691.6477676593287,-1,-7.144256375390114,-0.01043713619816131,0,yfinance_proxy,True
1e2ee786-bc39-4db4-9314-8f8bf168ec69,SMA_5_20,SPY,5,20,2026-01-28,2026-02-06,691.6477676593287,676.1786564838608,1,-15.469111175467901,-0.022365591127140334,0,yfinance_proxy,True
fa9e4fd3-f286-400f-837f-de181b29bac2,SMA_5_20,SPY,5,20,2026-02-06,2026-02-13,676.1786564838608,676.4068370573647,-1,-0.22818057350389154,-0.00033745604259447344,0,yfinance_proxy,True
3015fc23-b089-432d-aac4-0aae97339a46,SMA_5_20,SPY,5,20,2026-02-13,2026-02-17,676.4068370573647,674.8688419019007,1,-1.537995155463932,-0.0022737723381904516,0,yfinance_proxy,True
0c0e4f8d-a62c-48d2-ac21-4bd27346524e,SMA_5_20,SPY,5,20,2026-02-17,2026-02-27,674.8688419019007,677.795973699009,-1,-2.9271317971082453,-0.004337334331303644,0,yfinance_proxy,True
24b91e5f-7fcb-4b39-906e-22807d02cc77,SMA_5_20,SPY,5,20,2026-02-27,2026-03-02,677.795973699009,673.4400139353526,1,-4.355959763656415,-0.006426653348033578,0,yfinance_proxy,True
f1f188a6-1d61-46aa-9377-a3e9c71f32a2,SMA_5_20,SPY,5,20,2026-03-02,2026-03-03,673.4400139353526,669.8281968363514,-1,3.6118170990012004,0.005363235068102027,1,yfinance_proxy,True
05cf4d94-1649-4b7b-bc0b-473e2cf9ed69,SMA_5_20,SPY,5,20,2026-03-03,2026-03-05,669.8281968363514,676.7937758642711,1,6.965579027919716,0.010399053161420596,1,yfinance_proxy,True
4151978a-2401-48bf-8e16-58187eaa8def,SMA_5_20,SPY,5,20,2026-03-05,2026-04-09,676.7937758642711,671.4386399182858,-1,5.355135945985239,0.007912507675098943,1,yfinance_proxy,True
a563ad89-6483-48cd-b3f6-3736af45ac2e,SMA_5_20,SPY,5,20,2026-04-09,2026-06-10,671.4386399182858,729.69352181897,1,58.254881900684154,0.08676128902526935,1,yfinance_proxy,True
2a2184dc-6090-40e9-b9ec-9cad92178b13,SMA_5_20,SPY,5,20,2026-06-10,2026-06-22,729.69352181897,745.8479411927095,-1,-16.15441937373953,-0.022138636140649863,0,yfinance_proxy,True
33649446-017c-4b7f-b87e-a37524018815,SMA_5_20,SPY,5,20,2026-06-22,2026-06-24,745.8479411927095,733.3489180103626,1,-12.499023182346946,-0.016758138612488968,0,yfinance_proxy,True
3331a2ca-6c94-4f73-9b9f-bfc571edba58,SMA_5_20,SPY,5,20,2026-06-24,2026-07-06,733.3489180103626,746.885320136641,-1,-13.536402126278404,-0.01845833789869603,0,yfinance_proxy,True
c69dd5d5-6c62-4c49-954d-7cd8a0e72e3f,SMA_5_20,SPY,5,20,2026-07-06,2026-07-24,746.885320136641,736.6806667930385,1,-10.204653343602445,-0.013662945392654828,0,yfinance_proxy,True
96f28bc1-fdfc-41e7-ab82-bb31c0aca3c3,SMA_5_20,SPY,5,20,2026-07-24,2026-08-05,736.6806667930385,773.928165423025,-1,-37.24749862998647,-0.05056125443353151,0,yfinance_proxy,True
b0f95dc7-8307-4ccc-8152-a26b3869aa35,SMA_5_20,SPY,5,20,2026-08-05,2026-08-27,773.928165423025,766.5964060257239,1,-7.331759397301084,-0.009473436586060393,0,yfinance_proxy,True
dc4fc7d9-3b39-4013-8770-85c1dc598d2d,SMA_5_20,SPY,5,20,2026-08-27,2026-09-23,766.5964060257239,772.7899780273438,-1,-6.1935720016198275,-0.008079312599088805,0,yfinance_proxy,True
25e199ce-dee1-4d49-b286-5b4dab9437e5,SMA_10_30,SPY,10,30,2000-03-17,2000-04-19,91.37300945819058,90.55055933789916,1,-0.8224501202914212,-0.009001018190910617,0,yfinance_proxy,True
5f32e4e1-4035-4fa6-a53d-1a23b096c9f9,SMA_10_30,SPY,10,30,2000-04-19,2000-06-08,90.55055933789916,92.43054378390235,-1,-1.879984446003192,-0.02076170991929302,0,yfinance_proxy,True
2fdb02ef-4af0-4079-b2fb-40023d240b27,SMA_10_30,SPY,10,30,2000-06-08,2000-07-12,92.43054378390235,93.7669903530559,1,1.3364465691535514,0.014458927908918201,1,yfinance_proxy,True
e051cb76-7e88-4287-b554-ff2aa9f621e1,SMA_10_30,SPY,10,30,2000-07-12,2000-07-13,93.7669903530559,94.2086269013349,-1,-0.4416365482789928,-0.004709936264522536,0,yfinance_proxy,True
e3dd8eae-7769-4403-94df-b0f60faffbf3,SMA_10_30,SPY,10,30,2000-07-13,2000-08-01,94.2086269013349,90.21416980468325,1,-3.9944570966516437,-0.04240012011676018,0,yfinance_proxy,True
225da055-c9e4-4727-bda2-a4dc4ce5974f,SMA_10_30,SPY,10,30,2000-08-01,2000-08-16,90.21416980468325,93.78658601393512,-1,-3.5724162092518696,-0.03959928043439598,0,yfinance_proxy,True
d6cc8894-9e64-4754-a49e-6074eba5c458,SMA_10_30,SPY,10,30,2000-08-16,2000-09-19,93.78658601393512,91.38533117040733,1,-2.401254843527795,-0.02560339325253836,0,yfinance_proxy,True
21e3dabc-e83c-4801-bc4f-41ea2c44b033,SMA_10_30,SPY,10,30,2000-09-19,2000-11-06,91.38533117040733,90.14564428762674,-1,1.239686882780589,0.013565490948092424,1,yfinance_proxy,True
6ccf6b5a-018f-4306-bcf6-6a51172a3e7e,SMA_10_30,SPY,10,30,2000-11-06,2000-11-21,90.14564428762674,84.93090761137141,1,-5.2147366762553276,-0.05784790510362013,0,yfinance_proxy,True
a8e195ee-0141-4b0b-8d38-188c1388502c,SMA_10_30,SPY,10,30,2000-11-21,2001-01-23,84.93090761137141,84.93485236162428,-1,-0.003944750252870222,-4.644658068321477e-05,0,yfinance_proxy,True
f0509826-b0a0-4ff3-92eb-4394b072c631,SMA_10_30,SPY,10,30,2001-01-23,2001-02-16,84.93485236162428,82.74384382722275,1,-2.191008534401533,-0.025796342413982768,0,yfinance_proxy,True
8113eadc-ae0e-4905-9a15-bc8f6d132c6f,SMA_10_30,SPY,10,30,2001-02-16,2001-04-20,82.74384382722275,79.10330215331501,-1,3.640541673907734,0.0439977345204018,1,yfinance_proxy,True
290f6a5f-ec9b-4a03-9b81-f006e9eb05d6,SMA_10_30,SPY,10,30,2001-04-20,2001-06-11,79.10330215331501,80.24963005521687,1,1.1463279019018557,0.014491530324234588,1,yfinance_proxy,True
87ae1e85-21d6-4452-85fc-288008ec2ac0,SMA_10_30,SPY,10,30,2001-06-11,2001-08-08,80.24963005521687,76.29233679877794,-1,3.9572932564389305,0.04931229282572468,1,yfinance_proxy,True
9c6c73ac-921d-48d3-8af6-e95b222fb887,SMA_10_30,SPY,10,30,2001-08-08,2001-08-10,76.29233679877794,75.45395280251961,1,-0.8383839962583295,-0.010989098400139171,0,yfinance_proxy,True
9311da4c-c637-4692-82d3-323f7ce463a8,SMA_10_30,SPY,10,30,2001-08-10,2001-10-16,75.45395280251961,69.9994346554189,-1,5.454518147100714,0.07228936251194747,1,yfinance_proxy,True
11edc5e7-43d8-49da-8d46-258bee00f617,SMA_10_30,SPY,10,30,2001-10-16,2001-12-21,69.9994346554189,73.58590702150178,1,3.586472366082887,0.05123573331324392,1,yfinance_proxy,True
76771876-78d2-48cb-9da7-b087cf2ac0ae,SMA_10_30,SPY,10,30,2001-12-21,2001-12-31,73.58590702150178,74.30237518623147,-1,-0.7164681647296902,-0.00973648615244137,0,yfinance_proxy,True
449fb7e9-a74c-424b-aa53-134ea4f37baa,SMA_10_30,SPY,10,30,2001-12-31,2002-01-22,74.30237518623147,72.76706843594565,1,-1.5353067502858266,-0.020662956553377115,0,yfinance_proxy,True
df83dc90-177a-4fd2-ac2f-daf76ca7a8a4,SMA_10_30,SPY,10,30,2002-01-22,2002-03-06,72.76706843594565,73.63067215016537,-1,-0.863603714219721,-0.011868056976624278,0,yfinance_proxy,True
1a886043-b7f3-4401-9e70-dcac2d4a957a,SMA_10_30,SPY,10,30,2002-03-06,2002-04-05,73.63067215016537,72.61624264240074,1,-1.014429507764632,-0.01377726806154592,0,yfinance_proxy,True
79a85fc1-3d6e-4df7-ae8e-4d4911e507d7,SMA_10_30,SPY,10,30,2002-04-05,2002-05-28,72.61624264240074,69.96024527764897,-1,2.6559973647517694,0.03657580271443194,1,yfinance_proxy,True
12ab8839-d70b-483b-9225-a1d8bd9daa4f,SMA_10_30,SPY,10,30,2002-05-28,2002-06-04,69.96024527764897,66.81671871238532,1,-3.1435265652636417,-0.04493304094043738,0,yfinance_proxy,True
39ffa0bd-30dd-4b56-a3ac-dec7b07bd5c2,SMA_10_30,SPY,10,30,2002-06-04,2002-08-19,66.81671871238532,60.16842715395156,-1,6.648291558433762,0.09950041975349827,1,yfinance_proxy,True
bf23d011-630f-4497-8854-fbc5ae4e94e1,SMA_10_30,SPY,10,30,2002-08-19,2002-09-11,60.16842715395156,59.531113138737815,1,-0.6373140152137466,-0.010592166778484437,0,yfinance_proxy,True
b98656d5-68da-4afb-9142-459dcd4c8249,SMA_10_30,SPY,10,30,2002-09-11,2002-10-23,59.531113138737815,57.405298967374165,-1,2.1258141713636505,0.035709296522129876,1,yfinance_proxy,True
66c90054-5c7f-42f9-ab7c-5f48e3d309ee,SMA_10_30,SPY,10,30,2002-10-23,2002-12-16,57.405298967374165,58.08431121962932,1,0.6790122522551556,0.01182838979100286,1,yfinance_proxy,True
e56a0e94-b444-4dad-bc09-dc586bbed9d9,SMA_10_30,SPY,10,30,2002-12-16,2003-01-13,58.08431121962932,60.787137166615665,-1,-2.7028259469863443,-0.04653280533475512,0,yfinance_proxy,True
016c0f12-d08d-43f1-be04-6dee6debed89,SMA_10_30,SPY,10,30,2003-01-13,2003-01-28,60.787137166615665,55.64680584470094,1,-5.140331321914722,-0.08456281314622915,0,yfinance_proxy,True
dfb724f3-5710-4717-a7cd-44f7af8ce441,SMA_10_30,SPY,10,30,2003-01-28,2003-03-21,55.64680584470094,57.93952787114535,-1,-2.292722026444409,-0.04120132308838957,0,yfinance_proxy,True
f72c1834-20ca-4acb-868b-9c4479c3af4d,SMA_10_30,SPY,10,30,2003-03-21,2003-07-25,57.93952787114535,64.60544806984959,1,6.665920198704235,0.11504961195971276,1,yfinance_proxy,True
aa67562e-b376-4c45-9523-16aaaefd4fdc,SMA_10_30,SPY,10,30,2003-07-25,2003-08-21,64.60544806984959,66.1705238173372,-1,-1.5650757474876116,-0.02422513571603893,0,yfinance_proxy,True
a6d906e8-6e8e-4228-8b00-4dafa89f24b3,SMA_10_30,SPY,10,30,2003-08-21,2003-10-03,66.1705238173372,68.14678574831046,1,1.9762619309732656,0.029866197469264548,1,yfinance_proxy,True
a1078e84-8ebc-42cb-8601-0bf1f5d3f01f,SMA_10_30,SPY,10,30,2003-10-03,2003-10-10,68.14678574831046,68.54118306724638,-1,-0.39439731893591556,-0.005787467664176571,0,yfinance_proxy,True
c3840dc3-8f55-44b9-a192-9acd8ada7031,SMA_10_30,SPY,10,30,2003-10-10,2004-03-15,68.54118306724638,74.14858985496052,1,5.60740678771414,0.08181076743616553,1,yfinance_proxy,True
c92d7473-d357-4b9a-94c8-c8bca162c3e4,SMA_10_30,SPY,10,30,2004-03-15,2004-04-08,74.14858985496052,76.4896371741138,-1,-2.341047319153276,-0.03157237816299025,0,yfinance_proxy,True
25f18d8c-e47a-4fa1-9950-60215f2dd25c,SMA_10_30,SPY,10,30,2004-04-08,2004-05-04,76.4896371741138,74.39529787659635,1,-2.0943392975174504,-0.027380693318626862,0,yfinance_proxy,True
c1a085a1-8f0b-4c16-852c-9b67753a5d0a,SMA_10_30,SPY,10,30,2004-05-04,2004-06-04,74.39529787659635,74.87910461425781,-1,-0.4838067376614674,-0.006503189737394221,0,yfinance_proxy,True
3a8cc546-f0ba-4120-8b58-3928f4a07d77,SMA_10_30,SPY,10,30,2004-06-04,2004-07-12,74.87910461425781,74.18129882929478,1,-0.6978057849630375,-0.009319098947000061,0,yfinance_proxy,True
7848699a-90a4-4dc9-9596-f9a822df5bb1,SMA_10_30,SPY,10,30,2004-07-12,2004-08-27,74.18129882929478,73.96837825328348,-1,0.21292057601129954,0.00287027295789563,1,yfinance_proxy,True
fef1f456-e068-4032-8e17-f5130d8ae4a5,SMA_10_30,SPY,10,30,2004-08-27,2004-10-20,73.96837825328348,73.72859246875755,1,-0.23978578452592103,-0.003241733700106868,0,yfinance_proxy,True
4dbd54f2-d3ae-4882-81fc-303dcb466dfb,SMA_10_30,SPY,10,30,2004-10-20,2004-11-04,73.72859246875755,76.66757492510517,-1,-2.938982456347617,-0.03986218043689101,0,yfinance_proxy,True
444e4262-340b-4ce0-95d0-b5277d508bfe,SMA_10_30,SPY,10,30,2004-11-04,2005-01-13,76.66757492510517,79.85618060443653,1,3.18860567933136,0.04159001615019436,1,yfinance_proxy,True
98ddc575-123c-4ba0-b4c9-bbec81534001,SMA_10_30,SPY,10,30,2005-01-13,2005-02-09,79.85618060443653,81.05430481425483,-1,-1.1981242098183031,-0.015003525096612742,0,yfinance_proxy,True
779de9a9-c3af-472a-a2a8-90d857fc7113,SMA_10_30,SPY,10,30,2005-02-09,2005-03-22,81.05430481425483,79.98738822580538,1,-1.066916588449459,-0.013162984876551834,0,yfinance_proxy,True
3493b764-2349-43b6-8341-49ce1d7c620b,SMA_10_30,SPY,10,30,2005-03-22,2005-05-13,79.98738822580538,78.58861648979514,-1,1.3987717360102323,0.017487403539936604,1,yfinance_proxy,True
945b1a9d-e348-4997-a55e-c52bf6171f1c,SMA_10_30,SPY,10,30,2005-05-13,2005-07-07,78.58861648979514,80.25595593204777,1,1.6673394422526258,0.021216042688181596,1,yfinance_proxy,True
d98ed4f8-690c-4ebb-8d68-8b79ae8565cb,SMA_10_30,SPY,10,30,2005-07-07,2005-07-13,80.25595593204777,82.95626961440655,-1,-2.7003136823587823,-0.03364627149473021,0,yfinance_proxy,True
b22ef310-bd05-412a-b35d-28af392c09d2,SMA_10_30,SPY,10,30,2005-07-13,2005-08-19,82.95626961440655,83.20051689423983,1,0.24424727983327443,0.002944289575321711,1,yfinance_proxy,True
b62e3aaf-e0f6-4f3e-9500-c209e5c1aa68,SMA_10_30,SPY,10,30,2005-08-19,2005-09-13,83.20051689423983,84.21819033841088,-1,-1.0176734441710522,-0.012231575982450515,0,yfinance_proxy,True
3f7972b6-f737-432f-99a3-06719e025400,SMA_10_30,SPY,10,30,2005-09-13,2005-09-29,84.21819033841088,82.8187832957214,1,-1.3994070426894751,-0.016616446364690205,0,yfinance_proxy,True
6c1f67fa-9554-42af-a831-f7f944014510,SMA_10_30,SPY,10,30,2005-09-29,2005-11-04,82.8187832957214,83.39797992178275,-1,-0.5791966260613464,-0.006993541839333794,0,yfinance_proxy,True
6da4e862-04ab-4a98-a6b8-51be52c6c8e7,SMA_10_30,SPY,10,30,2005-11-04,2006-02-08,83.39797992178275,86.20315531095105,1,2.805175389168298,0.03363601122951916,1,yfinance_proxy,True
594ca9e7-1d77-4177-b438-ac8b8fcbaacd,SMA_10_30,SPY,10,30,2006-02-08,2006-02-23,86.20315531095105,88.5457567718998,-1,-2.3426014609487567,-0.027175356313797926,0,yfinance_proxy,True
e578c622-6fd2-4475-b0ec-6b79cd5ee105,SMA_10_30,SPY,10,30,2006-02-23,2006-04-24,88.5457567718998,90.01194666102502,1,1.4661898891252179,0.01655855619261607,1,yfinance_proxy,True
0fb98e24-ba82-44d1-851e-181ef12361ec,SMA_10_30,SPY,10,30,2006-04-24,2006-04-27,90.01194666102502,89.3311205884205,-1,0.6808260726045177,0.007563730125384722,1,yfinance_proxy,True
2241cfcb-5002-494d-b01f-5da5bc71a017,SMA_10_30,SPY,10,30,2006-04-27,2006-05-19,89.3311205884205,87.24745060243237,1,-2.083669985988138,-0.023325241777592032,0,yfinance_proxy,True
55f78e1d-0f60-43a0-ae71-2b724d469d7b,SMA_10_30,SPY,10,30,2006-05-19,2006-07-06,87.24745060243237,87.86097705993035,-1,-0.6135264574979828,-0.007032027334456904,0,yfinance_proxy,True
279cd38e-7767-4e9b-a95e-819a4a9658c1,SMA_10_30,SPY,10,30,2006-07-06,2006-07-24,87.86097705993035,85.95460066256233,1,-1.906376397368021,-0.0216976462265799,0,yfinance_proxy,True
95e22799-17b8-4e97-bdcd-d5dc1c3c3974,SMA_10_30,SPY,10,30,2006-07-24,2006-07-31,85.95460066256233,88.17873933809483,-1,-2.224138675532501,-0.02587573740542347,0,yfinance_proxy,True
4c7ced9c-3989-4efb-b142-850e641301ce,SMA_10_30,SPY,10,30,2006-07-31,2007-03-05,88.17873933809483,96.22471750259712,1,8.045978164502287,0.0912462371870889,1,yfinance_proxy,True
9477bc4f-83f6-4a11-b470-163586197722,SMA_10_30,SPY,10,30,2007-03-05,2007-03-29,96.22471750259712,99.83527390779743,-1,-3.610556405200313,-0.037522130476536485,0,yfinance_proxy,True
fbda1743-525c-4476-94e3-a9b47c3527a1,SMA_10_30,SPY,10,30,2007-03-29,2007-06-19,99.83527390779743,107.30673857282196,1,7.471464665024527,0.0748379242383286,1,yfinance_proxy,True
87430ab4-1ca8-4708-b808-921d43e22729,SMA_10_30,SPY,10,30,2007-06-19,2007-06-22,107.30673857282196,106.58227447596248,-1,0.724464096859478,0.0067513383268827274,1,yfinance_proxy,True
e1a3eb2e-86b1-4feb-8065-844cd29773a4,SMA_10_30,SPY,10,30,2007-06-22,2007-06-28,106.58227447596248,105.7803268432617,1,-0.8019476327007737,-0.0075242120384814756,0,yfinance_proxy,True
3df3b327-3cd7-440c-bcfa-f59a27e23487,SMA_10_30,SPY,10,30,2007-06-28,2007-07-12,105.7803268432617,107.18016201729279,-1,-1.3998351740310824,-0.01323341698598895,0,yfinance_proxy,True
87120baa-856c-4ab3-bc1c-7f4e88164dca,SMA_10_30,SPY,10,30,2007-07-12,2007-07-31,107.18016201729279,104.33834613715467,1,-2.841815880138114,-0.02651438313444242,0,yfinance_proxy,True
b8d369e6-68e9-4720-8524-c6ccfebf2187,SMA_10_30,SPY,10,30,2007-07-31,2007-09-05,104.33834613715467,104.24691633459666,-1,0.09142980255801092,0.000876281884301911,1,yfinance_proxy,True
3963b7c2-b2c4-4103-b334-358fc2bf0a0b,SMA_10_30,SPY,10,30,2007-09-05,2007-10-26,104.24691633459666,108.17628484614758,1,3.929368511550919,0.03769289922148873,1,yfinance_proxy,True
01d61198-33a2-4f6b-a563-cfdbbbb82993,SMA_10_30,SPY,10,30,2007-10-26,2007-12-11,108.17628484614758,107.52605653195421,-1,0.6502283141933702,0.006010821273055824,1,yfinance_proxy,True
7f148ff4-a737-4620-971e-6ca74e2cbadb,SMA_10_30,SPY,10,30,2007-12-11,2008-01-08,107.52605653195421,100.94904205691765,1,-6.577014475036563,-0.06116670402659126,0,yfinance_proxy,True
198c6876-610f-4dd8-9d41-f49202591d07,SMA_10_30,SPY,10,30,2008-01-08,2008-02-27,100.94904205691765,97.73755133276079,-1,3.21149072415686,0.03181298860019038,1,yfinance_proxy,True
56a6f5df-15e4-4f7e-81bb-90c9af351229,SMA_10_30,SPY,10,30,2008-02-27,2008-03-07,97.73755133276079,92.20265530911456,1,-5.534896023646226,-0.05663018919720957,0,yfinance_proxy,True
3d7aabd6-636c-4e23-add7-9623cc0034ee,SMA_10_30,SPY,10,30,2008-03-07,2008-04-02,92.20265530911456,97.8572207779908,-1,-5.654565468876243,-0.061327577279840756,0,yfinance_proxy,True
8a30bbef-ae4a-4ec4-8459-7ae7543f8626,SMA_10_30,SPY,10,30,2008-04-02,2008-06-03,97.8572207779908,99.46381442774596,1,1.6065936497551547,0.0164177322529938,1,yfinance_proxy,True
4bc9511c-a461-49f4-b2cf-29ce9fde9644,SMA_10_30,SPY,10,30,2008-06-03,2008-08-06,99.46381442774596,91.86680074852994,-1,7.597013679216019,0.07637967358204183,1,yfinance_proxy,True
6bf65574-11d1-4d4d-863e-5ea3c86ddb06,SMA_10_30,SPY,10,30,2008-08-06,2008-09-08,91.86680074852994,91.88112101381073,1,0.014320265280787225,0.00015588074433969422,1,yfinance_proxy,True
63cbad8a-d7ee-4362-a53a-1f20aec888e6,SMA_10_30,SPY,10,30,2008-09-08,2008-12-17,91.88112101381073,65.56384777713166,-1,26.31727323667907,0.2864274286849776,1,yfinance_proxy,True
436cc9e5-a8a4-42d7-b6e2-0bf84ca0bf3c,SMA_10_30,SPY,10,30,2008-12-17,2009-01-21,65.56384777713166,59.62035564684974,1,-5.943492130281918,-0.0906519725700873,0,yfinance_proxy,True
984fdbbf-aea1-4aa3-9304-fe383b8f4df5,SMA_10_30,SPY,10,30,2009-01-21,2009-03-24,59.62035564684974,59.53411600842644,-1,0.08623963842330085,0.0014464797716760623,1,yfinance_proxy,True
7458aa6d-e9e5-4743-97ea-c860c1499395,SMA_10_30,SPY,10,30,2009-03-24,2009-06-26,59.53411600842644,67.6305650113372,1,8.09644900291076,0.13599679554769556,1,yfinance_proxy,True
06989ac5-62dc-4e7e-ab0a-55bbf807584d,SMA_10_30,SPY,10,30,2009-06-26,2009-07-23,67.6305650113372,70.46048026182896,-1,-2.8299152504917657,-0.0418437321944209,0,yfinance_proxy,True
60080ddf-6a04-4463-aa65-114ddf26bd47,SMA_10_30,SPY,10,30,2009-07-23,2009-11-04,70.46048026182896,78.1267209501022,1,7.666240688273234,0.1088019931142354,1,yfinance_proxy,True
b42e6db1-d6fc-4652-bdf7-9acdc19f0926,SMA_10_30,SPY,10,30,2009-11-04,2009-11-16,78.1267209501022,81.73283770841321,-1,-3.6061167583110176,-0.04615727774642128,0,yfinance_proxy,True
fd1b1a7d-9060-4538-a42b-3ad1e2b7bcbb,SMA_10_30,SPY,10,30,2009-11-16,2010-01-28,81.73283770841321,82.03138057356128,1,0.2985428651480646,0.0036526673185278864,1,yfinance_proxy,True
e7bf0515-f0b6-413f-a7a5-e95479c982d0,SMA_10_30,SPY,10,30,2010-01-28,2010-02-26,82.03138057356128,82.46316675656499,-1,-0.43178618300370886,-0.005263670804814829,0,yfinance_proxy,True
e25358ce-17aa-4ba0-b366-e9794b95fa7c,SMA_10_30,SPY,10,30,2010-02-26,2010-05-07,82.46316675656499,84.20061964084769,1,1.7374528842827033,0.021069441698882887,1,yfinance_proxy,True
32aa536a-7ecc-43a1-8f9d-31d14c90da0e,SMA_10_30,SPY,10,30,2010-05-07,2010-06-23,84.20061964084769,82.3480002358592,-1,1.8526194049884879,0.022002443840564552,1,yfinance_proxy,True
1feed986-8eb3-47b2-90f3-60396b4c74e6,SMA_10_30,SPY,10,30,2010-06-23,2010-07-02,82.3480002358592,77.44345358892834,1,-4.904546646930868,-0.059558782640542346,0,yfinance_proxy,True
d31447a4-6cd0-4fe7-9252-b6b0562b0dbb,SMA_10_30,SPY,10,30,2010-07-02,2010-07-21,77.44345358892834,81.89734556854359,-1,-4.45389197961525,-0.05751153613650306,0,yfinance_proxy,True
326dbee1-b582-4615-8356-7aca93c2594b,SMA_10_30,SPY,10,30,2010-07-21,2010-08-20,81.89734556854359,80.78573784652082,1,-1.111607722022768,-0.013573183774221514,0,yfinance_proxy,True
df61f407-7208-48b4-8a1f-baad46621331,SMA_10_30,SPY,10,30,2010-08-20,2010-09-14,80.78573784652082,84.49605631759574,-1,-3.7103184710749275,-0.04592788987239187,0,yfinance_proxy,True
8d1362eb-bc2b-4f90-b80d-17c2b9765fce,SMA_10_30,SPY,10,30,2010-09-14,2010-11-29,84.49605631759574,89.47900437556903,1,4.982948057973289,0.058972551798676345,1,yfinance_proxy,True
18ce20c5-5960-47dc-8a63-080bbb66735e,SMA_10_30,SPY,10,30,2010-11-29,2010-12-03,89.47900437556903,92.2275690222423,-1,-2.748564646673273,-0.030717425454766564,0,yfinance_proxy,True
f43208b7-eec2-4d7b-93d6-a594fd712d21,SMA_10_30,SPY,10,30,2010-12-03,2011-03-14,92.2275690222423,98.67129277703275,1,6.44372375479044,0.06986765262387457,1,yfinance_proxy,True
730ddca7-01ac-464b-a2bf-2802d04a3293,SMA_10_30,SPY,10,30,2011-03-14,2011-04-04,98.67129277703275,101.72242758807074,-1,-3.051134811037997,-0.03092221379862366,0,yfinance_proxy,True
cf5effc4-2cc0-4e08-9584-09cd361613e6,SMA_10_30,SPY,10,30,2011-04-04,2011-05-25,101.72242758807074,100.19011542445247,1,-1.532312163618272,-0.015063660983627275,0,yfinance_proxy,True
3a0f96b1-16d8-47ff-9c05-98781b69c4c2,SMA_10_30,SPY,10,30,2011-05-25,2011-07-06,100.19011542445247,102.27274879907833,-1,-2.082633374625857,-0.02078681480506178,0,yfinance_proxy,True
4dd177b3-e95a-42bb-9163-87c74f992756,SMA_10_30,SPY,10,30,2011-07-06,2011-08-04,102.27274879907833,95.323780428187,1,-6.948968370891322,-0.06794545421423097,0,yfinance_proxy,True
6fd00fc9-648d-4a9e-bb5e-5dd1f09f972a,SMA_10_30,SPY,10,30,2011-08-04,2011-09-12,95.323780428187,87.7006371654111,-1,7.623143262775912,0.07997105474135988,1,yfinance_proxy,True
6a92260a-ec5e-4612-a394-095bf31a88a9,SMA_10_30,SPY,10,30,2011-09-12,2011-09-30,87.7006371654111,88.13899394583163,1,0.43835678042053416,0.004998330623228595,1,yfinance_proxy,True
6febe682-30a8-47bd-8eb3-b43c0fd76556,SMA_10_30,SPY,10,30,2011-09-30,2011-10-17,88.13899394583163,93.94560534543294,-1,-5.806611399601309,-0.06588016426838193,0,yfinance_proxy,True
ad0497ab-307f-4ced-9f1f-3df614f2b952,SMA_10_30,SPY,10,30,2011-10-17,2011-11-23,93.94560534543294,90.92676696083585,1,-3.018838384597089,-0.03213389677459613,0,yfinance_proxy,True
ce9bcd94-341a-4d22-8579-a43dfb72b8dd,SMA_10_30,SPY,10,30,2011-11-23,2011-12-12,90.92676696083585,96.22512196300083,-1,-5.298355002164982,-0.05827057509310871,0,yfinance_proxy,True
557f8985-d2f3-47f5-98b3-5e4300699307,SMA_10_30,SPY,10,30,2011-12-12,2012-04-17,96.22512196300083,107.2931928245495,1,11.068070861548662,0.11502267428462606,1,yfinance_proxy,True
6b587704-d5ff-4408-8592-6346913f9c01,SMA_10_30,SPY,10,30,2012-04-17,2012-05-08,107.2931928245495,106.07891690389658,-1,1.2142759206529092,0.011317362161442489,1,yfinance_proxy,True
ec655ef5-e4b3-46ed-8625-44a083285eed,SMA_10_30,SPY,10,30,2012-05-08,2012-05-10,106.07891690389658,106.39030750343154,1,0.31139059953495973,0.0029354617168373585,1,yfinance_proxy,True
f0a600ab-f182-4a1c-895b-2d24501eba73,SMA_10_30,SPY,10,30,2012-05-10,2012-06-20,106.39030750343154,106.18259032944984,-1,0.20771717398170608,0.0019524069330752363,1,yfinance_proxy,True
4ccc6501-4980-4538-a699-75cbaaec50c8,SMA_10_30,SPY,10,30,2012-06-20,2012-10-19,106.18259032944984,114.48955455148528,1,8.306964222035447,0.07823282702241163,1,yfinance_proxy,True
9b2ae79a-54bf-4e52-aaf3-9f1d99ecac63,SMA_10_30,SPY,10,30,2012-10-19,2012-12-04,114.48955455148528,111.25662591791983,-1,3.23292863356545,0.02823776060821008,1,yfinance_proxy,True
bc3a75db-e8c7-4b34-af41-0a514cc7ec56,SMA_10_30,SPY,10,30,2012-12-04,2013-06-13,111.25662591791983,128.63314384090535,1,17.376517922985514,0.15618411739184984,1,yfinance_proxy,True
b1f0e3ba-2a1b-4dc2-9e4a-c4709ba9c93d,SMA_10_30,SPY,10,30,2013-06-13,2013-07-11,128.63314384090535,133.6733291432562,-1,-5.040185302350864,-0.03918263327672852,0,yfinance_proxy,True
e8636d88-e7c5-448b-9a83-6a4c86d29028,SMA_10_30,SPY,10,30,2013-07-11,2013-08-20,133.6733291432562,132.0175034695578,1,-1.6558256736984163,-0.01238710582216357,0,yfinance_proxy,True
6617006f-87e1-4c61-87ef-c55eed300340,SMA_10_30,SPY,10,30,2013-08-20,2013-09-17,132.0175034695578,136.3530260165623,-1,-4.335522547004501,-0.03284051306124145,0,yfinance_proxy,True
3b26e8d0-c6a7-4a15-ad93-36421f684219,SMA_10_30,SPY,10,30,2013-09-17,2013-10-14,136.3530260165623,136.0128529076959,1,-0.34017310886639507,-0.0024947969165354314,0,yfinance_proxy,True
090b3bf6-32cf-4fd5-80a2-a992d199265f,SMA_10_30,SPY,10,30,2013-10-14,2013-10-18,136.0128529076959,139.75058635933587,-1,-3.7377334516399685,-0.027480737090167157,0,yfinance_proxy,True
834a04ab-06ea-4f40-84ad-02a7d78424f0,SMA_10_30,SPY,10,30,2013-10-18,2014-01-30,139.75058635933587,144.5259932291866,1,4.775406869850741,0.034170925462680364,1,yfinance_proxy,True
6524c164-afd7-41bf-bc14-404d8ab5e520,SMA_10_30,SPY,10,30,2014-01-30,2014-02-21,144.5259932291866,149.0678408118007,-1,-4.541847582614082,-0.03142581816000189,0,yfinance_proxy,True
b72b396a-00f4-4c1c-bc2e-4b860165b118,SMA_10_30,SPY,10,30,2014-02-21,2014-04-15,149.0678408118007,148.80853320629592,1,-0.25930760550477316,-0.0017395274801903855,0,yfinance_proxy,True
370e77af-a588-468b-b36d-6dc709793ae1,SMA_10_30,SPY,10,30,2014-04-15,2014-04-29,148.80853320629592,152.1853519986643,-1,-3.3768187923683683,-0.022692373344524702,0,yfinance_proxy,True
453bd619-4056-462b-9138-8b1774e067e9,SMA_10_30,SPY,10,30,2014-04-29,2014-08-05,152.1853519986643,157.49848403427856,1,5.313132035614274,0.03491224329961077,1,yfinance_proxy,True
93ef5fe8-8c3f-4178-bebb-30593a7724c1,SMA_10_30,SPY,10,30,2014-08-05,2014-08-22,157.49848403427856,162.58796168107062,-1,-5.089477646792062,-0.03231445482157383,0,yfinance_proxy,True
c21c597c-3c28-4b84-b91a-c50ee1531e59,SMA_10_30,SPY,10,30,2014-08-22,2014-10-01,162.58796168107062,161.1846892638739,1,-1.4032724171967175,-0.008630850665004026,0,yfinance_proxy,True
d286d4ad-5458-4c04-bb0f-a223d27a01e8,SMA_10_30,SPY,10,30,2014-10-01,2014-10-31,161.1846892638739,165.34750536131352,-1,-4.162816097439617,-0.02582637418262916,0,yfinance_proxy,True
1bd69bf7-735a-4e60-a3d3-277a32489399,SMA_10_30,SPY,10,30,2014-10-31,2014-12-17,165.34750536131352,162.61049107357402,1,-2.7370142877394983,-0.016553103004237277,0,yfinance_proxy,True
0bc9ed9e-e88c-493e-9470-0bc296dddae6,SMA_10_30,SPY,10,30,2014-12-17,2014-12-30,162.61049107357402,171.55813172189147,-1,-8.947640648317446,-0.05502499001905748,0,yfinance_proxy,True
30b9a196-423b-4179-986f-b43088387c80,SMA_10_30,SPY,10,30,2014-12-30,2015-01-13,171.55813172189147,168.18810419723846,1,-3.370027524653011,-0.01964364784594459,0,yfinance_proxy,True
f99371e5-796b-40e3-9f84-547760621b3c,SMA_10_30,SPY,10,30,2015-01-13,2015-02-12,168.18810419723846,171.2944882673973,-1,-3.106384070158839,-0.01846970143926412,0,yfinance_proxy,True
5cb261e5-aa9b-4813-adf0-a7b551810ade,SMA_10_30,SPY,10,30,2015-02-12,2015-03-17,171.2944882673973,171.12972873213545,1,-0.16475953526185094,-0.0009618496013990536,0,yfinance_proxy,True
e9d9a30b-9672-4013-9ad2-b0fc877db8e5,SMA_10_30,SPY,10,30,2015-03-17,2015-04-14,171.12972873213545,172.85363907821247,-1,-1.7239103460770195,-0.010073704661657051,0,yfinance_proxy,True
e39f9d36-0d4d-428f-ba3b-4b56eb551225,SMA_10_30,SPY,10,30,2015-04-14,2015-06-09,172.85363907821247,172.5226287841797,1,-0.3310102940327795,-0.0019149744014530386,0,yfinance_proxy,True
fb61e844-540f-4724-8f73-5f5d7fda78f8,SMA_10_30,SPY,10,30,2015-06-09,2015-07-21,172.5226287841797,176.67182277991859,-1,-4.149193995738898,-0.02405014359553614,0,yfinance_proxy,True
3e175fc6-63fa-47bd-a948-9a77ec319a81,SMA_10_30,SPY,10,30,2015-07-21,2015-08-14,176.67182277991859,173.3451441216115,1,-3.326678658307088,-0.018829707001162016,0,yfinance_proxy,True
71e133af-63bc-4313-a8cd-2bd4cad48086,SMA_10_30,SPY,10,30,2015-08-14,2015-10-12,173.3451441216115,168.38601519621844,-1,4.95912892539306,0.02860840983185516,1,yfinance_proxy,True
5839229c-6b7c-4417-a4b8-0cb11b78acac,SMA_10_30,SPY,10,30,2015-10-12,2015-12-10,168.38601519621844,171.73000615979072,1,3.3439909635722813,0.019859077724926052,1,yfinance_proxy,True
fada5bd0-c0c6-4c96-8c36-4f5b60e842ed,SMA_10_30,SPY,10,30,2015-12-10,2016-02-25,171.73000615979072,162.9210839433892,-1,8.808922216401527,0.051295183721154894,1,yfinance_proxy,True
e3529266-a861-402a-bfae-4a8dd1e5b3bf,SMA_10_30,SPY,10,30,2016-02-25,2016-05-10,162.9210839433892,174.74189167967697,1,11.820807736287776,0.07255542039233667,1,yfinance_proxy,True
aec92856-890f-4989-83eb-29e7da1ba12e,SMA_10_30,SPY,10,30,2016-05-10,2016-06-02,174.74189167967697,177.3454457139702,-1,-2.6035540342932393,-0.014899426859049167,0,yfinance_proxy,True
27d54ee4-ec23-4d39-9967-78df788d5c72,SMA_10_30,SPY,10,30,2016-06-02,2016-06-27,177.3454457139702,171.29165475338166,1,-6.053790960588543,-0.03413558739113232,0,yfinance_proxy,True
0022146c-9813-4f83-a1ac-58d63b562025,SMA_10_30,SPY,10,30,2016-06-27,2016-07-13,171.29165475338166,183.06007442805392,-1,-11.76841967467226,-0.06870398731109184,0,yfinance_proxy,True
5484ede3-997c-44f8-be49-35db84c9d79a,SMA_10_30,SPY,10,30,2016-07-13,2016-09-12,183.06007442805392,180.46841340802885,1,-2.5916610200250716,-0.01415743453684459,0,yfinance_proxy,True
12f0c84c-580d-4e7d-84ba-dfe46b63e09b,SMA_10_30,SPY,10,30,2016-09-12,2016-10-05,180.46841340802885,183.9591231730412,-1,-3.4907097650123546,-0.019342497111226094,0,yfinance_proxy,True
f557f83b-258f-482b-be49-6a50ffa6d42a,SMA_10_30,SPY,10,30,2016-10-05,2016-10-13,183.9591231730412,181.1836272693632,1,-2.7754959036780065,-0.015087568671803438,0,yfinance_proxy,True
d110ac30-d16d-479e-a361-d645ebe515de,SMA_10_30,SPY,10,30,2016-10-13,2016-11-16,181.1836272693632,185.7952305613378,-1,-4.611603291974603,-0.025452649124407895,0,yfinance_proxy,True
4b44a460-ee44-4868-8e19-7d55d3be5038,SMA_10_30,SPY,10,30,2016-11-16,2017-03-28,185.7952305613378,201.2574499256847,1,15.462219364346907,0.08322183146268797,1,yfinance_proxy,True
536b8c6e-539a-436c-b97f-8ec2bfddae82,SMA_10_30,SPY,10,30,2017-03-28,2017-04-28,201.2574499256847,206.1148099683487,-1,-4.8573600426639985,-0.024135057084632653,0,yfinance_proxy,True
fcd758c2-f857-460f-b1cb-32e9d81e82af,SMA_10_30,SPY,10,30,2017-04-28,2017-07-10,206.1148099683487,209.9029790773293,1,3.7881691089805827,0.018378927305428946,1,yfinance_proxy,True
23ca2300-b468-4fac-a0f1-90b40e19bc1c,SMA_10_30,SPY,10,30,2017-07-10,2017-07-17,209.9029790773293,212.8159951790256,-1,-2.9130161016963143,-0.013877916904757912,0,yfinance_proxy,True
e36925a8-8500-4862-ac92-984d22d9c1b8,SMA_10_30,SPY,10,30,2017-07-17,2017-08-21,212.8159951790256,210.36240603007303,1,-2.453589148952574,-0.011529157603443103,0,yfinance_proxy,True
ecaa1bd3-99fa-4619-8644-e525d4cd1b71,SMA_10_30,SPY,10,30,2017-08-21,2017-09-11,210.36240603007303,215.04407066925324,-1,-4.681664639180212,-0.02225523432409748,0,yfinance_proxy,True
e958882e-181a-49ba-ba96-4740538ca219,SMA_10_30,SPY,10,30,2017-09-11,2018-02-09,215.04407066925324,228.39025925571744,1,13.346188586464194,0.06206257417341764,1,yfinance_proxy,True
d34a6d61-f5bc-4de6-8e00-da726da6eaea,SMA_10_30,SPY,10,30,2018-02-09,2018-03-09,228.39025925571744,241.43865858743482,-1,-13.048399331717377,-0.057132030824080464,0,yfinance_proxy,True
5c3e8940-0454-42bd-bdb3-e0d5be526df6,SMA_10_30,SPY,10,30,2018-03-09,2018-03-27,241.43865858743482,234.0264442135288,1,-7.412214373906011,-0.03070019696626895,0,yfinance_proxy,True
dee80658-d4f8-4abb-bd6b-e3c2e1a97737,SMA_10_30,SPY,10,30,2018-03-27,2018-04-24,234.0264442135288,235.3980851293731,-1,-1.3716409158442957,-0.005861050961372521,0,yfinance_proxy,True
9a6c97d8-eed2-4e05-a1f1-04cb71d91f30,SMA_10_30,SPY,10,30,2018-04-24,2018-07-02,235.3980851293731,238.02719794520482,1,2.629112815831718,0.011168794403687593,1,yfinance_proxy,True
b49992fb-0e35-42dc-8930-521ed7fa1d6a,SMA_10_30,SPY,10,30,2018-07-02,2018-07-16,238.02719794520482,246.97389504224088,-1,-8.946697097036065,-0.03758686895560416,0,yfinance_proxy,True
732eef59-7ac0-4295-952c-f12dcf1eb411,SMA_10_30,SPY,10,30,2018-07-16,2018-10-11,246.97389504224088,245.82065967789862,1,-1.1532353643422653,-0.004669462592979809,0,yfinance_proxy,True
66536c1c-4d58-450e-be8e-f35047ca3d97,SMA_10_30,SPY,10,30,2018-10-11,2018-11-19,245.82065967789862,242.2452926725976,-1,3.5753670053010183,0.01454461561524511,1,yfinance_proxy,True
5123eea5-5a12-4ad6-adc9-a49401878244,SMA_10_30,SPY,10,30,2018-11-19,2018-11-23,242.2452926725976,233.48885503701393,1,-8.756437635583666,-0.03614698778654195,0,yfinance_proxy,True
2f828731-e7d4-4f7c-90c8-4e4facf24928,SMA_10_30,SPY,10,30,2018-11-23,2019-01-17,233.48885503701393,232.02353358017845,-1,1.4653214568354826,0.006275766167096891,1,yfinance_proxy,True
1e17d345-523f-4006-964f-433651536a84,SMA_10_30,SPY,10,30,2019-01-17,2019-05-14,232.02353358017845,252.74606346082595,1,20.7225298806475,0.08931218984942571,1,yfinance_proxy,True
9d466208-8f06-469d-be35-03adbaf82e45,SMA_10_30,SPY,10,30,2019-05-14,2019-06-17,252.74606346082595,259.4952175357084,-1,-6.749154074882426,-0.026703300468727192,0,yfinance_proxy,True
ad4d8572-1bf5-4339-8ecc-198677c7abe2,SMA_10_30,SPY,10,30,2019-06-17,2019-08-07,259.4952175357084,256.14586625780424,1,-3.349351277904134,-0.012907179213980078,0,yfinance_proxy,True
765afaf1-ed68-4cea-bf1d-820f90d455fa,SMA_10_30,SPY,10,30,2019-08-07,2019-09-10,256.14586625780424,267.8183200125535,-1,-11.672453754749256,-0.045569557398210093,0,yfinance_proxy,True
9c7f98f7-86b8-48e0-a7fc-87c9656bd76c,SMA_10_30,SPY,10,30,2019-09-10,2019-10-08,267.8183200125535,263.33679390363403,1,-4.481526108919468,-0.016733456130668747,0,yfinance_proxy,True
71c2302d-eb74-4e5c-b9ab-5ca8c8b407dd,SMA_10_30,SPY,10,30,2019-10-08,2019-10-23,263.33679390363403,270.29482812041203,-1,-6.958034216778003,-0.02642256751756551,0,yfinance_proxy,True
861a3319-e018-46d6-934f-21c369af4768,SMA_10_30,SPY,10,30,2019-10-23,2020-02-28,270.29482812041203,262.5037337575844,1,-7.791094362827607,-0.02882443003813894,0,yfinance_proxy,True
423001ea-b3f0-42d7-9963-353d5039d74d,SMA_10_30,SPY,10,30,2020-02-28,2020-04-15,262.5037337575844,253.86783290758441,-1,8.635900850000013,0.03289820196605298,1,yfinance_proxy,True
03c91367-7a63-466e-96be-cc12fbc7167a,SMA_10_30,SPY,10,30,2020-04-15,2020-09-18,253.86783290758441,309.3151581691173,1,55.44732526153288,0.21841020434328673,1,yfinance_proxy,True
9921c7ac-1495-4bf4-a0bc-fe3325848a19,SMA_10_30,SPY,10,30,2020-09-18,2020-10-12,309.3151581691173,322.4304166025766,-1,-13.115258433459303,-0.04240095607047026,0,yfinance_proxy,True
51e0b95f-df06-4a45-872c-aa7ed6e23adc,SMA_10_30,SPY,10,30,2020-10-12,2020-11-03,322.4304166025766,307.7656564080065,1,-14.664760194570079,-0.04548193792971358,0,yfinance_proxy,True
19576061-a552-49c6-97d0-6431df37442a,SMA_10_30,SPY,10,30,2020-11-03,2020-11-12,307.7656564080065,327.9550049012143,-1,-20.189348493207774,-0.06559974471759335,0,yfinance_proxy,True
36b5ea84-7ad1-4226-97b4-398fbe68e661,SMA_10_30,SPY,10,30,2020-11-12,2021-03-08,327.9550049012143,356.28821695684354,1,28.333212055629247,0.08639359556096331,1,yfinance_proxy,True
536b6747-df6b-4cb9-aaff-74b813d96b08,SMA_10_30,SPY,10,30,2021-03-08,2021-03-18,356.28821695684354,365.38376607216964,-1,-9.095549115326094,-0.02552862733719824,0,yfinance_proxy,True
c5730732-8d13-48b7-923b-4f3b3956fbb4,SMA_10_30,SPY,10,30,2021-03-18,2021-05-20,365.38376607216964,382.6756265415183,1,17.29186046934865,0.04732520181516003,1,yfinance_proxy,True
0893fe3c-9fed-46a7-b7d9-3b0cea80e4a1,SMA_10_30,SPY,10,30,2021-05-20,2021-05-28,382.6756265415183,391.19704397355315,-1,-8.521417432034866,-0.022267991063471448,0,yfinance_proxy,True
8d3bcba8-5794-4c71-b96b-963010bc7862,SMA_10_30,SPY,10,30,2021-05-28,2021-09-21,391.19704397355315,408.2875666376567,1,17.09052266410356,0.043687760240997534,1,yfinance_proxy,True
26270020-3b7a-4806-9c9f-b09b0ae276e2,SMA_10_30,SPY,10,30,2021-09-21,2021-10-20,408.2875666376567,421.9430117230665,-1,-13.65544508540978,-0.03344565497760697,0,yfinance_proxy,True
ce0b9751-a77e-4b33-828e-5043e1d60562,SMA_10_30,SPY,10,30,2021-10-20,2021-12-06,421.9430117230665,426.6195745975937,1,4.676562874527235,0.011083399285201575,1,yfinance_proxy,True
a355cada-96a3-4bb8-abb3-a67b4e2ae577,SMA_10_30,SPY,10,30,2021-12-06,2021-12-17,426.6195745975937,433.20542255890297,-1,-6.585847961309241,-0.015437285003908462,0,yfinance_proxy,True
6f324724-b15f-4dad-b5d5-2dbeabead995,SMA_10_30,SPY,10,30,2021-12-17,2022-01-19,433.20542255890297,429.99552299874756,1,-3.2098995601554066,-0.007409647693684989,0,yfinance_proxy,True
937f5f68-1f94-458d-abaa-516a5e14da80,SMA_10_30,SPY,10,30,2022-01-19,2022-03-24,429.99552299874756,419.8544419508937,-1,10.141081047853845,0.02358415496312826,1,yfinance_proxy,True
35fe908a-01c7-42f2-ba0e-8efc0b2dc5a2,SMA_10_30,SPY,10,30,2022-03-24,2022-04-22,419.8544419508937,411.3526468930056,1,-8.501795057888103,-0.020249386950352843,0,yfinance_proxy,True
9153ebcd-5c6d-413a-bf4f-adbee04d7d0b,SMA_10_30,SPY,10,30,2022-04-22,2022-06-08,411.3526468930056,389.7167817640161,-1,21.635865128989508,0.05259687835342185,1,yfinance_proxy,True
4b7157f0-7298-4b4f-9218-acef1aa7539b,SMA_10_30,SPY,10,30,2022-06-08,2022-06-15,389.7167817640161,355.28597872744456,1,-34.43080303657155,-0.08834826891652901,0,yfinance_proxy,True
9e5fd3ff-7796-46bf-a0b2-7152b4611cdf,SMA_10_30,SPY,10,30,2022-06-15,2022-07-20,355.28597872744456,371.1083701548272,-1,-15.822391427382627,-0.04453424107547086,0,yfinance_proxy,True
d9ce634a-eff9-4058-acb6-ee34944c82f8,SMA_10_30,SPY,10,30,2022-07-20,2022-09-01,371.1083701548272,371.50548804103204,1,0.3971178862048532,0.001070086039932688,1,yfinance_proxy,True
7644ca10-e429-4af6-a23b-91d311f1c003,SMA_10_30,SPY,10,30,2022-09-01,2022-10-27,371.50548804103204,363.707984416407,-1,7.797503624625051,0.020988932534325933,1,yfinance_proxy,True
add3cf88-5433-4af0-99b9-ec423baafd0b,SMA_10_30,SPY,10,30,2022-10-27,2022-12-20,363.707984416407,361.7154089937889,1,-1.9925754226180743,-0.005478503381814096,0,yfinance_proxy,True
aea90eef-4809-4341-a6ce-4186d9f2d2eb,SMA_10_30,SPY,10,30,2022-12-20,2023-01-18,361.7154089937889,380.58182787980417,-1,-18.866418886015254,-0.0521581840776355,0,yfinance_proxy,True
c93ffda5-bfc0-4bfd-82b0-23183560c9c7,SMA_10_30,SPY,10,30,2023-01-18,2023-03-01,380.58182787980417,377.1481633851746,1,-3.433664494629568,-0.00902214515537508,0,yfinance_proxy,True
7b697166-f5b0-4dc4-934b-8b48eb3aad63,SMA_10_30,SPY,10,30,2023-03-01,2023-03-31,377.1481633851746,387.4440026260915,-1,-10.295839240916905,-0.027299189656670688,0,yfinance_proxy,True
87177817-54cd-4f83-8943-9f10294c273b,SMA_10_30,SPY,10,30,2023-03-31,2023-05-16,387.4440026260915,394.3376626382598,1,6.893660012168311,0.017792661559975515,1,yfinance_proxy,True
263be2df-f978-4952-979e-eb9f60ee16b0,SMA_10_30,SPY,10,30,2023-05-16,2023-05-18,394.3376626382598,397.2483654807399,-1,-2.9107028424800774,-0.007381244852460797,0,yfinance_proxy,True
35c10cc6-eb78-4402-8525-c923619ba21b,SMA_10_30,SPY,10,30,2023-05-18,2023-08-15,397.2483654807399,428.87096931262596,1,31.622603831886067,0.07960411314371853,1,yfinance_proxy,True
f7418e0f-352f-4ad5-8166-385739243d05,SMA_10_30,SPY,10,30,2023-08-15,2023-09-11,428.87096931262596,430.7640781970579,-1,-1.8931088844319675,-0.004414168875702062,0,yfinance_proxy,True
9b8acff7-48cd-4c62-9252-cf17a5544a70,SMA_10_30,SPY,10,30,2023-09-11,2023-09-25,430.7640781970579,413.89252886532853,1,-16.871549331729398,-0.03916656514708572,0,yfinance_proxy,True
3ab45184-5676-4bc3-b6ea-a8156525e947,SMA_10_30,SPY,10,30,2023-09-25,2023-11-10,413.89252886532853,420.4600443494357,-1,-6.567515484107162,-0.015867683096652575,0,yfinance_proxy,True
b19faa4f-dd8f-4161-94f8-733572f0b9d1,SMA_10_30,SPY,10,30,2023-11-10,2024-04-17,420.4600443494357,491.5368440989878,1,71.0767997495521,0.1690453128775338,1,yfinance_proxy,True
2ddf985e-ea7f-446c-be33-08b04b7a4d29,SMA_10_30,SPY,10,30,2024-04-17,2024-05-10,491.5368440989878,506.8448931772194,-1,-15.30804907823159,-0.03114323831877146,0,yfinance_proxy,True
0957e5d0-2b63-461b-b971-042d86402eb0,SMA_10_30,SPY,10,30,2024-05-10,2024-07-31,506.8448931772194,534.9559286681133,1,28.111035490893926,0.05546279713834434,1,yfinance_proxy,True
8bbaf9d4-f625-4f48-8100-798bcbd282c3,SMA_10_30,SPY,10,30,2024-07-31,2024-08-22,534.9559286681133,548.1890532625708,-1,-13.233124594457536,-0.024736850056796673,0,yfinance_proxy,True
a250c4f8-792f-460c-ae6a-a57e23b25bf9,SMA_10_30,SPY,10,30,2024-08-22,2024-12-27,548.1890532625708,586.0271828680434,1,37.838129605472545,0.06902386937549607,1,yfinance_proxy,True
eae23abe-6ea5-4a4c-ba3b-dc8f900ed647,SMA_10_30,SPY,10,30,2024-12-27,2025-01-27,586.0271828680434,583.3498201579582,-1,2.6773627100851627,0.004568666417455295,1,yfinance_proxy,True
b71d4da6-a2ad-4004-a21c-e05d7b5e058f,SMA_10_30,SPY,10,30,2025-01-27,2025-03-03,583.3498201579582,584.6933298193593,1,1.3435096614010718,0.0023030943268951025,1,yfinance_proxy,True
644a709b-a48c-4582-8450-9c98a3a0584e,SMA_10_30,SPY,10,30,2025-03-03,2025-05-05,584.6933298193593,553.3907039776933,-1,31.302625841665986,0.053536827333633026,1,yfinance_proxy,True
865315a1-6775-4c79-b1da-24c723f4d314,SMA_10_30,SPY,10,30,2025-05-05,2025-11-20,553.3907039776933,665.7276649913678,1,112.33696101367445,0.20299755707172606,1,yfinance_proxy,True
0c0bd785-51a4-46f1-9c6c-ebc003493a38,SMA_10_30,SPY,10,30,2025-11-20,2025-12-08,665.7276649913678,679.2617413091358,-1,-13.53407631776804,-0.02032974897917684,0,yfinance_proxy,True
b5470a27-0529-4bc6-a24d-17e067c24497,SMA_10_30,SPY,10,30,2025-12-08,2026-02-13,679.2617413091358,676.4068370573647,1,-2.8549042517711314,-0.004202951643160259,0,yfinance_proxy,True
8b31577d-d3ee-470b-a034-83afdcb39afe,SMA_10_30,SPY,10,30,2026-02-13,2026-04-15,676.4068370573647,691.7557051691649,-1,-15.348868111800243,-0.022691769613940992,0,yfinance_proxy,True
3993dad7-54a0-4ec2-8d37-79ecfdbe5a6e,SMA_10_30,SPY,10,30,2026-04-15,2026-06-18,691.7557051691649,745.907751654771,1,54.15204648560609,0.07828203812553092,1,yfinance_proxy,True
f4c70ac0-bc36-4cac-8b12-c16bb3d8d066,SMA_10_30,SPY,10,30,2026-06-18,2026-07-13,745.907751654771,750.6060836597362,-1,-4.698332004965209,-0.006298811072203123,0,yfinance_proxy,True
e61cfccd-1777-4964-aa45-7f354927120c,SMA_10_30,SPY,10,30,2026-07-13,2026-07-29,750.6060836597362,738.1370526174048,1,-12.46903104233138,-0.016611950414172003,0,yfinance_proxy,True
2f400bca-370b-44ac-a7d7-6a3c47c1b566,SMA_10_30,SPY,10,30,2026-07-29,2026-08-05,738.1370526174048,773.928165423025,-1,-35.79111280562017,-0.04848843812772479,0,yfinance_proxy,True
62a94ea1-0880-444f-a0c4-06353d7cdecf,SMA_10_30,SPY,10,30,2026-08-05,2026-09-11,773.928165423025,762.8257171109622,1,-11.102448312062847,-0.014345579871736944,0,yfinance_proxy,True
7070e2d1-9717-4164-8b5c-be62a12a373a,SMA_10_30,SPY,10,30,2026-09-11,2026-09-29,762.8257171109622,766.8300170898438,-1,-4.0042999788815905,-0.005249298613118358,0,yfinance_proxy,True
b239b6bd-1246-486a-9508-5af94d103d71,SMA_20_50,SPY,20,50,2000-03-24,2000-05-09,95.79874827253367,89.64977202991214,1,-6.148976242621529,-0.06418639443104805,0,yfinance_proxy,True
d43cf340-1560-4ace-b9e6-f96fba1aef85,SMA_20_50,SPY,20,50,2000-05-09,2000-06-20,89.64977202991214,93.07999678669371,-1,-3.43022475678157,-0.03826250395413227,0,yfinance_proxy,True
74e3f20c-19c1-45a7-956c-f9692327b664,SMA_20_50,SPY,20,50,2000-06-20,2000-08-14,93.07999678669371,92.82479101528003,1,-0.25520577141368506,-0.00274178964572298,0,yfinance_proxy,True
e7930217-e2eb-49c7-a3a8-5a1bfdad47cd,SMA_20_50,SPY,20,50,2000-08-14,2000-08-25,92.82479101528003,94.94468404596503,-1,-2.119893030685006,-0.02283757396594674,0,yfinance_proxy,True
7e0880c1-1c43-4ec1-9ad2-d3c920686d4f,SMA_20_50,SPY,20,50,2000-08-25,2000-09-28,94.94468404596503,90.1653076171875,1,-4.779376428777539,-0.05033853634673982,0,yfinance_proxy,True
7451ea07-c30a-4291-857d-9a913d9b57e1,SMA_20_50,SPY,20,50,2000-09-28,2001-01-31,90.1653076171875,86.78628603084644,-1,3.3790215863410538,0.03747585047552079,1,yfinance_proxy,True
2f7ced72-5008-49a7-9819-e31f73e74916,SMA_20_50,SPY,20,50,2001-01-31,2001-02-27,86.78628603084644,80.09100503486006,1,-6.69528099598638,-0.0771467624920218,0,yfinance_proxy,True
ee53f33a-bd87-417e-a371-b4d7578a5833,SMA_20_50,SPY,20,50,2001-02-27,2001-05-03,80.09100503486006,79.88230981838238,-1,0.20869521647767897,0.002605726028620108,1,yfinance_proxy,True
c738a8aa-09df-4b7d-b601-bbd981ef889e,SMA_20_50,SPY,20,50,2001-05-03,2001-06-25,79.88230981838238,78.29938684230491,1,-1.5829229760774695,-0.019815688600847266,0,yfinance_proxy,True
95242086-be2f-4922-aba6-d69db5965527,SMA_20_50,SPY,20,50,2001-06-25,2001-11-06,78.29938684230491,70.3500543573044,-1,7.949332485000511,0.10152483698257407,1,yfinance_proxy,True
7f27d735-e3af-428b-b631-e8dd2ce64eb6,SMA_20_50,SPY,20,50,2001-11-06,2002-01-30,70.3500543573044,70.61761118219803,1,0.26755682489363153,0.003803221295817681,1,yfinance_proxy,True
7f48330e-e8d5-4f2e-a76c-ba64de953301,SMA_20_50,SPY,20,50,2002-01-30,2002-03-15,70.61761118219803,74.3997490608624,-1,-3.782137878664372,-0.053557998002880754,0,yfinance_proxy,True
1e681e75-55f8-4d48-b6cb-fd558a674943,SMA_20_50,SPY,20,50,2002-03-15,2002-04-22,74.3997490608624,72.096577600974,1,-2.3031714598884037,-0.030956710055625374,0,yfinance_proxy,True
bfde86c2-abd7-4844-8bff-47c52d7d7643,SMA_20_50,SPY,20,50,2002-04-22,2002-09-03,72.096577600974,58.41091386992462,-1,13.685663731049381,0.18982404139616874,1,yfinance_proxy,True
2ddc7f4a-e504-4f0b-a8e8-461d89505214,SMA_20_50,SPY,20,50,2002-09-03,2002-09-25,58.41091386992462,53.91323992505303,1,-4.497673944871593,-0.07700057483927528,0,yfinance_proxy,True
06216ede-54fb-49a5-9e0b-181f593a03ed,SMA_20_50,SPY,20,50,2002-09-25,2002-11-05,53.91323992505303,58.743864855256774,-1,-4.830624930203747,-0.08959997464294474,0,yfinance_proxy,True
ec07e08c-0b31-4ae0-b339-b276d03bb55d,SMA_20_50,SPY,20,50,2002-11-05,2002-12-31,58.743864855256774,57.18052245489769,1,-1.5633424003590832,-0.026612862538260205,0,yfinance_proxy,True
3e292f50-a3ee-47a1-95b3-86f957667360,SMA_20_50,SPY,20,50,2002-12-31,2003-01-22,57.18052245489769,57.6873842809472,-1,-0.5068618260495086,-0.008864239155025318,0,yfinance_proxy,True
5d56a028-9506-404c-93de-76d29ccf6b7c,SMA_20_50,SPY,20,50,2003-01-22,2003-01-24,57.6873842809472,57.57039651792696,1,-0.11698776302024072,-0.0020279609567750686,0,yfinance_proxy,True
c34dfb93-eea0-4c39-b2b8-be9bb77943cd,SMA_20_50,SPY,20,50,2003-01-24,2003-04-01,57.57039651792696,55.623279052373164,-1,1.947117465553795,0.03382150520619531,1,yfinance_proxy,True
3705267e-638a-4ab7-9d4b-c65407f99ea7,SMA_20_50,SPY,20,50,2003-04-01,2003-08-11,55.623279052373164,64.34353965755336,1,8.7202606051802,0.15677358030204355,1,yfinance_proxy,True
035c8cd4-15de-4ac9-a541-e70dbad3721f,SMA_20_50,SPY,20,50,2003-08-11,2003-08-29,64.34353965755336,65.88238609188423,-1,-1.538846434330864,-0.02391609853173841,0,yfinance_proxy,True
548b1d08-e045-4e2b-80a3-6b79e11e1672,SMA_20_50,SPY,20,50,2003-08-29,2004-03-19,65.88238609188423,74.50133370634201,1,8.618947614457781,0.1308232461774713,1,yfinance_proxy,True
a8bbc214-403b-4a57-8bd2-6e1716a03e50,SMA_20_50,SPY,20,50,2004-03-19,2004-04-26,74.50133370634201,75.88649912462382,-1,-1.3851654182818152,-0.01859249156185108,0,yfinance_proxy,True
eb8d57d2-8739-45a2-a65d-bbb80ead00c0,SMA_20_50,SPY,20,50,2004-04-26,2004-05-10,75.88649912462382,72.53293351660099,1,-3.3535656080228335,-0.044191860827780115,0,yfinance_proxy,True
67723d7c-3020-4e79-b99b-0deea540913d,SMA_20_50,SPY,20,50,2004-05-10,2004-06-18,72.53293351660099,75.34537227576598,-1,-2.8124387591649906,-0.038774645155104516,0,yfinance_proxy,True
78cd8b0b-8b0a-46eb-878d-28ae1d87d8f5,SMA_20_50,SPY,20,50,2004-06-18,2004-07-26,75.34537227576598,72.63142764095603,1,-2.7139446348099483,-0.03602005740812909,0,yfinance_proxy,True
5ea2bd4f-0856-47cc-b8d9-332cf5db378d,SMA_20_50,SPY,20,50,2004-07-26,2004-09-10,72.63142764095603,74.84644301164163,-1,-2.2150153706855917,-0.030496651967729875,0,yfinance_proxy,True
305a01b7-d751-4e24-86f0-88f820728fa1,SMA_20_50,SPY,20,50,2004-09-10,2005-01-27,74.84644301164163,78.88019865813854,1,4.033755646496914,0.05389375211684413,1,yfinance_proxy,True
edfc6191-bf39-44c5-b30b-3e41830ad3cc,SMA_20_50,SPY,20,50,2005-01-27,2005-02-23,78.88019865813854,80.05141247376062,-1,-1.1712138156220817,-0.014848007935401423,0,yfinance_proxy,True
6485f7e6-fdd4-4600-9e5f-f59b8ab1b99d,SMA_20_50,SPY,20,50,2005-02-23,2005-04-05,80.05141247376062,79.58870476015584,1,-0.4627077136047859,-0.005780131784138762,0,yfinance_proxy,True
4b2bccd0-5739-4e5b-9a20-422a92b76b2f,SMA_20_50,SPY,20,50,2005-04-05,2005-05-25,79.58870476015584,80.64963760613253,-1,-1.0609328459766942,-0.01333019363958571,0,yfinance_proxy,True
0f77fd34-03dc-4451-8278-2ceab099594e,SMA_20_50,SPY,20,50,2005-05-25,2005-09-09,80.64963760613253,84.0146988895868,1,3.365061283454267,0.041724443944660586,1,yfinance_proxy,True
27a5522f-a63c-4d5d-aa59-8568c39a9265,SMA_20_50,SPY,20,50,2005-09-09,2005-09-29,84.0146988895868,82.8187832957214,-1,1.1959155938653936,0.014234599536410663,1,yfinance_proxy,True
e53d69f8-c348-4945-82a5-7ef674ddd1e8,SMA_20_50,SPY,20,50,2005-09-29,2005-10-06,82.8187832957214,81.61280851750112,1,-1.2059747782202805,-0.014561609458981073,0,yfinance_proxy,True
b24c5cfe-7a7b-4b8b-b103-e66a8c8ac448,SMA_20_50,SPY,20,50,2005-10-06,2005-11-17,81.61280851750112,84.27005547819583,-1,-2.6572469606947067,-0.03255919026637693,0,yfinance_proxy,True
170cb27f-f19c-4ff0-b1cc-4cc2bec6eed5,SMA_20_50,SPY,20,50,2005-11-17,2006-05-24,84.27005547819583,86.42907721456781,1,2.159021736371983,0.025620271923644477,1,yfinance_proxy,True
01570f0a-89ef-4ba9-8775-a23c1e48a3bd,SMA_20_50,SPY,20,50,2006-05-24,2006-07-26,86.42907721456781,87.43967418217153,-1,-1.0105969676037176,-0.011692789049393892,0,yfinance_proxy,True
077df4ce-4dac-48cf-a60a-6c984a9a7b1b,SMA_20_50,SPY,20,50,2006-07-26,2007-03-12,87.43967418217153,97.96182507803499,1,10.522150895863462,0.12033611737781236,1,yfinance_proxy,True
a726ab78-91cc-4fc7-bdb0-93eb78174533,SMA_20_50,SPY,20,50,2007-03-12,2007-04-13,97.96182507803499,101.48816299782307,-1,-3.5263379197880766,-0.035997062294205386,0,yfinance_proxy,True
f94385eb-445d-4a72-9263-fd1a46b10819,SMA_20_50,SPY,20,50,2007-04-13,2007-08-06,101.48816299782307,101.44022843282927,1,-0.04793456499379545,-0.0004723168059985838,0,yfinance_proxy,True
272ad894-7ae9-4a27-9cc5-0a20c4b970b1,SMA_20_50,SPY,20,50,2007-08-06,2007-09-24,101.44022843282927,107.72395291201921,-1,-6.283724479189942,-0.06194509393628623,0,yfinance_proxy,True
27c97ae3-5d09-43d2-947f-e28059f2d38a,SMA_20_50,SPY,20,50,2007-09-24,2007-11-13,107.72395291201921,102.74129929389798,1,-4.982653618121233,-0.04625390624303109,0,yfinance_proxy,True
ec24c2cc-aeaa-4b65-bfaf-5d4301c91bc9,SMA_20_50,SPY,20,50,2007-11-13,2007-12-31,102.74129929389798,104.51579782959921,-1,-1.7744985357012268,-0.017271521266488576,0,yfinance_proxy,True
261abad0-f807-4c9f-a992-f4e20cd34313,SMA_20_50,SPY,20,50,2007-12-31,2008-01-07,104.51579782959921,100.75721562761157,1,-3.758582201987636,-0.03596185725066717,0,yfinance_proxy,True
fd8118ad-fb71-4fa9-bc4e-87455a5e8226,SMA_20_50,SPY,20,50,2008-01-07,2008-04-15,100.75721562761157,95.37962237549729,-1,5.377593252114281,0.05337179296408228,1,yfinance_proxy,True
d40be30f-7594-4efb-9073-128763d2c957,SMA_20_50,SPY,20,50,2008-04-15,2008-06-17,95.37962237549729,97.87149155687334,1,2.491869181376046,0.026125802548954094,1,yfinance_proxy,True
9192911c-1974-4a63-9681-7067b0257004,SMA_20_50,SPY,20,50,2008-06-17,2008-08-26,97.87149155687334,91.14922848054452,-1,6.722263076328815,0.06868458801838627,1,yfinance_proxy,True
43a4d664-164b-4aef-9466-cc0af0748386,SMA_20_50,SPY,20,50,2008-08-26,2008-09-17,91.14922848054452,85.85332708633806,1,-5.295901394206467,-0.05810143961160196,0,yfinance_proxy,True
ce2935c5-4ffe-46e9-9c57-9686d57e7ee8,SMA_20_50,SPY,20,50,2008-09-17,2009-01-05,85.85332708633806,67.39851864673406,-1,18.454808439603994,0.21495740544853886,1,yfinance_proxy,True
0951837a-a475-4076-bc1c-3f988461edde,SMA_20_50,SPY,20,50,2009-01-05,2009-02-03,67.39851864673406,60.46440651517736,1,-6.934112131556702,-0.10288226315331205,0,yfinance_proxy,True
b8025151-8733-4c15-a452-94671ba94417,SMA_20_50,SPY,20,50,2009-02-03,2009-04-07,60.46440651517736,60.27426906617427,-1,0.19013744900308893,0.003144617800149282,1,yfinance_proxy,True
e48594bd-1693-4ac9-9580-9dce9206801e,SMA_20_50,SPY,20,50,2009-04-07,2009-07-13,60.27426906617427,65.08068727145587,1,4.806418205281602,0.07974245527564512,1,yfinance_proxy,True
2d9ba8f6-8d30-4842-907c-7657455a5a34,SMA_20_50,SPY,20,50,2009-07-13,2009-07-23,65.08068727145587,70.46048026182896,-1,-5.37979299037309,-0.08266343236256274,0,yfinance_proxy,True
9cd70f99-7668-4cb1-8876-ade2676e448f,SMA_20_50,SPY,20,50,2009-07-23,2010-02-09,70.46048026182896,79.75338495529668,1,9.292904693467719,0.13188818269383876,1,yfinance_proxy,True
9a357c80-21ad-406d-a4de-dad65a3cffc2,SMA_20_50,SPY,20,50,2010-02-09,2010-03-12,79.75338495529668,86.31946236477846,-1,-6.566077409481778,-0.08232976460074004,0,yfinance_proxy,True
2362865f-2396-4409-a2ca-936645319a38,SMA_20_50,SPY,20,50,2010-03-12,2010-05-19,86.31946236477846,83.55029488409086,1,-2.7691674806875994,-0.03208045329320219,0,yfinance_proxy,True
4add9483-3528-4ca3-a76d-7b4fcc09a15c,SMA_20_50,SPY,20,50,2010-05-19,2010-08-02,83.55029488409086,84.11301339132085,-1,-0.5627185072299881,-0.006735087027647793,0,yfinance_proxy,True
cd89b93b-dc19-4a22-a947-8caf8ccb0d93,SMA_20_50,SPY,20,50,2010-08-02,2010-09-03,84.11301339132085,83.02394399687383,1,-1.0890693944470229,-0.01294769204594206,0,yfinance_proxy,True
2c1170fd-ed00-4b20-9688-b4c4de942141,SMA_20_50,SPY,20,50,2010-09-03,2010-09-22,83.02394399687383,85.93005276923381,-1,-2.9061087723599854,-0.035003260896271225,0,yfinance_proxy,True
4d910861-ac49-423b-85f4-e9313df6e2f6,SMA_20_50,SPY,20,50,2010-09-22,2011-03-24,85.93005276923381,99.41251818553052,1,13.482465416296705,0.15690046708692276,1,yfinance_proxy,True
84608afd-287f-478a-947c-2d9822d05ecb,SMA_20_50,SPY,20,50,2011-03-24,2011-04-14,99.41251818553052,99.64120183850466,-1,-0.22868365297414073,-0.0023003506716061197,0,yfinance_proxy,True
393e51f9-3781-4a1d-a137-1eecd7e43af0,SMA_20_50,SPY,20,50,2011-04-14,2011-06-07,99.64120183850466,98.87885585083984,1,-0.7623459876648155,-0.007650911205390739,0,yfinance_proxy,True
734a3f06-2949-4bba-8fb1-8581ed82f28a,SMA_20_50,SPY,20,50,2011-06-07,2011-07-20,98.87885585083984,101.95094164412939,-1,-3.0720857932895456,-0.031069188319935968,0,yfinance_proxy,True
0ae5170d-5c7d-4d23-9aed-5b1fb852511a,SMA_20_50,SPY,20,50,2011-07-20,2011-08-09,101.95094164412939,87.39419374711323,1,-14.556747897016152,-0.142781887663461,0,yfinance_proxy,True
692fa69a-360c-4163-a2d3-64ff3a4e7b91,SMA_20_50,SPY,20,50,2011-08-09,2011-10-24,87.39419374711323,95.6244625122868,-1,-8.230268765173562,-0.0941740911185581,0,yfinance_proxy,True
f62af697-f413-4c8b-b6f4-9c18afe93709,SMA_20_50,SPY,20,50,2011-10-24,2011-12-15,95.6244625122868,94.746525792748,1,-0.8779367195387948,-0.00918108919489078,0,yfinance_proxy,True
72fa8295-2389-4c60-b024-0782ddf83984,SMA_20_50,SPY,20,50,2011-12-15,2011-12-27,94.746525792748,97.78091774898901,-1,-3.0343919562410093,-0.03202641923650635,0,yfinance_proxy,True
3682a093-b1f8-4911-a09c-6ae0b9378917,SMA_20_50,SPY,20,50,2011-12-27,2012-05-04,97.78091774898901,107.82255242329965,1,10.041634674310643,0.1026952385545028,1,yfinance_proxy,True
94a7ea64-4cb8-41d2-ac56-d500b38c9e67,SMA_20_50,SPY,20,50,2012-05-04,2012-07-09,107.82255242329965,105.92435432511678,-1,1.898198098182874,0.017604833641210366,1,yfinance_proxy,True
cf287c77-c2c0-4579-b990-a5be79751d93,SMA_20_50,SPY,20,50,2012-07-09,2012-11-06,105.92435432511678,111.91734623070472,1,5.992991905587942,0.05657803574797797,1,yfinance_proxy,True
9d3fbbc5-8149-4943-a109-7c8593b8e66d,SMA_20_50,SPY,20,50,2012-11-06,2012-12-19,111.91734623070472,114.47381597492665,-1,-2.5564697442219284,-0.02284248001156193,0,yfinance_proxy,True
860c9d08-6714-4627-b082-8272458f41a8,SMA_20_50,SPY,20,50,2012-12-19,2013-07-01,114.47381597492665,128.9938106767295,1,14.519994701802858,0.12684118702728658,1,yfinance_proxy,True
582fcd5b-5262-4923-8ba2-4555b85c24c0,SMA_20_50,SPY,20,50,2013-07-01,2013-07-22,128.9938106767295,135.51310910839192,-1,-6.519298431662406,-0.050539621997836584,0,yfinance_proxy,True
b7ca264b-f430-4be6-9c8e-b51a160b00fe,SMA_20_50,SPY,20,50,2013-07-22,2013-09-05,135.51310910839192,132.66541190052743,1,-2.847697207864485,-0.02101418251415601,0,yfinance_proxy,True
14b35f0d-5451-4940-b92a-3152e69fae69,SMA_20_50,SPY,20,50,2013-09-05,2013-09-26,132.66541190052743,136.10130596595192,-1,-3.435894065424492,-0.02589894393876172,0,yfinance_proxy,True
69dcc061-ec30-4484-872d-473655a22f2c,SMA_20_50,SPY,20,50,2013-09-26,2014-02-07,136.10130596595192,144.105664440629,1,8.004358474677076,0.05881176832116147,1,yfinance_proxy,True
bc39ddf1-7e97-40c2-987a-ded082c284f4,SMA_20_50,SPY,20,50,2014-02-07,2014-03-05,144.105664440629,151.72675545436,-1,-7.6210910137309895,-0.052885436830769766,0,yfinance_proxy,True
1687edf1-fd6a-45c0-80fc-aac7b5bad909,SMA_20_50,SPY,20,50,2014-03-05,2014-08-14,151.72675545436,159.17861268017535,1,7.45185722581536,0.049113666231773524,1,yfinance_proxy,True
326467f1-58f8-4054-b684-1e90b0ef1aeb,SMA_20_50,SPY,20,50,2014-08-14,2014-09-03,159.17861268017535,164.25189369341865,-1,-5.073281013243303,-0.03187162476052379,0,yfinance_proxy,True
a42e6ce0-2cd7-4e48-a6c0-6482b72efb43,SMA_20_50,SPY,20,50,2014-09-03,2014-10-14,164.25189369341865,154.39966264360115,1,-9.852231049817505,-0.059982450297997814,0,yfinance_proxy,True
96977b63-75e2-4a08-9e66-513e777fe0a6,SMA_20_50,SPY,20,50,2014-10-14,2014-11-12,154.39966264360115,166.63400383201974,-1,-12.234341188418597,-0.0792381341963096,0,yfinance_proxy,True
49881a4d-8277-4763-a8ab-f0f667bc24c0,SMA_20_50,SPY,20,50,2014-11-12,2015-01-26,166.63400383201974,168.67428432824417,1,2.040280496224426,0.012244082536006218,1,yfinance_proxy,True
8c1d0279-8ecd-42e7-953f-7ae73645b238,SMA_20_50,SPY,20,50,2015-01-26,2015-02-17,168.67428432824417,172.53865049954948,-1,-3.8643661713053064,-0.02291022716767636,0,yfinance_proxy,True
5a7ddd9a-d490-4f12-a5fe-c6ee1533017a,SMA_20_50,SPY,20,50,2015-02-17,2015-04-21,172.53865049954948,174.35995399162735,1,1.821303492077874,0.010555915945816613,1,yfinance_proxy,True
6262e96a-4efc-4fc3-a9b3-33ab3485c7b7,SMA_20_50,SPY,20,50,2015-04-21,2015-04-27,174.35995399162735,175.73382715305146,-1,-1.3738731614241146,-0.007879522390158964,0,yfinance_proxy,True
512cd00e-be0e-49a6-b5c1-40fd00ed2c46,SMA_20_50,SPY,20,50,2015-04-27,2015-06-26,175.73382715305146,174.89200265232557,1,-0.8418245007258918,-0.004790338401910086,0,yfinance_proxy,True
69dacef2-5401-42ea-b726-6cff5d0f5fe9,SMA_20_50,SPY,20,50,2015-06-26,2015-08-04,174.89200265232557,174.4013208619781,-1,0.4906817903474803,0.0028056273752146642,1,yfinance_proxy,True
514a1f5c-843a-4e89-b205-221dfa6622e0,SMA_20_50,SPY,20,50,2015-08-04,2015-08-20,174.4013208619781,171.74834848098652,1,-2.652972380991571,-0.015211882386436419,0,yfinance_proxy,True
51cf5798-b76c-4752-9325-99322c6aab8b,SMA_20_50,SPY,20,50,2015-08-20,2015-10-23,171.74834848098652,173.25986464451492,-1,-1.5115161635283982,-0.008800760979053789,0,yfinance_proxy,True
d4de1b22-28e8-4d83-b2a4-017d25ec77be,SMA_20_50,SPY,20,50,2015-10-23,2015-12-23,173.25986464451492,172.1381459683685,1,-1.121718676146429,-0.006474198040313086,0,yfinance_proxy,True
f68e35c9-ad9e-47fd-8463-1ec2999db09a,SMA_20_50,SPY,20,50,2015-12-23,2016-03-10,172.1381459683685,168.16030168533513,-1,3.977844283033363,0.02310844154069324,1,yfinance_proxy,True
2b1d95a5-e750-43f3-852a-aa54632a751c,SMA_20_50,SPY,20,50,2016-03-10,2016-05-27,168.16030168533513,177.1172485896185,1,8.95694690428337,0.0532643365557454,1,yfinance_proxy,True
1406a96b-81e7-4b60-803a-eb6b12c35f24,SMA_20_50,SPY,20,50,2016-05-27,2016-05-31,177.1172485896185,177.987910031557,-1,-0.8706614419384948,-0.004915734909341447,0,yfinance_proxy,True
d66e45aa-bd8e-4942-a2d5-16aa48e79f5b,SMA_20_50,SPY,20,50,2016-05-31,2016-09-20,177.987910031557,183.1051341044178,1,5.117224072860807,0.02875040260854533,1,yfinance_proxy,True
91b0081a-f4df-41fb-8342-3faba4f87c43,SMA_20_50,SPY,20,50,2016-09-20,2016-11-22,183.1051341044178,188.3145274195932,-1,-5.20939331517539,-0.02845028535466774,0,yfinance_proxy,True
d898bf99-9226-4106-9b3f-ba3be1d6433f,SMA_20_50,SPY,20,50,2016-11-22,2017-04-20,188.3145274195932,202.01665655850178,1,13.702129138908589,0.07276193359409908,1,yfinance_proxy,True
a493252d-b4dc-4af6-aaf6-e56fcaeac99f,SMA_20_50,SPY,20,50,2017-04-20,2017-05-04,202.01665655850178,206.05446428741485,-1,-4.037807728913066,-0.0199874990394357,0,yfinance_proxy,True
ca5921da-a4fd-4035-860f-8d5e8895b113,SMA_20_50,SPY,20,50,2017-05-04,2017-09-08,206.05446428741485,213.7436492217128,1,7.689184934297941,0.0373162744174894,1,yfinance_proxy,True
c2bc64a4-e540-4990-a4dd-cec5c42d6fdb,SMA_20_50,SPY,20,50,2017-09-08,2017-09-11,213.7436492217128,215.04407066925324,-1,-1.300421447540458,-0.006084023793341117,0,yfinance_proxy,True
fd942cf7-2bc5-4258-86a1-4c0a9de95ff0,SMA_20_50,SPY,20,50,2017-09-11,2018-02-26,215.04407066925324,241.63998550578174,1,26.595914836528493,0.12367657826489957,1,yfinance_proxy,True
e20825a9-c877-4150-abef-34baf09fb26b,SMA_20_50,SPY,20,50,2018-02-26,2018-05-16,241.63998550578174,238.39630995615346,-1,3.2436755496282785,0.013423587751169877,1,yfinance_proxy,True
e51f879c-6cf9-4c67-9a8d-f3c3cfa93746,SMA_20_50,SPY,20,50,2018-05-16,2018-10-19,238.39630995615346,245.86501487749734,1,7.468704921343885,0.03132894516159898,1,yfinance_proxy,True
b30ba6d1-6c7c-42ae-a972-3b25111a577b,SMA_20_50,SPY,20,50,2018-10-19,2019-02-01,245.86501487749734,241.0720544623004,-1,4.792960415196944,0.01949427582279262,1,yfinance_proxy,True
ab11a29d-7cc7-43b9-84a0-29c1d82fdb97,SMA_20_50,SPY,20,50,2019-02-01,2019-05-30,241.0720544623004,250.16473961902375,1,9.092685156723348,0.0377177071685233,1,yfinance_proxy,True
625a7722-66e7-41e8-913e-f66d79faff1e,SMA_20_50,SPY,20,50,2019-05-30,2019-06-28,250.16473961902375,263.51328434422294,-1,-13.34854472519919,-0.05335901752392327,0,yfinance_proxy,True
eac00961-1ef8-4f83-a99c-199cf9e23fe7,SMA_20_50,SPY,20,50,2019-06-28,2019-08-19,263.51328434422294,263.16203921415007,1,-0.3512451300728685,-0.0013329313964074879,0,yfinance_proxy,True
2ed72de3-5fab-4667-8cba-97d8628a77cc,SMA_20_50,SPY,20,50,2019-08-19,2019-09-19,263.16203921415007,271.57418955678503,-1,-8.412150342634959,-0.03196566787426932,0,yfinance_proxy,True
25aeebc7-3bb2-4f89-93cf-6facb22bfa4f,SMA_20_50,SPY,20,50,2019-09-19,2020-03-04,271.57418955678503,278.3431137377837,1,6.768924180998681,0.024924769883491918,1,yfinance_proxy,True
864663b2-f9fa-4742-a9d5-c2fcb98e331b,SMA_20_50,SPY,20,50,2020-03-04,2020-05-01,278.3431137377837,260.9468311402784,-1,17.39628259750532,0.062499417944622424,1,yfinance_proxy,True
9c561514-18a6-42a7-9cd8-9b009deb6508,SMA_20_50,SPY,20,50,2020-05-01,2020-10-02,260.9468311402784,305.9303537431645,1,44.983522602886126,0.17238577838373567,1,yfinance_proxy,True
c3864ad8-f8fa-438c-8609-e25db18271a8,SMA_20_50,SPY,20,50,2020-10-02,2020-10-21,305.9303537431645,316.6567571723614,-1,-10.726403429196864,-0.035061586070017504,0,yfinance_proxy,True
931698f0-3991-424a-8d62-49e0ae19151a,SMA_20_50,SPY,20,50,2020-10-21,2021-10-04,316.6567571723614,404.9859554641585,1,88.32919829179713,0.27894303939870807,1,yfinance_proxy,True
87846096-bc48-4709-9e2c-91b6aa0f4f22,SMA_20_50,SPY,20,50,2021-10-04,2021-10-29,404.9859554641585,426.3763014877547,-1,-21.39034602359618,-0.052817500792294116,0,yfinance_proxy,True
f8a8ea7e-bac5-470b-92e6-cb5575ac74f5,SMA_20_50,SPY,20,50,2021-10-29,2022-01-26,426.3763014877547,413.6546462199283,1,-12.721655267826407,-0.02983668469245767,0,yfinance_proxy,True
4ee07c60-fb86-4712-a17b-9f9d425de911,SMA_20_50,SPY,20,50,2022-01-26,2022-04-04,413.6546462199283,426.6238275552801,-1,-12.969181335351834,-0.03135267898926607,0,yfinance_proxy,True
197ba610-632a-4560-ad3d-3498a1aae27e,SMA_20_50,SPY,20,50,2022-04-04,2022-05-03,426.6238275552801,390.73361204296634,1,-35.89021551231377,-0.08412613922194317,0,yfinance_proxy,True
5d71a74c-f282-4f25-8571-25ebcc7744da,SMA_20_50,SPY,20,50,2022-05-03,2022-08-02,390.73361204296634,386.85206507545166,-1,3.88154696751468,0.009933998120151109,1,yfinance_proxy,True
e6ba95fb-3db1-4e1f-933e-74b8cc5c87af,SMA_20_50,SPY,20,50,2022-08-02,2022-09-19,386.85206507545166,362.9388950406954,1,-23.913170034756263,-0.061814766401963595,0,yfinance_proxy,True
0fa179aa-5f72-4245-b380-b6c23a563c77,SMA_20_50,SPY,20,50,2022-09-19,2022-11-14,362.9388950406954,376.6110037402308,-1,-13.672108699535386,-0.03767055249893338,0,yfinance_proxy,True
b068bf4d-856e-46cc-9020-257d77fe1248,SMA_20_50,SPY,20,50,2022-11-14,2023-01-04,376.6110037402308,365.48302557821637,1,-11.127978162014415,-0.02954767134124947,0,yfinance_proxy,True
7f051547-92e0-44ec-8f2e-9d9bf159c6c7,SMA_20_50,SPY,20,50,2023-01-04,2023-01-30,365.48302557821637,384.19682153424986,-1,-18.713795956033493,-0.051202914079052315,0,yfinance_proxy,True
45b394a6-1be6-4820-915f-418abda19eb2,SMA_20_50,SPY,20,50,2023-01-30,2023-03-15,384.19682153424986,368.06785035886526,1,-16.128971175384606,-0.04198101147993689,0,yfinance_proxy,True
cf957880-c1fa-458b-ab0b-76efd47eb225,SMA_20_50,SPY,20,50,2023-03-15,2023-04-14,368.06785035886526,395.2472246625358,-1,-27.179374303670556,-0.07384338044512916,0,yfinance_proxy,True
93ce738b-8583-46f3-928c-6d549ba3ea27,SMA_20_50,SPY,20,50,2023-04-14,2023-08-29,395.2472246625358,425.3920855016939,1,30.14486083915807,0.07626836814577487,1,yfinance_proxy,True
823f3162-1e83-4a0c-b7e1-6256ceb76409,SMA_20_50,SPY,20,50,2023-08-29,2023-11-21,425.3920855016939,437.0476678056294,-1,-11.655582303935489,-0.02739962190455252,0,yfinance_proxy,True
50aaf5ae-da1f-421c-8536-7a2d70ec225b,SMA_20_50,SPY,20,50,2023-11-21,2024-04-29,437.0476678056294,495.46093164580515,1,58.41326384017577,0.1336542170181634,1,yfinance_proxy,True
8c7956dd-45e8-44cd-9468-0bacd6aca8a8,SMA_20_50,SPY,20,50,2024-04-29,2024-05-21,495.46093164580515,514.1006672352606,-1,-18.639735589455483,-0.03762099975781874,0,yfinance_proxy,True
477aea0a-7212-4c9a-bf87-3681587f3c25,SMA_20_50,SPY,20,50,2024-05-21,2024-08-12,514.1006672352606,520.563206135425,1,6.462538900164418,0.01257057092518236,1,yfinance_proxy,True
d199c5d2-a4ee-4a0c-b9af-c49d90ac7b86,SMA_20_50,SPY,20,50,2024-08-12,2024-09-04,520.563206135425,536.144708671945,-1,-15.581502536519906,-0.02993200893354411,0,yfinance_proxy,True
f6000784-2bb9-48d2-a812-322bb7fd40a6,SMA_20_50,SPY,20,50,2024-09-04,2025-01-15,536.144708671945,578.956079102548,1,42.811370430603006,0.07985040183768434,1,yfinance_proxy,True
d08aca22-0417-44ee-94a2-4309d3246891,SMA_20_50,SPY,20,50,2025-01-15,2025-02-05,578.956079102548,589.0674493379312,-1,-10.11137023538322,-0.01746483127192838,0,yfinance_proxy,True
e2bd43d9-da4a-4846-b7dd-52c2f2994d63,SMA_20_50,SPY,20,50,2025-02-05,2025-03-10,589.0674493379312,556.6541826711317,1,-32.41326666679947,-0.055024711861484825,0,yfinance_proxy,True
e9c6b2e9-7a4f-4086-998f-412708881f54,SMA_20_50,SPY,20,50,2025-03-10,2025-05-15,556.6541826711317,576.0054901792878,-1,-19.351307508156083,-0.034763607479419104,0,yfinance_proxy,True
b17a6f93-70db-4543-9d9f-f7f67ababf17,SMA_20_50,SPY,20,50,2025-05-15,2026-03-03,576.0054901792878,669.8281968363514,1,93.82270665706358,0.16288509095262316,1,yfinance_proxy,True
4853d074-7d4d-470d-beb5-fe90c7dcbb72,SMA_20_50,SPY,20,50,2026-03-03,2026-04-24,669.8281968363514,707.1675680011435,-1,-37.33937116479217,-0.05574469892600641,0,yfinance_proxy,True
e4fc0316-44f2-4440-a50d-0bc446a9451f,SMA_50_100,SPY,50,100,2000-10-18,2001-06-19,83.51408192298932,77.72773135441318,-1,5.78635056857614,0.06928592682024447,1,yfinance_proxy,True
4f4912f4-dd43-42e2-a20b-838f90788929,SMA_50_100,SPY,50,100,2001-06-19,2001-08-14,77.72773135441318,76.30506360887453,1,-1.4226677455386465,-0.01830321972285212,0,yfinance_proxy,True
c17ba7f6-41a7-4b03-bb82-f45c63166210,SMA_50_100,SPY,50,100,2001-08-14,2001-12-21,76.30506360887453,73.58590702150178,-1,2.7191565873727512,0.03563533609395359,1,yfinance_proxy,True
5c18e2aa-b2da-4bb0-ab8a-6e653855cf54,SMA_50_100,SPY,50,100,2001-12-21,2002-03-20,73.58590702150178,74.73976498233634,1,1.1538579608345572,0.015680420443786883,1,yfinance_proxy,True
cc24e03a-31bc-4c21-96d7-ca5ad7b9a064,SMA_50_100,SPY,50,100,2002-03-20,2002-12-10,74.73976498233634,58.21361215525992,-1,16.526152827076416,0.22111593247559894,1,yfinance_proxy,True
e92dcc5a-9897-4c26-9bc4-fe3256ea9975,SMA_50_100,SPY,50,100,2002-12-10,2003-02-24,58.21361215525992,55.191938348058095,1,-3.0216738072018288,-0.051906653707431964,0,yfinance_proxy,True
4cb28747-70fd-4593-9c16-93eb08ff003a,SMA_50_100,SPY,50,100,2003-02-24,2003-05-09,55.191938348058095,60.56903886298531,-1,-5.377100514927214,-0.09742546965858476,0,yfinance_proxy,True
3abf5b7d-2ba5-44b0-90b3-bcdc075e5460,SMA_50_100,SPY,50,100,2003-05-09,2004-05-12,60.56903886298531,72.61910064680322,1,12.05006178381791,0.1989475482857941,1,yfinance_proxy,True
e7fd13fe-b035-4ef0-8839-8f5eaf9ef574,SMA_50_100,SPY,50,100,2004-05-12,2004-07-30,72.61910064680322,73.38308002954574,-1,-0.7639793827425194,-0.01052036414576763,0,yfinance_proxy,True
5e2c6d55-5038-491d-b74a-3609dd33cc9a,SMA_50_100,SPY,50,100,2004-07-30,2004-08-13,73.38308002954574,71.24117147893321,1,-2.141908550612527,-0.0291880437527308,0,yfinance_proxy,True
99f5e08a-b71a-41e7-8b57-73a70e0e6ae2,SMA_50_100,SPY,50,100,2004-08-13,2004-10-21,71.24117147893321,74.00244014888445,-1,-2.761268669951235,-0.03875945064670606,0,yfinance_proxy,True
8433ec8a-9c2a-468e-82e0-774539851426,SMA_50_100,SPY,50,100,2004-10-21,2005-04-27,74.00244014888445,77.61554797437438,1,3.6131078254899336,0.04882417144922213,1,yfinance_proxy,True
cb0a1cad-5b2a-41d9-95d3-b086bb7b1230,SMA_50_100,SPY,50,100,2005-04-27,2005-07-01,77.61554797437438,81.0429884766393,-1,-3.427440502264915,-0.04415919995045995,0,yfinance_proxy,True
f029c5a8-ae44-4c86-9cc5-3fdd6b0f5b8c,SMA_50_100,SPY,50,100,2005-07-01,2005-10-25,81.0429884766393,81.57194519042969,1,0.528956713790393,0.006526865849016231,1,yfinance_proxy,True
876ebe11-6433-459e-85c5-77c8228dde2b,SMA_50_100,SPY,50,100,2005-10-25,2005-12-14,81.57194519042969,86.66166906316657,-1,-5.089723872736883,-0.06239551920522336,0,yfinance_proxy,True
fd86e42f-a72b-412c-a893-50382fc754ce,SMA_50_100,SPY,50,100,2005-12-14,2006-06-21,86.66166906316657,85.65064965809925,1,-1.0110194050673158,-0.011666281252100012,0,yfinance_proxy,True
9f0f10d9-1beb-4ae4-853c-07c0b208b753,SMA_50_100,SPY,50,100,2006-06-21,2006-09-07,85.65064965809925,89.83655383150852,-1,-4.18590417340927,-0.048871832147433625,0,yfinance_proxy,True
f4054a29-6253-4046-b8ab-118093ba5802,SMA_50_100,SPY,50,100,2006-09-07,2007-08-28,89.83655383150852,102.81195183001898,1,12.97539799851046,0.14443338980751927,1,yfinance_proxy,True
3e00fa20-4f56-413c-a986-d13ce5935e6b,SMA_50_100,SPY,50,100,2007-08-28,2007-10-25,102.81195183001898,107.17974788622823,-1,-4.367796056209244,-0.04248334924552942,0,yfinance_proxy,True
a0e42020-6afe-48c7-8c39-60e978bc17de,SMA_50_100,SPY,50,100,2007-10-25,2007-12-27,107.17974788622823,105.87990547112379,1,-1.299842415104436,-0.012127686813410166,0,yfinance_proxy,True
2ced3bbc-f8b8-44c5-9be0-b8a1a4f00d82,SMA_50_100,SPY,50,100,2007-12-27,2008-05-21,105.87990547112379,101.2559831219234,-1,4.6239223492003845,0.043671387206342456,1,yfinance_proxy,True
cf62997e-2dbd-4a6f-93b7-fe37946e39ab,SMA_50_100,SPY,50,100,2008-05-21,2008-07-17,101.2559831219234,89.80010845882613,1,-11.455874663097276,-0.11313775551715434,0,yfinance_proxy,True
23f724d6-56b2-4422-bc7b-5235ae90c751,SMA_50_100,SPY,50,100,2008-07-17,2009-05-18,89.80010845882613,65.62385364374829,-1,24.17625481507784,0.26922300239941016,1,yfinance_proxy,True
a7f6feda-7a59-41c4-94b4-c1091277e9ac,SMA_50_100,SPY,50,100,2009-05-18,2010-06-25,65.62385364374829,80.92092639921093,1,15.297072755462636,0.23310232340980366,1,yfinance_proxy,True
94fcbb9a-3c66-4f66-88fc-f294af2a50db,SMA_50_100,SPY,50,100,2010-06-25,2010-09-22,80.92092639921093,85.93005276923381,-1,-5.009126370022884,-0.061901495607095874,0,yfinance_proxy,True
f700df50-1c70-4a4a-87bc-d6b4fa09d05e,SMA_50_100,SPY,50,100,2010-09-22,2011-07-18,85.93005276923381,100.42633528749452,1,14.496282518260713,0.16869863395977022,1,yfinance_proxy,True
48838e2c-74b8-412f-ae3f-921b54cfacc3,SMA_50_100,SPY,50,100,2011-07-18,2011-12-06,100.42633528749452,97.19548571838644,-1,3.230849569108088,0.03217133792504729,1,yfinance_proxy,True
2b968dd5-1cee-466b-844f-5349b52abc87,SMA_50_100,SPY,50,100,2011-12-06,2012-06-12,97.19548571838644,102.58396268255294,1,5.3884769641665,0.055439580597179565,1,yfinance_proxy,True
df2278cf-fde3-4379-950b-5728d61e79fb,SMA_50_100,SPY,50,100,2012-06-12,2012-08-16,102.58396268255294,110.43893975186027,-1,-7.854977069307338,-0.07657119947310517,0,yfinance_proxy,True
8a1e16c6-17f9-43e6-a623-b2346825bb78,SMA_50_100,SPY,50,100,2012-08-16,2012-12-20,110.43893975186027,113.56926820460554,1,3.1303284527452604,0.028344426882208746,1,yfinance_proxy,True
def8139b-e561-443e-a8e6-8e8b0f8d3d57,SMA_50_100,SPY,50,100,2012-12-20,2013-01-25,113.56926820460554,118.73166297218714,-1,-5.162394767581603,-0.04545591293483613,0,yfinance_proxy,True
1da0c4dc-c27b-4b47-8105-fc11d07ff2de,SMA_50_100,SPY,50,100,2013-01-25,2015-08-24,118.73166297218714,155.92996972210037,1,37.19830674991323,0.3132972773962319,1,yfinance_proxy,True
6ab9d681-4356-4a4a-8e2d-330f467639f8,SMA_50_100,SPY,50,100,2015-08-24,2015-12-01,155.92996972210037,175.09069429523274,-1,-19.16072457313237,-0.12288031997492699,0,yfinance_proxy,True
db93c35b-844a-4727-9b5b-af00f5033e9c,SMA_50_100,SPY,50,100,2015-12-01,2016-02-03,175.09069429523274,160.97000961954572,1,-14.120684675687016,-0.08064783072866874,0,yfinance_proxy,True
007361d8-cc66-4e56-a30d-1a4edd74777c,SMA_50_100,SPY,50,100,2016-02-03,2016-04-18,160.97000961954572,175.63797682421827,-1,-14.66796720467255,-0.09112236024176455,0,yfinance_proxy,True
289bf92e-13bc-4b18-b827-edf4e9c9d03b,SMA_50_100,SPY,50,100,2016-04-18,2016-11-16,175.63797682421827,185.7952305613378,1,10.157253737119532,0.05783062365427438,1,yfinance_proxy,True
168aba3f-f07f-456c-bfbe-c77707192936,SMA_50_100,SPY,50,100,2016-11-16,2016-12-08,185.7952305613378,191.78174798179285,-1,-5.986517420455044,-0.03222105003647376,0,yfinance_proxy,True
93f62850-e4f1-4beb-ab23-c47e48683fcf,SMA_50_100,SPY,50,100,2016-12-08,2018-04-16,191.78174798179285,234.75628083022704,1,42.974532848434194,0.22408041067867449,1,yfinance_proxy,True
a2cd7926-cd63-4a8a-8a23-86c83e593942,SMA_50_100,SPY,50,100,2018-04-16,2018-06-19,234.75628083022704,241.9926664764349,-1,-7.23638564620785,-0.03082509920763789,0,yfinance_proxy,True
9d72a296-9779-45f8-9bec-4d5f6f0ed7d9,SMA_50_100,SPY,50,100,2018-06-19,2018-11-19,241.9926664764349,242.2452926725976,1,0.25262619616270854,0.0010439415369114466,1,yfinance_proxy,True
a2ddd10b-f2a0-4357-9cc9-c55394bcb2d1,SMA_50_100,SPY,50,100,2018-11-19,2019-03-11,242.2452926725976,245.63218273899824,-1,-3.386890066400639,-0.013981242025528773,0,yfinance_proxy,True
e6d1f1ec-4ac5-416a-8a81-4d3261d074e3,SMA_50_100,SPY,50,100,2019-03-11,2020-03-23,245.63218273899824,208.70443213492814,1,-36.9277506040701,-0.15033759091457682,0,yfinance_proxy,True
a5c5b922-b5d9-4536-b8ab-8049221904d3,SMA_50_100,SPY,50,100,2020-03-23,2020-06-18,208.70443213492814,283.53767829923845,-1,-74.83324616431031,-0.358560886315679,0,yfinance_proxy,True
d6eaabcb-06e1-496b-9a05-a84df7806704,SMA_50_100,SPY,50,100,2020-06-18,2022-02-25,283.53767829923845,403.22691227876925,1,119.6892339795308,0.42212814429979856,1,yfinance_proxy,True
955b5021-0673-43df-95ac-b00c48fac191,SMA_50_100,SPY,50,100,2022-02-25,2022-09-12,403.22691227876925,386.53060660794216,-1,16.696305670827087,0.041406724507723744,1,yfinance_proxy,True
83a769aa-e369-4db1-9e20-681ac84c3a69,SMA_50_100,SPY,50,100,2022-09-12,2022-10-18,386.53060660794216,356.1692823447375,1,-30.361324263204665,-0.07854830573352278,0,yfinance_proxy,True
b221c14e-a3af-4df9-bcf0-cafbf99aa8e6,SMA_50_100,SPY,50,100,2022-10-18,2023-01-03,356.1692823447375,366.61802772104494,-1,-10.448745376307443,-0.029336458516358143,0,yfinance_proxy,True
622f4b3d-f44a-4a82-bcee-c20314b222b6,SMA_50_100,SPY,50,100,2023-01-03,2023-10-18,366.61802772104494,418.733685585988,1,52.115657864943046,0.14215246912134172,1,yfinance_proxy,True
454f6079-e19f-4cf2-b7f5-e500485a4b64,SMA_50_100,SPY,50,100,2023-10-18,2023-12-18,418.733685585988,456.05563220988086,-1,-37.32194662389287,-0.08913050922011077,0,yfinance_proxy,True
e4ba004f-0c0b-487c-9358-cfa9d55318ce,SMA_50_100,SPY,50,100,2023-12-18,2025-03-20,456.05563220988086,552.4763086964069,1,96.42067648652608,0.21142305823372098,1,yfinance_proxy,True
1f7f1461-3589-4f82-b192-51615d8b775c,SMA_50_100,SPY,50,100,2025-03-20,2025-06-25,552.4763086964069,599.7586945360007,-1,-47.28238583959376,-0.08558264869521501,0,yfinance_proxy,True
184299d0-0015-4fd2-83a7-5f1d9c3b0f90,SMA_50_100,SPY,50,100,2025-06-25,2026-03-31,599.7586945360007,635.7195686416,1,35.96087410559926,0.059958904194661405,1,yfinance_proxy,True
4589856d-8226-491d-a773-860f17bc8911,SMA_50_100,SPY,50,100,2026-03-31,2026-05-14,635.7195686416,739.9018102364839,-1,-104.18224159488398,-0.1638808159036219,0,yfinance_proxy,True
